warm start from runs/run100k/ckpt_100000.pt (2,773,699 params)
learner on mps, 6 workers x 48 games (cpu, 2 threads), sims=32, net 2,773,699 params, study=on, gate at 0 games
  GATE OPEN @1: study/resignation enabled
[25/60000] warmup | plies 49 decisive 96% | buffer 1229 steps 0 | 12.3 g/min eta 81.5h
[50/60000] warmup | plies 62 decisive 98% | buffer 3125 steps 0 | 18.9 g/min eta 52.8h
[75/60000] loss 2.638 (pi 1.948 v 0.171 q 0.026 c 0.018) | plies 73 decisive 97% | buffer 5439 steps 10 | 23.9 g/min eta 41.7h
[100/60000] loss 2.341 (pi 1.712 v 0.150 q 0.025 c 0.025) | plies 82 decisive 96% | buffer 8210 steps 60 | 27.3 g/min eta 36.6h
[125/60000] loss 2.054 (pi 1.508 v 0.124 q 0.023 c 0.039) | plies 90 decisive 96% | buffer 11233 steps 108 | 30.5 g/min eta 32.7h
[150/60000] loss 1.858 (pi 1.382 v 0.103 q 0.022 c 0.050) | plies 96 decisive 96% | buffer 14435 steps 155 | 33.6 g/min eta 29.7h
[175/60000] loss 1.741 (pi 1.311 v 0.090 q 0.021 c 0.058) | plies 101 decisive 96% | buffer 17762 steps 200 | 36.8 g/min eta 27.1h
[200/60000] loss 1.672 (pi 1.274 v 0.080 q 0.020 c 0.062) | plies 105 decisive 95% | buffer 21113 steps 244 | 39.8 g/min eta 25.0h
[225/60000] loss 1.626 (pi 1.256 v 0.071 q 0.019 c 0.063) | plies 118 decisive 85% | buffer 25031 steps 293 | 43.8 g/min eta 22.7h
[250/60000] loss 1.592 (pi 1.246 v 0.063 q 0.018 c 0.064) | plies 129 decisive 72% | buffer 29031 steps 343 | 47.8 g/min eta 20.8h
[275/60000] loss 1.571 (pi 1.245 v 0.057 q 0.018 c 0.064) | plies 137 decisive 61% | buffer 33031 steps 393 | 51.6 g/min eta 19.3h
[300/60000] loss 1.561 (pi 1.251 v 0.053 q 0.017 c 0.064) | plies 143 decisive 50% | buffer 37031 steps 443 | 55.3 g/min eta 18.0h
[325/60000] loss 1.562 (pi 1.258 v 0.052 q 0.017 c 0.065) | plies 140 decisive 45% | buffer 39837 steps 482 | 53.6 g/min eta 18.5h
[350/60000] loss 1.559 (pi 1.260 v 0.051 q 0.017 c 0.064) | plies 135 decisive 44% | buffer 42295 steps 520 | 52.2 g/min eta 19.1h
[375/60000] loss 1.568 (pi 1.267 v 0.051 q 0.017 c 0.064) | plies 129 decisive 43% | buffer 44682 steps 558 | 52.1 g/min eta 19.1h
[400/60000] loss 1.575 (pi 1.270 v 0.052 q 0.017 c 0.063) | plies 122 decisive 44% | buffer 47052 steps 595 | 52.4 g/min eta 19.0h
[425/60000] loss 1.585 (pi 1.276 v 0.053 q 0.017 c 0.061) | plies 113 decisive 53% | buffer 49482 steps 630 | 53.2 g/min eta 18.6h
[450/60000] loss 1.598 (pi 1.283 v 0.055 q 0.018 c 0.061) | plies 104 decisive 64% | buffer 52110 steps 667 | 53.2 g/min eta 18.7h
[475/60000] loss 1.616 (pi 1.295 v 0.056 q 0.018 c 0.060) | plies 96 decisive 74% | buffer 54944 steps 713 | 54.2 g/min eta 18.3h
[500/60000] loss 1.619 (pi 1.291 v 0.058 q 0.019 c 0.060) | plies 87 decisive 85% | buffer 57747 steps 761 | 55.5 g/min eta 17.9h
[525/60000] loss 1.620 (pi 1.287 v 0.058 q 0.019 c 0.060) | plies 88 decisive 87% | buffer 60803 steps 812 | 56.6 g/min eta 17.5h
[550/60000] loss 1.632 (pi 1.295 v 0.059 q 0.019 c 0.059) | plies 91 decisive 86% | buffer 63705 steps 854 | 56.7 g/min eta 17.5h
[575/60000] loss 1.639 (pi 1.302 v 0.059 q 0.019 c 0.060) | plies 95 decisive 84% | buffer 66957 steps 900 | 57.4 g/min eta 17.3h
[600/60000] loss 1.654 (pi 1.310 v 0.061 q 0.020 c 0.060) | plies 99 decisive 82% | buffer 70284 steps 951 | 58.0 g/min eta 17.1h
[625/60000] loss 1.667 (pi 1.322 v 0.061 q 0.020 c 0.059) | plies 105 decisive 77% | buffer 73751 steps 1001 | 58.7 g/min eta 16.9h
[650/60000] loss 1.668 (pi 1.322 v 0.061 q 0.020 c 0.059) | plies 107 decisive 76% | buffer 76876 steps 1053 | 58.7 g/min eta 16.9h
[675/60000] loss 1.669 (pi 1.321 v 0.062 q 0.021 c 0.059) | plies 108 decisive 76% | buffer 80024 steps 1101 | 58.4 g/min eta 16.9h
[700/60000] loss 1.681 (pi 1.329 v 0.062 q 0.021 c 0.058) | plies 108 decisive 74% | buffer 82684 steps 1142 | 59.1 g/min eta 16.7h
[725/60000] loss 1.684 (pi 1.329 v 0.063 q 0.021 c 0.058) | plies 105 decisive 76% | buffer 85224 steps 1180 | 59.3 g/min eta 16.7h
[750/60000] loss 1.695 (pi 1.338 v 0.063 q 0.021 c 0.057) | plies 104 decisive 76% | buffer 87982 steps 1221 | 59.7 g/min eta 16.5h
[775/60000] loss 1.699 (pi 1.342 v 0.064 q 0.021 c 0.057) | plies 102 decisive 78% | buffer 90809 steps 1265 | 59.8 g/min eta 16.5h
[800/60000] loss 1.705 (pi 1.345 v 0.065 q 0.022 c 0.057) | plies 101 decisive 78% | buffer 93766 steps 1310 | 60.0 g/min eta 16.4h
[825/60000] loss 1.718 (pi 1.355 v 0.065 q 0.022 c 0.057) | plies 97 decisive 82% | buffer 96831 steps 1358 | 60.4 g/min eta 16.3h
[850/60000] loss 1.729 (pi 1.362 v 0.066 q 0.022 c 0.058) | plies 98 decisive 81% | buffer 99997 steps 1406 | 60.6 g/min eta 16.3h
[875/60000] loss 1.728 (pi 1.362 v 0.066 q 0.022 c 0.057) | plies 99 decisive 81% | buffer 103014 steps 1454 | 61.0 g/min eta 16.2h
[900/60000] loss 1.730 (pi 1.366 v 0.065 q 0.022 c 0.057) | plies 101 decisive 80% | buffer 106138 steps 1501 | 60.9 g/min eta 16.2h
[925/60000] loss 1.737 (pi 1.373 v 0.066 q 0.023 c 0.057) | plies 102 decisive 80% | buffer 108945 steps 1547 | 61.3 g/min eta 16.1h
[950/60000] loss 1.731 (pi 1.366 v 0.067 q 0.023 c 0.057) | plies 102 decisive 82% | buffer 111865 steps 1594 | 61.3 g/min eta 16.0h
[975/60000] loss 1.742 (pi 1.378 v 0.067 q 0.023 c 0.058) | plies 101 decisive 82% | buffer 114557 steps 1634 | 61.4 g/min eta 16.0h
[1000/60000] loss 1.741 (pi 1.377 v 0.067 q 0.024 c 0.057) | plies 104 decisive 82% | buffer 117862 steps 1687 | 61.7 g/min eta 15.9h
  EVAL @1000: q-greedy 6-18-0 | policy-greedy 5-19-0 | search 8-0-0 (eval 69s)
[1025/60000] loss 1.751 (pi 1.386 v 0.068 q 0.024 c 0.059) | plies 105 decisive 80% | buffer 121025 steps 1737 | 58.3 g/min eta 16.9h
[1050/60000] loss 1.746 (pi 1.382 v 0.067 q 0.024 c 0.058) | plies 101 decisive 84% | buffer 123620 steps 1777 | 59.4 g/min eta 16.5h
[1075/60000] loss 1.754 (pi 1.386 v 0.067 q 0.024 c 0.058) | plies 100 decisive 84% | buffer 126442 steps 1822 | 60.6 g/min eta 16.2h
[1100/60000] loss 1.754 (pi 1.384 v 0.067 q 0.024 c 0.059) | plies 100 decisive 83% | buffer 129535 steps 1870 | 61.2 g/min eta 16.0h
[1125/60000] loss 1.765 (pi 1.394 v 0.068 q 0.024 c 0.058) | plies 100 decisive 82% | buffer 132421 steps 1916 | 61.6 g/min eta 15.9h
[1150/60000] loss 1.764 (pi 1.395 v 0.067 q 0.024 c 0.058) | plies 102 decisive 79% | buffer 135644 steps 1966 | 61.8 g/min eta 15.9h
[1175/60000] loss 1.764 (pi 1.394 v 0.067 q 0.024 c 0.058) | plies 104 decisive 76% | buffer 138593 steps 2010 | 61.9 g/min eta 15.9h
[1200/60000] loss 1.767 (pi 1.396 v 0.067 q 0.024 c 0.057) | plies 101 decisive 78% | buffer 141313 steps 2054 | 61.8 g/min eta 15.9h
[1225/60000] loss 1.770 (pi 1.399 v 0.067 q 0.024 c 0.057) | plies 100 decisive 78% | buffer 144293 steps 2101 | 61.9 g/min eta 15.8h
[1250/60000] loss 1.776 (pi 1.405 v 0.068 q 0.025 c 0.056) | plies 103 decisive 75% | buffer 147492 steps 2152 | 62.3 g/min eta 15.7h
[1275/60000] loss 1.786 (pi 1.412 v 0.068 q 0.024 c 0.056) | plies 103 decisive 74% | buffer 150186 steps 2193 | 62.2 g/min eta 15.7h
[1300/60000] loss 1.796 (pi 1.423 v 0.067 q 0.025 c 0.055) | plies 103 decisive 76% | buffer 153274 steps 2241 | 62.2 g/min eta 15.7h
[1325/60000] loss 1.794 (pi 1.420 v 0.067 q 0.025 c 0.055) | plies 102 decisive 76% | buffer 155979 steps 2280 | 62.4 g/min eta 15.7h
[1350/60000] loss 1.792 (pi 1.420 v 0.067 q 0.025 c 0.057) | plies 100 decisive 77% | buffer 159024 steps 2325 | 62.6 g/min eta 15.6h
[1375/60000] loss 1.799 (pi 1.426 v 0.067 q 0.025 c 0.056) | plies 101 decisive 78% | buffer 162002 steps 2371 | 62.6 g/min eta 15.6h
[1400/60000] loss 1.803 (pi 1.427 v 0.069 q 0.025 c 0.056) | plies 101 decisive 78% | buffer 164919 steps 2414 | 62.8 g/min eta 15.6h
[1425/60000] loss 1.802 (pi 1.428 v 0.069 q 0.025 c 0.055) | plies 101 decisive 78% | buffer 167822 steps 2456 | 63.1 g/min eta 15.5h
[1450/60000] loss 1.807 (pi 1.435 v 0.069 q 0.025 c 0.055) | plies 102 decisive 77% | buffer 171050 steps 2505 | 63.2 g/min eta 15.4h
[1475/60000] loss 1.812 (pi 1.438 v 0.070 q 0.025 c 0.055) | plies 102 decisive 78% | buffer 173942 steps 2549 | 63.3 g/min eta 15.4h
[1500/60000] loss 1.816 (pi 1.443 v 0.069 q 0.025 c 0.054) | plies 101 decisive 78% | buffer 176688 steps 2593 | 63.1 g/min eta 15.5h
[1525/60000] loss 1.811 (pi 1.437 v 0.069 q 0.025 c 0.054) | plies 102 decisive 78% | buffer 179499 steps 2638 | 63.4 g/min eta 15.4h
[1550/60000] loss 1.819 (pi 1.442 v 0.070 q 0.026 c 0.055) | plies 105 decisive 76% | buffer 182989 steps 2692 | 63.4 g/min eta 15.4h
[1575/60000] loss 1.822 (pi 1.442 v 0.069 q 0.026 c 0.055) | plies 104 decisive 76% | buffer 185964 steps 2738 | 63.4 g/min eta 15.4h
[1600/60000] loss 1.830 (pi 1.448 v 0.070 q 0.026 c 0.054) | plies 104 decisive 76% | buffer 188764 steps 2780 | 63.6 g/min eta 15.3h
[1625/60000] loss 1.837 (pi 1.453 v 0.070 q 0.026 c 0.054) | plies 103 decisive 77% | buffer 191541 steps 2823 | 63.6 g/min eta 15.3h
[1650/60000] loss 1.841 (pi 1.458 v 0.071 q 0.026 c 0.055) | plies 101 decisive 79% | buffer 194406 steps 2869 | 63.8 g/min eta 15.2h
[1675/60000] loss 1.844 (pi 1.458 v 0.071 q 0.027 c 0.055) | plies 101 decisive 78% | buffer 197363 steps 2912 | 63.8 g/min eta 15.2h
[1700/60000] loss 1.848 (pi 1.463 v 0.070 q 0.027 c 0.055) | plies 101 decisive 79% | buffer 200000 steps 2955 | 64.1 g/min eta 15.2h
[1725/60000] loss 1.838 (pi 1.456 v 0.070 q 0.026 c 0.056) | plies 100 decisive 80% | buffer 200000 steps 3000 | 64.1 g/min eta 15.2h
[1750/60000] loss 1.849 (pi 1.463 v 0.071 q 0.026 c 0.055) | plies 99 decisive 80% | buffer 200000 steps 3052 | 64.1 g/min eta 15.2h
[1775/60000] loss 1.856 (pi 1.467 v 0.071 q 0.027 c 0.054) | plies 98 decisive 82% | buffer 200000 steps 3094 | 64.1 g/min eta 15.2h
[1800/60000] loss 1.857 (pi 1.472 v 0.071 q 0.027 c 0.053) | plies 99 decisive 80% | buffer 200000 steps 3141 | 64.3 g/min eta 15.1h
[1825/60000] loss 1.875 (pi 1.486 v 0.071 q 0.027 c 0.053) | plies 99 decisive 79% | buffer 200000 steps 3181 | 64.2 g/min eta 15.1h
[1850/60000] loss 1.890 (pi 1.496 v 0.072 q 0.027 c 0.052) | plies 98 decisive 80% | buffer 200000 steps 3226 | 64.2 g/min eta 15.1h
[1875/60000] loss 1.908 (pi 1.512 v 0.072 q 0.028 c 0.051) | plies 98 decisive 82% | buffer 200000 steps 3272 | 64.4 g/min eta 15.0h
[1900/60000] loss 1.914 (pi 1.513 v 0.073 q 0.028 c 0.050) | plies 98 decisive 82% | buffer 200000 steps 3317 | 64.6 g/min eta 15.0h
[1925/60000] loss 1.918 (pi 1.516 v 0.073 q 0.028 c 0.050) | plies 99 decisive 82% | buffer 200000 steps 3361 | 64.4 g/min eta 15.0h
[1950/60000] loss 1.926 (pi 1.526 v 0.074 q 0.028 c 0.050) | plies 97 decisive 84% | buffer 200000 steps 3409 | 64.4 g/min eta 15.0h
[1975/60000] loss 1.921 (pi 1.519 v 0.075 q 0.028 c 0.051) | plies 98 decisive 82% | buffer 200000 steps 3455 | 64.4 g/min eta 15.0h
[2000/60000] loss 1.926 (pi 1.527 v 0.075 q 0.028 c 0.050) | plies 98 decisive 82% | buffer 200000 steps 3500 | 64.4 g/min eta 15.0h
  EVAL @2000: q-greedy 8-16-0 | policy-greedy 7-17-0 | search 8-0-0 (eval 58s)
[2025/60000] loss 1.932 (pi 1.531 v 0.076 q 0.029 c 0.050) | plies 99 decisive 82% | buffer 200000 steps 3543 | 62.9 g/min eta 15.4h
[2050/60000] loss 1.947 (pi 1.547 v 0.075 q 0.029 c 0.050) | plies 101 decisive 82% | buffer 200000 steps 3589 | 63.5 g/min eta 15.2h
[2075/60000] loss 1.961 (pi 1.559 v 0.076 q 0.029 c 0.050) | plies 104 decisive 78% | buffer 200000 steps 3641 | 64.0 g/min eta 15.1h
[2100/60000] loss 1.956 (pi 1.556 v 0.076 q 0.029 c 0.051) | plies 104 decisive 78% | buffer 200000 steps 3684 | 64.6 g/min eta 14.9h
[2125/60000] loss 1.961 (pi 1.563 v 0.075 q 0.029 c 0.051) | plies 103 decisive 76% | buffer 200000 steps 3729 | 64.7 g/min eta 14.9h
[2150/60000] loss 1.966 (pi 1.564 v 0.076 q 0.029 c 0.051) | plies 103 decisive 74% | buffer 200000 steps 3775 | 64.9 g/min eta 14.9h
[2175/60000] loss 1.972 (pi 1.570 v 0.076 q 0.030 c 0.051) | plies 102 decisive 76% | buffer 200000 steps 3821 | 65.0 g/min eta 14.8h
[2200/60000] loss 1.963 (pi 1.563 v 0.076 q 0.029 c 0.050) | plies 102 decisive 76% | buffer 200000 steps 3867 | 65.0 g/min eta 14.8h
[2225/60000] loss 1.969 (pi 1.565 v 0.077 q 0.030 c 0.050) | plies 103 decisive 77% | buffer 200000 steps 3919 | 64.8 g/min eta 14.9h
[2250/60000] loss 1.977 (pi 1.574 v 0.077 q 0.030 c 0.050) | plies 103 decisive 77% | buffer 200000 steps 3964 | 65.0 g/min eta 14.8h
[2275/60000] loss 1.989 (pi 1.583 v 0.077 q 0.030 c 0.051) | plies 100 decisive 80% | buffer 200000 steps 4010 | 64.8 g/min eta 14.8h
[2300/60000] loss 1.988 (pi 1.585 v 0.077 q 0.030 c 0.051) | plies 101 decisive 78% | buffer 200000 steps 4057 | 64.7 g/min eta 14.9h
[2325/60000] loss 1.996 (pi 1.589 v 0.078 q 0.031 c 0.050) | plies 102 decisive 76% | buffer 200000 steps 4104 | 64.5 g/min eta 14.9h
[2350/60000] loss 1.997 (pi 1.593 v 0.077 q 0.030 c 0.049) | plies 103 decisive 77% | buffer 200000 steps 4151 | 64.8 g/min eta 14.8h
[2375/60000] loss 1.992 (pi 1.586 v 0.077 q 0.031 c 0.048) | plies 103 decisive 76% | buffer 200000 steps 4198 | 64.8 g/min eta 14.8h
[2400/60000] loss 2.003 (pi 1.598 v 0.077 q 0.031 c 0.048) | plies 102 decisive 80% | buffer 200000 steps 4243 | 65.0 g/min eta 14.8h
[2425/60000] loss 2.002 (pi 1.595 v 0.077 q 0.031 c 0.048) | plies 100 decisive 80% | buffer 200000 steps 4290 | 65.0 g/min eta 14.8h
[2450/60000] loss 1.996 (pi 1.590 v 0.078 q 0.031 c 0.047) | plies 101 decisive 80% | buffer 200000 steps 4338 | 65.1 g/min eta 14.7h
[2475/60000] loss 2.001 (pi 1.595 v 0.078 q 0.031 c 0.047) | plies 102 decisive 78% | buffer 200000 steps 4388 | 65.1 g/min eta 14.7h
[2500/60000] loss 2.011 (pi 1.605 v 0.078 q 0.031 c 0.046) | plies 103 decisive 80% | buffer 200000 steps 4437 | 64.9 g/min eta 14.8h
[2525/60000] loss 2.015 (pi 1.607 v 0.078 q 0.031 c 0.046) | plies 102 decisive 80% | buffer 200000 steps 4479 | 65.0 g/min eta 14.7h
[2550/60000] loss 2.010 (pi 1.604 v 0.077 q 0.031 c 0.046) | plies 103 decisive 80% | buffer 200000 steps 4531 | 65.2 g/min eta 14.7h
[2575/60000] loss 2.011 (pi 1.606 v 0.078 q 0.031 c 0.046) | plies 104 decisive 80% | buffer 200000 steps 4575 | 65.1 g/min eta 14.7h
[2600/60000] loss 2.022 (pi 1.616 v 0.078 q 0.031 c 0.046) | plies 105 decisive 78% | buffer 200000 steps 4618 | 65.2 g/min eta 14.7h
[2625/60000] loss 2.023 (pi 1.617 v 0.078 q 0.031 c 0.045) | plies 107 decisive 76% | buffer 200000 steps 4668 | 65.2 g/min eta 14.7h
[2650/60000] loss 2.025 (pi 1.620 v 0.078 q 0.031 c 0.044) | plies 106 decisive 76% | buffer 200000 steps 4714 | 65.1 g/min eta 14.7h
[2675/60000] loss 2.026 (pi 1.617 v 0.078 q 0.031 c 0.044) | plies 103 decisive 80% | buffer 200000 steps 4759 | 65.0 g/min eta 14.7h
[2700/60000] loss 2.033 (pi 1.623 v 0.078 q 0.031 c 0.044) | plies 102 decisive 78% | buffer 200000 steps 4804 | 65.1 g/min eta 14.7h
[2725/60000] loss 2.040 (pi 1.631 v 0.078 q 0.031 c 0.044) | plies 104 decisive 80% | buffer 200000 steps 4850 | 65.2 g/min eta 14.6h
[2750/60000] loss 2.049 (pi 1.638 v 0.078 q 0.031 c 0.044) | plies 101 decisive 82% | buffer 200000 steps 4894 | 65.2 g/min eta 14.6h
[2775/60000] loss 2.040 (pi 1.631 v 0.078 q 0.031 c 0.044) | plies 100 decisive 82% | buffer 200000 steps 4938 | 65.4 g/min eta 14.6h
[2800/60000] loss 2.033 (pi 1.626 v 0.078 q 0.031 c 0.044) | plies 101 decisive 81% | buffer 200000 steps 4988 | 65.6 g/min eta 14.5h
[2825/60000] loss 2.025 (pi 1.621 v 0.077 q 0.031 c 0.043) | plies 100 decisive 82% | buffer 200000 steps 5037 | 65.6 g/min eta 14.5h
[2850/60000] loss 2.041 (pi 1.632 v 0.077 q 0.031 c 0.043) | plies 101 decisive 81% | buffer 200000 steps 5086 | 65.5 g/min eta 14.5h
[2875/60000] loss 2.040 (pi 1.634 v 0.077 q 0.031 c 0.044) | plies 102 decisive 80% | buffer 200000 steps 5132 | 65.5 g/min eta 14.5h
[2900/60000] loss 2.038 (pi 1.630 v 0.077 q 0.031 c 0.044) | plies 104 decisive 80% | buffer 200000 steps 5183 | 65.6 g/min eta 14.5h
[2925/60000] loss 2.035 (pi 1.627 v 0.077 q 0.031 c 0.045) | plies 102 decisive 81% | buffer 200000 steps 5225 | 65.6 g/min eta 14.5h
[2950/60000] loss 2.033 (pi 1.626 v 0.077 q 0.031 c 0.045) | plies 103 decisive 78% | buffer 200000 steps 5271 | 65.6 g/min eta 14.5h
[2975/60000] loss 2.038 (pi 1.629 v 0.078 q 0.031 c 0.045) | plies 104 decisive 80% | buffer 200000 steps 5317 | 65.5 g/min eta 14.5h
[3000/60000] loss 2.043 (pi 1.634 v 0.078 q 0.031 c 0.044) | plies 102 decisive 81% | buffer 200000 steps 5362 | 65.6 g/min eta 14.5h
  EVAL @3000: q-greedy 5-19-0 | policy-greedy 6-18-0 | search 8-0-0 (eval 44s)
[3025/60000] loss 2.043 (pi 1.633 v 0.079 q 0.031 c 0.044) | plies 100 decisive 83% | buffer 200000 steps 5404 | 64.8 g/min eta 14.6h
[3050/60000] loss 2.044 (pi 1.635 v 0.079 q 0.031 c 0.043) | plies 98 decisive 84% | buffer 200000 steps 5452 | 65.3 g/min eta 14.5h
[3075/60000] loss 2.047 (pi 1.639 v 0.079 q 0.031 c 0.044) | plies 98 decisive 84% | buffer 200000 steps 5499 | 65.7 g/min eta 14.4h
[3100/60000] loss 2.047 (pi 1.640 v 0.079 q 0.031 c 0.044) | plies 96 decisive 86% | buffer 200000 steps 5544 | 65.7 g/min eta 14.4h
[3125/60000] loss 2.049 (pi 1.642 v 0.079 q 0.031 c 0.043) | plies 96 decisive 86% | buffer 200000 steps 5585 | 65.8 g/min eta 14.4h
[3150/60000] loss 2.046 (pi 1.639 v 0.079 q 0.031 c 0.044) | plies 96 decisive 86% | buffer 200000 steps 5631 | 65.7 g/min eta 14.4h
[3175/60000] loss 2.051 (pi 1.644 v 0.079 q 0.031 c 0.044) | plies 96 decisive 84% | buffer 200000 steps 5675 | 65.7 g/min eta 14.4h
[3200/60000] loss 2.050 (pi 1.641 v 0.078 q 0.031 c 0.044) | plies 97 decisive 82% | buffer 200000 steps 5724 | 65.6 g/min eta 14.4h
[3225/60000] loss 2.053 (pi 1.644 v 0.079 q 0.031 c 0.044) | plies 99 decisive 82% | buffer 200000 steps 5767 | 65.6 g/min eta 14.4h
[3250/60000] loss 2.050 (pi 1.639 v 0.078 q 0.031 c 0.045) | plies 99 decisive 80% | buffer 200000 steps 5813 | 65.6 g/min eta 14.4h
[3275/60000] loss 2.045 (pi 1.637 v 0.078 q 0.031 c 0.045) | plies 101 decisive 78% | buffer 200000 steps 5863 | 65.7 g/min eta 14.4h
[3300/60000] loss 2.047 (pi 1.637 v 0.078 q 0.031 c 0.044) | plies 102 decisive 78% | buffer 200000 steps 5912 | 65.7 g/min eta 14.4h
[3325/60000] loss 2.049 (pi 1.638 v 0.079 q 0.031 c 0.044) | plies 102 decisive 79% | buffer 200000 steps 5957 | 65.7 g/min eta 14.4h
[3350/60000] loss 2.045 (pi 1.635 v 0.078 q 0.031 c 0.044) | plies 101 decisive 80% | buffer 200000 steps 6002 | 65.7 g/min eta 14.4h
[3375/60000] loss 2.052 (pi 1.641 v 0.079 q 0.031 c 0.043) | plies 102 decisive 82% | buffer 200000 steps 6053 | 65.8 g/min eta 14.3h
[3400/60000] loss 2.052 (pi 1.640 v 0.079 q 0.031 c 0.043) | plies 101 decisive 84% | buffer 200000 steps 6097 | 65.9 g/min eta 14.3h
[3425/60000] loss 2.057 (pi 1.643 v 0.079 q 0.031 c 0.043) | plies 102 decisive 82% | buffer 200000 steps 6147 | 65.9 g/min eta 14.3h
[3450/60000] loss 2.053 (pi 1.640 v 0.078 q 0.030 c 0.043) | plies 103 decisive 81% | buffer 200000 steps 6196 | 65.9 g/min eta 14.3h
[3475/60000] loss 2.048 (pi 1.636 v 0.079 q 0.030 c 0.043) | plies 103 decisive 82% | buffer 200000 steps 6247 | 65.9 g/min eta 14.3h
[3500/60000] loss 2.046 (pi 1.636 v 0.078 q 0.030 c 0.043) | plies 102 decisive 83% | buffer 200000 steps 6291 | 66.0 g/min eta 14.3h
[3525/60000] loss 2.048 (pi 1.643 v 0.077 q 0.030 c 0.044) | plies 103 decisive 82% | buffer 200000 steps 6333 | 65.9 g/min eta 14.3h
[3550/60000] loss 2.053 (pi 1.649 v 0.077 q 0.030 c 0.045) | plies 104 decisive 80% | buffer 200000 steps 6385 | 65.9 g/min eta 14.3h
[3575/60000] loss 2.046 (pi 1.639 v 0.077 q 0.030 c 0.045) | plies 102 decisive 82% | buffer 200000 steps 6431 | 65.9 g/min eta 14.3h
[3600/60000] loss 2.056 (pi 1.644 v 0.079 q 0.030 c 0.045) | plies 101 decisive 82% | buffer 200000 steps 6475 | 65.9 g/min eta 14.3h
[3625/60000] loss 2.058 (pi 1.647 v 0.078 q 0.030 c 0.045) | plies 101 decisive 82% | buffer 200000 steps 6520 | 65.9 g/min eta 14.3h
[3650/60000] loss 2.053 (pi 1.642 v 0.079 q 0.030 c 0.044) | plies 98 decisive 86% | buffer 200000 steps 6561 | 65.9 g/min eta 14.2h
[3675/60000] loss 2.055 (pi 1.644 v 0.079 q 0.030 c 0.043) | plies 98 decisive 84% | buffer 200000 steps 6614 | 66.0 g/min eta 14.2h
[3700/60000] loss 2.052 (pi 1.645 v 0.078 q 0.029 c 0.043) | plies 100 decisive 82% | buffer 200000 steps 6660 | 66.0 g/min eta 14.2h
[3725/60000] loss 2.051 (pi 1.644 v 0.078 q 0.029 c 0.043) | plies 101 decisive 82% | buffer 200000 steps 6708 | 65.9 g/min eta 14.2h
[3750/60000] loss 2.050 (pi 1.641 v 0.079 q 0.029 c 0.043) | plies 100 decisive 83% | buffer 200000 steps 6754 | 66.0 g/min eta 14.2h
[3775/60000] loss 2.059 (pi 1.645 v 0.080 q 0.029 c 0.043) | plies 102 decisive 82% | buffer 200000 steps 6803 | 66.0 g/min eta 14.2h
[3800/60000] loss 2.057 (pi 1.644 v 0.079 q 0.029 c 0.044) | plies 103 decisive 82% | buffer 200000 steps 6847 | 66.1 g/min eta 14.2h
[3825/60000] loss 2.059 (pi 1.644 v 0.080 q 0.029 c 0.044) | plies 103 decisive 82% | buffer 200000 steps 6896 | 66.2 g/min eta 14.1h
[3850/60000] loss 2.057 (pi 1.646 v 0.079 q 0.030 c 0.044) | plies 104 decisive 80% | buffer 200000 steps 6938 | 66.2 g/min eta 14.1h
[3875/60000] loss 2.058 (pi 1.648 v 0.079 q 0.029 c 0.043) | plies 102 decisive 84% | buffer 200000 steps 6983 | 66.0 g/min eta 14.2h
[3900/60000] loss 2.054 (pi 1.644 v 0.079 q 0.029 c 0.043) | plies 102 decisive 84% | buffer 200000 steps 7037 | 66.1 g/min eta 14.2h
[3925/60000] loss 2.062 (pi 1.649 v 0.080 q 0.029 c 0.042) | plies 102 decisive 82% | buffer 200000 steps 7085 | 66.0 g/min eta 14.2h
[3950/60000] loss 2.060 (pi 1.647 v 0.080 q 0.029 c 0.043) | plies 103 decisive 81% | buffer 200000 steps 7134 | 65.9 g/min eta 14.2h
[3975/60000] loss 2.056 (pi 1.644 v 0.080 q 0.029 c 0.042) | plies 103 decisive 82% | buffer 200000 steps 7180 | 65.9 g/min eta 14.2h
[4000/60000] loss 2.048 (pi 1.635 v 0.081 q 0.029 c 0.042) | plies 103 decisive 82% | buffer 200000 steps 7227 | 65.9 g/min eta 14.2h
  EVAL @4000: q-greedy 5-19-0 | policy-greedy 11-13-0 | search 8-0-0 (eval 51s)
[4025/60000] loss 2.057 (pi 1.641 v 0.081 q 0.029 c 0.043) | plies 105 decisive 80% | buffer 200000 steps 7279 | 65.1 g/min eta 14.3h
[4050/60000] loss 2.063 (pi 1.646 v 0.080 q 0.029 c 0.044) | plies 107 decisive 80% | buffer 200000 steps 7330 | 65.4 g/min eta 14.3h
[4075/60000] loss 2.065 (pi 1.651 v 0.080 q 0.029 c 0.043) | plies 108 decisive 78% | buffer 200000 steps 7380 | 65.7 g/min eta 14.2h
[4100/60000] loss 2.071 (pi 1.658 v 0.080 q 0.029 c 0.042) | plies 108 decisive 76% | buffer 200000 steps 7431 | 66.0 g/min eta 14.1h
[4125/60000] loss 2.068 (pi 1.652 v 0.080 q 0.029 c 0.043) | plies 110 decisive 74% | buffer 200000 steps 7480 | 65.9 g/min eta 14.1h
[4150/60000] loss 2.063 (pi 1.646 v 0.081 q 0.029 c 0.044) | plies 111 decisive 73% | buffer 200000 steps 7534 | 65.8 g/min eta 14.2h
[4175/60000] loss 2.050 (pi 1.634 v 0.079 q 0.029 c 0.044) | plies 112 decisive 72% | buffer 200000 steps 7584 | 65.7 g/min eta 14.2h
[4200/60000] loss 2.059 (pi 1.643 v 0.079 q 0.029 c 0.043) | plies 114 decisive 69% | buffer 200000 steps 7633 | 65.8 g/min eta 14.1h
[4225/60000] loss 2.063 (pi 1.646 v 0.079 q 0.029 c 0.043) | plies 111 decisive 70% | buffer 200000 steps 7675 | 65.7 g/min eta 14.2h
[4250/60000] loss 2.057 (pi 1.640 v 0.080 q 0.029 c 0.044) | plies 111 decisive 72% | buffer 200000 steps 7723 | 65.6 g/min eta 14.2h
[4275/60000] loss 2.060 (pi 1.643 v 0.080 q 0.029 c 0.044) | plies 111 decisive 71% | buffer 200000 steps 7773 | 65.8 g/min eta 14.1h
[4300/60000] loss 2.058 (pi 1.641 v 0.080 q 0.028 c 0.043) | plies 110 decisive 74% | buffer 200000 steps 7820 | 65.8 g/min eta 14.1h
[4325/60000] loss 2.064 (pi 1.645 v 0.080 q 0.029 c 0.044) | plies 109 decisive 76% | buffer 200000 steps 7868 | 65.8 g/min eta 14.1h
[4350/60000] loss 2.055 (pi 1.641 v 0.080 q 0.029 c 0.044) | plies 109 decisive 76% | buffer 200000 steps 7922 | 65.9 g/min eta 14.1h
[4375/60000] loss 2.059 (pi 1.643 v 0.080 q 0.029 c 0.044) | plies 107 decisive 78% | buffer 200000 steps 7966 | 65.9 g/min eta 14.1h
[4400/60000] loss 2.056 (pi 1.640 v 0.080 q 0.028 c 0.043) | plies 106 decisive 81% | buffer 200000 steps 8015 | 65.9 g/min eta 14.1h
[4425/60000] loss 2.062 (pi 1.644 v 0.080 q 0.029 c 0.044) | plies 108 decisive 81% | buffer 200000 steps 8066 | 66.0 g/min eta 14.0h
[4450/60000] loss 2.065 (pi 1.646 v 0.080 q 0.029 c 0.044) | plies 110 decisive 78% | buffer 200000 steps 8117 | 65.9 g/min eta 14.0h
[4475/60000] loss 2.062 (pi 1.642 v 0.080 q 0.028 c 0.043) | plies 110 decisive 78% | buffer 200000 steps 8168 | 65.8 g/min eta 14.1h
[4500/60000] loss 2.060 (pi 1.640 v 0.080 q 0.028 c 0.043) | plies 109 decisive 79% | buffer 200000 steps 8216 | 65.8 g/min eta 14.1h
[4525/60000] loss 2.057 (pi 1.638 v 0.080 q 0.028 c 0.042) | plies 109 decisive 78% | buffer 200000 steps 8255 | 65.8 g/min eta 14.0h
[4550/60000] loss 2.063 (pi 1.643 v 0.080 q 0.028 c 0.043) | plies 106 decisive 80% | buffer 200000 steps 8301 | 65.9 g/min eta 14.0h
[4575/60000] loss 2.057 (pi 1.638 v 0.080 q 0.028 c 0.043) | plies 107 decisive 79% | buffer 200000 steps 8347 | 66.0 g/min eta 14.0h
[4600/60000] loss 2.062 (pi 1.640 v 0.080 q 0.028 c 0.042) | plies 106 decisive 79% | buffer 200000 steps 8394 | 66.0 g/min eta 14.0h
[4625/60000] loss 2.060 (pi 1.640 v 0.080 q 0.028 c 0.043) | plies 105 decisive 80% | buffer 200000 steps 8441 | 66.1 g/min eta 14.0h
[4650/60000] loss 2.055 (pi 1.636 v 0.079 q 0.028 c 0.043) | plies 104 decisive 82% | buffer 200000 steps 8493 | 66.1 g/min eta 14.0h
[4675/60000] loss 2.061 (pi 1.641 v 0.080 q 0.029 c 0.043) | plies 103 decisive 84% | buffer 200000 steps 8543 | 66.1 g/min eta 14.0h
[4700/60000] loss 2.057 (pi 1.641 v 0.079 q 0.028 c 0.042) | plies 103 decisive 84% | buffer 200000 steps 8590 | 66.0 g/min eta 14.0h
[4725/60000] loss 2.058 (pi 1.639 v 0.080 q 0.028 c 0.043) | plies 102 decisive 84% | buffer 200000 steps 8631 | 65.9 g/min eta 14.0h
[4750/60000] loss 2.065 (pi 1.647 v 0.080 q 0.028 c 0.042) | plies 103 decisive 84% | buffer 200000 steps 8681 | 65.9 g/min eta 14.0h
[4775/60000] loss 2.061 (pi 1.642 v 0.080 q 0.028 c 0.042) | plies 104 decisive 82% | buffer 200000 steps 8728 | 65.9 g/min eta 14.0h
[4800/60000] loss 2.065 (pi 1.645 v 0.080 q 0.028 c 0.043) | plies 102 decisive 83% | buffer 200000 steps 8772 | 65.9 g/min eta 13.9h
[4825/60000] loss 2.059 (pi 1.638 v 0.080 q 0.028 c 0.043) | plies 104 decisive 82% | buffer 200000 steps 8823 | 66.0 g/min eta 13.9h
[4850/60000] loss 2.066 (pi 1.646 v 0.080 q 0.028 c 0.043) | plies 103 decisive 82% | buffer 200000 steps 8868 | 66.1 g/min eta 13.9h
[4875/60000] loss 2.069 (pi 1.648 v 0.081 q 0.028 c 0.043) | plies 102 decisive 81% | buffer 200000 steps 8914 | 66.1 g/min eta 13.9h
[4900/60000] loss 2.068 (pi 1.648 v 0.080 q 0.028 c 0.043) | plies 104 decisive 79% | buffer 200000 steps 8961 | 66.2 g/min eta 13.9h
[4925/60000] loss 2.064 (pi 1.646 v 0.080 q 0.028 c 0.044) | plies 106 decisive 80% | buffer 200000 steps 9009 | 66.1 g/min eta 13.9h
[4950/60000] loss 2.052 (pi 1.637 v 0.080 q 0.028 c 0.044) | plies 104 decisive 80% | buffer 200000 steps 9057 | 66.1 g/min eta 13.9h
[4975/60000] loss 2.062 (pi 1.647 v 0.080 q 0.028 c 0.044) | plies 105 decisive 80% | buffer 200000 steps 9106 | 66.3 g/min eta 13.8h
[5000/60000] loss 2.055 (pi 1.642 v 0.079 q 0.028 c 0.043) | plies 106 decisive 78% | buffer 200000 steps 9149 | 66.3 g/min eta 13.8h
  EVAL @5000: q-greedy 0-24-0 | policy-greedy 6-18-0 | search 8-0-0 (eval 42s)
[5025/60000] loss 2.061 (pi 1.648 v 0.079 q 0.028 c 0.043) | plies 104 decisive 80% | buffer 200000 steps 9196 | 65.8 g/min eta 13.9h
[5050/60000] loss 2.059 (pi 1.647 v 0.079 q 0.028 c 0.044) | plies 104 decisive 80% | buffer 200000 steps 9244 | 66.0 g/min eta 13.9h
[5075/60000] loss 2.058 (pi 1.646 v 0.080 q 0.028 c 0.044) | plies 104 decisive 80% | buffer 200000 steps 9287 | 66.0 g/min eta 13.9h
[5100/60000] loss 2.041 (pi 1.630 v 0.080 q 0.028 c 0.043) | plies 102 decisive 82% | buffer 200000 steps 9333 | 66.1 g/min eta 13.8h
[5125/60000] loss 2.037 (pi 1.627 v 0.080 q 0.028 c 0.044) | plies 103 decisive 82% | buffer 200000 steps 9381 | 66.1 g/min eta 13.8h
[5150/60000] loss 2.040 (pi 1.629 v 0.080 q 0.028 c 0.044) | plies 103 decisive 83% | buffer 200000 steps 9429 | 66.1 g/min eta 13.8h
[5175/60000] loss 2.039 (pi 1.629 v 0.080 q 0.027 c 0.044) | plies 102 decisive 84% | buffer 200000 steps 9474 | 66.1 g/min eta 13.8h
[5200/60000] loss 2.037 (pi 1.628 v 0.079 q 0.028 c 0.045) | plies 102 decisive 84% | buffer 200000 steps 9519 | 66.1 g/min eta 13.8h
[5225/60000] loss 2.030 (pi 1.625 v 0.078 q 0.028 c 0.044) | plies 104 decisive 84% | buffer 200000 steps 9569 | 66.1 g/min eta 13.8h
[5250/60000] loss 2.038 (pi 1.633 v 0.078 q 0.027 c 0.043) | plies 104 decisive 84% | buffer 200000 steps 9619 | 66.3 g/min eta 13.8h
[5275/60000] loss 2.037 (pi 1.632 v 0.079 q 0.027 c 0.043) | plies 105 decisive 84% | buffer 200000 steps 9667 | 66.2 g/min eta 13.8h
[5300/60000] loss 2.039 (pi 1.633 v 0.079 q 0.027 c 0.043) | plies 106 decisive 84% | buffer 200000 steps 9713 | 66.2 g/min eta 13.8h
[5325/60000] loss 2.039 (pi 1.634 v 0.079 q 0.027 c 0.043) | plies 105 decisive 80% | buffer 200000 steps 9755 | 66.2 g/min eta 13.8h
[5350/60000] loss 2.038 (pi 1.634 v 0.078 q 0.027 c 0.044) | plies 106 decisive 80% | buffer 200000 steps 9805 | 66.2 g/min eta 13.8h
[5375/60000] loss 2.045 (pi 1.639 v 0.079 q 0.027 c 0.044) | plies 108 decisive 79% | buffer 200000 steps 9858 | 66.3 g/min eta 13.7h
[5400/60000] loss 2.047 (pi 1.640 v 0.079 q 0.027 c 0.044) | plies 108 decisive 79% | buffer 200000 steps 9905 | 66.2 g/min eta 13.7h
[5425/60000] loss 2.047 (pi 1.639 v 0.079 q 0.027 c 0.043) | plies 107 decisive 80% | buffer 200000 steps 9953 | 66.2 g/min eta 13.7h
[5450/60000] loss 2.044 (pi 1.637 v 0.079 q 0.028 c 0.043) | plies 107 decisive 80% | buffer 200000 steps 9998 | 66.1 g/min eta 13.8h
[5475/60000] loss 2.046 (pi 1.641 v 0.079 q 0.028 c 0.044) | plies 108 decisive 80% | buffer 200000 steps 10048 | 66.2 g/min eta 13.7h
[5500/60000] loss 2.049 (pi 1.644 v 0.078 q 0.027 c 0.045) | plies 107 decisive 80% | buffer 200000 steps 10093 | 66.2 g/min eta 13.7h
[5525/60000] loss 2.048 (pi 1.646 v 0.078 q 0.027 c 0.044) | plies 106 decisive 80% | buffer 200000 steps 10139 | 66.2 g/min eta 13.7h
[5550/60000] loss 2.044 (pi 1.646 v 0.078 q 0.027 c 0.043) | plies 106 decisive 80% | buffer 200000 steps 10191 | 66.2 g/min eta 13.7h
[5575/60000] loss 2.042 (pi 1.643 v 0.078 q 0.027 c 0.042) | plies 105 decisive 80% | buffer 200000 steps 10239 | 66.3 g/min eta 13.7h
[5600/60000] loss 2.048 (pi 1.647 v 0.078 q 0.027 c 0.043) | plies 105 decisive 80% | buffer 200000 steps 10287 | 66.3 g/min eta 13.7h
[5625/60000] loss 2.043 (pi 1.641 v 0.078 q 0.027 c 0.043) | plies 105 decisive 80% | buffer 200000 steps 10334 | 66.3 g/min eta 13.7h
[5650/60000] loss 2.048 (pi 1.647 v 0.078 q 0.027 c 0.042) | plies 104 decisive 80% | buffer 200000 steps 10382 | 66.3 g/min eta 13.7h
[5675/60000] loss 2.046 (pi 1.647 v 0.077 q 0.027 c 0.042) | plies 103 decisive 79% | buffer 200000 steps 10430 | 66.2 g/min eta 13.7h
[5700/60000] loss 2.050 (pi 1.648 v 0.078 q 0.027 c 0.042) | plies 104 decisive 78% | buffer 200000 steps 10476 | 66.3 g/min eta 13.7h
[5725/60000] loss 2.041 (pi 1.639 v 0.078 q 0.027 c 0.043) | plies 106 decisive 80% | buffer 200000 steps 10527 | 66.3 g/min eta 13.6h
[5750/60000] loss 2.049 (pi 1.646 v 0.079 q 0.027 c 0.043) | plies 105 decisive 79% | buffer 200000 steps 10573 | 66.3 g/min eta 13.6h
[5775/60000] loss 2.043 (pi 1.643 v 0.079 q 0.027 c 0.043) | plies 104 decisive 80% | buffer 200000 steps 10617 | 66.3 g/min eta 13.6h
[5800/60000] loss 2.045 (pi 1.645 v 0.079 q 0.027 c 0.042) | plies 104 decisive 80% | buffer 200000 steps 10658 | 66.3 g/min eta 13.6h
[5825/60000] loss 2.037 (pi 1.640 v 0.079 q 0.027 c 0.042) | plies 102 decisive 81% | buffer 200000 steps 10700 | 66.3 g/min eta 13.6h
[5850/60000] loss 2.040 (pi 1.639 v 0.080 q 0.027 c 0.043) | plies 102 decisive 80% | buffer 200000 steps 10744 | 66.3 g/min eta 13.6h
[5875/60000] loss 2.045 (pi 1.643 v 0.080 q 0.028 c 0.043) | plies 103 decisive 80% | buffer 200000 steps 10796 | 66.3 g/min eta 13.6h
[5900/60000] loss 2.038 (pi 1.638 v 0.079 q 0.027 c 0.044) | plies 104 decisive 80% | buffer 200000 steps 10844 | 66.3 g/min eta 13.6h
[5925/60000] loss 2.033 (pi 1.633 v 0.079 q 0.027 c 0.044) | plies 103 decisive 79% | buffer 200000 steps 10887 | 66.4 g/min eta 13.6h
[5950/60000] loss 2.034 (pi 1.636 v 0.079 q 0.027 c 0.044) | plies 103 decisive 79% | buffer 200000 steps 10936 | 66.4 g/min eta 13.6h
[5975/60000] loss 2.027 (pi 1.629 v 0.079 q 0.027 c 0.044) | plies 103 decisive 80% | buffer 200000 steps 10985 | 66.4 g/min eta 13.6h
[6000/60000] loss 2.025 (pi 1.628 v 0.078 q 0.027 c 0.044) | plies 103 decisive 79% | buffer 200000 steps 11026 | 66.4 g/min eta 13.6h
  EVAL @6000: q-greedy 4-20-0 | policy-greedy 8-16-0 | search 8-0-0 (eval 59s)
[6025/60000] loss 2.035 (pi 1.637 v 0.078 q 0.027 c 0.044) | plies 104 decisive 78% | buffer 200000 steps 11075 | 65.8 g/min eta 13.7h
[6050/60000] loss 2.030 (pi 1.633 v 0.078 q 0.027 c 0.044) | plies 104 decisive 78% | buffer 200000 steps 11122 | 66.0 g/min eta 13.6h
[6075/60000] loss 2.034 (pi 1.637 v 0.079 q 0.027 c 0.043) | plies 102 decisive 80% | buffer 200000 steps 11167 | 66.2 g/min eta 13.6h
[6100/60000] loss 2.039 (pi 1.643 v 0.078 q 0.027 c 0.042) | plies 102 decisive 81% | buffer 200000 steps 11216 | 66.3 g/min eta 13.5h
[6125/60000] loss 2.044 (pi 1.646 v 0.079 q 0.027 c 0.043) | plies 102 decisive 80% | buffer 200000 steps 11266 | 66.3 g/min eta 13.5h
[6150/60000] loss 2.045 (pi 1.645 v 0.079 q 0.027 c 0.044) | plies 100 decisive 82% | buffer 200000 steps 11310 | 66.4 g/min eta 13.5h
[6175/60000] loss 2.040 (pi 1.641 v 0.079 q 0.027 c 0.043) | plies 100 decisive 82% | buffer 200000 steps 11353 | 66.4 g/min eta 13.5h
[6200/60000] loss 2.046 (pi 1.648 v 0.079 q 0.027 c 0.042) | plies 101 decisive 83% | buffer 200000 steps 11401 | 66.3 g/min eta 13.5h
[6225/60000] loss 2.042 (pi 1.646 v 0.079 q 0.027 c 0.043) | plies 101 decisive 83% | buffer 200000 steps 11442 | 66.3 g/min eta 13.5h
[6250/60000] loss 2.032 (pi 1.638 v 0.078 q 0.027 c 0.044) | plies 101 decisive 84% | buffer 200000 steps 11489 | 66.3 g/min eta 13.5h
[6275/60000] loss 2.030 (pi 1.636 v 0.078 q 0.028 c 0.043) | plies 103 decisive 84% | buffer 200000 steps 11537 | 66.3 g/min eta 13.5h
[6300/60000] loss 2.032 (pi 1.639 v 0.078 q 0.027 c 0.043) | plies 102 decisive 83% | buffer 200000 steps 11585 | 66.3 g/min eta 13.5h
[6325/60000] loss 2.035 (pi 1.641 v 0.079 q 0.028 c 0.043) | plies 103 decisive 84% | buffer 200000 steps 11636 | 66.3 g/min eta 13.5h
[6350/60000] loss 2.035 (pi 1.641 v 0.079 q 0.028 c 0.043) | plies 102 decisive 84% | buffer 200000 steps 11676 | 66.4 g/min eta 13.5h
[6375/60000] loss 2.036 (pi 1.643 v 0.079 q 0.027 c 0.043) | plies 103 decisive 84% | buffer 200000 steps 11726 | 66.4 g/min eta 13.5h
[6400/60000] loss 2.030 (pi 1.637 v 0.079 q 0.027 c 0.042) | plies 102 decisive 84% | buffer 200000 steps 11773 | 66.4 g/min eta 13.5h
[6425/60000] loss 2.032 (pi 1.640 v 0.078 q 0.028 c 0.042) | plies 104 decisive 83% | buffer 200000 steps 11823 | 66.4 g/min eta 13.4h
[6450/60000] loss 2.042 (pi 1.646 v 0.079 q 0.028 c 0.042) | plies 104 decisive 80% | buffer 200000 steps 11872 | 66.4 g/min eta 13.4h
[6475/60000] loss 2.036 (pi 1.640 v 0.079 q 0.027 c 0.042) | plies 102 decisive 80% | buffer 200000 steps 11913 | 66.3 g/min eta 13.4h
[6500/60000] loss 2.038 (pi 1.640 v 0.079 q 0.028 c 0.042) | plies 104 decisive 78% | buffer 200000 steps 11964 | 66.4 g/min eta 13.4h
[6525/60000] loss 2.042 (pi 1.647 v 0.078 q 0.027 c 0.041) | plies 104 decisive 76% | buffer 200000 steps 12010 | 66.4 g/min eta 13.4h
[6550/60000] loss 2.043 (pi 1.647 v 0.079 q 0.028 c 0.042) | plies 105 decisive 76% | buffer 200000 steps 12060 | 66.4 g/min eta 13.4h
[6575/60000] loss 2.041 (pi 1.648 v 0.077 q 0.027 c 0.042) | plies 104 decisive 76% | buffer 200000 steps 12106 | 66.4 g/min eta 13.4h
[6600/60000] loss 2.039 (pi 1.645 v 0.078 q 0.028 c 0.042) | plies 104 decisive 76% | buffer 200000 steps 12153 | 66.5 g/min eta 13.4h
[6625/60000] loss 2.039 (pi 1.644 v 0.078 q 0.028 c 0.042) | plies 106 decisive 75% | buffer 200000 steps 12206 | 66.5 g/min eta 13.4h
[6650/60000] loss 2.039 (pi 1.646 v 0.078 q 0.027 c 0.042) | plies 106 decisive 77% | buffer 200000 steps 12249 | 66.4 g/min eta 13.4h
[6675/60000] loss 2.044 (pi 1.650 v 0.079 q 0.027 c 0.042) | plies 108 decisive 76% | buffer 200000 steps 12298 | 66.5 g/min eta 13.4h
[6700/60000] loss 2.044 (pi 1.650 v 0.078 q 0.027 c 0.041) | plies 106 decisive 79% | buffer 200000 steps 12342 | 66.4 g/min eta 13.4h
[6725/60000] loss 2.039 (pi 1.647 v 0.077 q 0.027 c 0.042) | plies 105 decisive 80% | buffer 200000 steps 12387 | 66.3 g/min eta 13.4h
[6750/60000] loss 2.049 (pi 1.653 v 0.079 q 0.027 c 0.042) | plies 106 decisive 80% | buffer 200000 steps 12439 | 66.4 g/min eta 13.4h
[6775/60000] loss 2.051 (pi 1.654 v 0.079 q 0.027 c 0.041) | plies 107 decisive 80% | buffer 200000 steps 12484 | 66.5 g/min eta 13.3h
[6800/60000] loss 2.061 (pi 1.660 v 0.079 q 0.028 c 0.041) | plies 108 decisive 80% | buffer 200000 steps 12531 | 66.5 g/min eta 13.3h
[6825/60000] loss 2.046 (pi 1.646 v 0.079 q 0.027 c 0.041) | plies 107 decisive 82% | buffer 200000 steps 12582 | 66.4 g/min eta 13.3h
[6850/60000] loss 2.041 (pi 1.640 v 0.079 q 0.027 c 0.042) | plies 107 decisive 82% | buffer 200000 steps 12628 | 66.4 g/min eta 13.3h
[6875/60000] loss 2.035 (pi 1.637 v 0.078 q 0.027 c 0.042) | plies 105 decisive 82% | buffer 200000 steps 12673 | 66.5 g/min eta 13.3h
[6900/60000] loss 2.052 (pi 1.648 v 0.080 q 0.027 c 0.042) | plies 105 decisive 84% | buffer 200000 steps 12716 | 66.5 g/min eta 13.3h
[6925/60000] loss 2.059 (pi 1.654 v 0.080 q 0.028 c 0.042) | plies 106 decisive 83% | buffer 200000 steps 12768 | 66.5 g/min eta 13.3h
[6950/60000] loss 2.057 (pi 1.652 v 0.079 q 0.028 c 0.042) | plies 105 decisive 82% | buffer 200000 steps 12815 | 66.5 g/min eta 13.3h
[6975/60000] loss 2.057 (pi 1.652 v 0.080 q 0.028 c 0.042) | plies 106 decisive 80% | buffer 200000 steps 12861 | 66.5 g/min eta 13.3h
[7000/60000] loss 2.060 (pi 1.657 v 0.080 q 0.027 c 0.041) | plies 105 decisive 81% | buffer 200000 steps 12908 | 66.5 g/min eta 13.3h
  EVAL @7000: q-greedy 1-23-0 | policy-greedy 7-17-0 | search 8-0-0 (eval 55s)
[7025/60000] loss 2.057 (pi 1.654 v 0.080 q 0.028 c 0.042) | plies 104 decisive 80% | buffer 200000 steps 12954 | 66.1 g/min eta 13.4h
[7050/60000] loss 2.050 (pi 1.646 v 0.080 q 0.028 c 0.042) | plies 103 decisive 80% | buffer 200000 steps 12996 | 66.2 g/min eta 13.3h
[7075/60000] loss 2.048 (pi 1.640 v 0.080 q 0.027 c 0.041) | plies 104 decisive 80% | buffer 200000 steps 13043 | 66.4 g/min eta 13.3h
[7100/60000] loss 2.058 (pi 1.648 v 0.081 q 0.028 c 0.042) | plies 106 decisive 77% | buffer 200000 steps 13095 | 66.6 g/min eta 13.2h
[7125/60000] loss 2.055 (pi 1.644 v 0.080 q 0.027 c 0.041) | plies 104 decisive 79% | buffer 200000 steps 13138 | 66.5 g/min eta 13.2h
[7150/60000] loss 2.056 (pi 1.646 v 0.080 q 0.027 c 0.042) | plies 103 decisive 81% | buffer 200000 steps 13182 | 66.5 g/min eta 13.2h
[7175/60000] loss 2.061 (pi 1.651 v 0.080 q 0.027 c 0.041) | plies 103 decisive 82% | buffer 200000 steps 13231 | 66.5 g/min eta 13.2h
[7200/60000] loss 2.063 (pi 1.656 v 0.080 q 0.027 c 0.041) | plies 101 decisive 83% | buffer 200000 steps 13271 | 66.5 g/min eta 13.2h
[7225/60000] loss 2.066 (pi 1.659 v 0.080 q 0.027 c 0.041) | plies 103 decisive 82% | buffer 200000 steps 13318 | 66.5 g/min eta 13.2h
[7250/60000] loss 2.068 (pi 1.657 v 0.080 q 0.027 c 0.043) | plies 104 decisive 80% | buffer 200000 steps 13365 | 66.5 g/min eta 13.2h
[7275/60000] loss 2.069 (pi 1.661 v 0.080 q 0.027 c 0.043) | plies 103 decisive 82% | buffer 200000 steps 13411 | 66.6 g/min eta 13.2h
[7300/60000] loss 2.063 (pi 1.658 v 0.079 q 0.027 c 0.042) | plies 102 decisive 83% | buffer 200000 steps 13461 | 66.5 g/min eta 13.2h
[7325/60000] loss 2.063 (pi 1.658 v 0.080 q 0.027 c 0.041) | plies 104 decisive 80% | buffer 200000 steps 13509 | 66.6 g/min eta 13.2h
[7350/60000] loss 2.061 (pi 1.656 v 0.080 q 0.027 c 0.042) | plies 107 decisive 76% | buffer 200000 steps 13559 | 66.5 g/min eta 13.2h
[7375/60000] loss 2.064 (pi 1.657 v 0.080 q 0.027 c 0.042) | plies 107 decisive 76% | buffer 200000 steps 13607 | 66.4 g/min eta 13.2h
[7400/60000] loss 2.070 (pi 1.664 v 0.080 q 0.027 c 0.041) | plies 108 decisive 75% | buffer 200000 steps 13650 | 66.4 g/min eta 13.2h
[7425/60000] loss 2.068 (pi 1.661 v 0.080 q 0.027 c 0.041) | plies 107 decisive 76% | buffer 200000 steps 13695 | 66.4 g/min eta 13.2h
[7450/60000] loss 2.065 (pi 1.660 v 0.080 q 0.027 c 0.041) | plies 108 decisive 76% | buffer 200000 steps 13742 | 66.5 g/min eta 13.2h
[7475/60000] loss 2.074 (pi 1.668 v 0.079 q 0.027 c 0.041) | plies 109 decisive 74% | buffer 200000 steps 13786 | 66.5 g/min eta 13.2h
[7500/60000] loss 2.076 (pi 1.668 v 0.080 q 0.028 c 0.042) | plies 109 decisive 74% | buffer 200000 steps 13834 | 66.5 g/min eta 13.2h
[7525/60000] loss 2.072 (pi 1.666 v 0.079 q 0.027 c 0.043) | plies 108 decisive 76% | buffer 200000 steps 13879 | 66.6 g/min eta 13.1h
[7550/60000] loss 2.078 (pi 1.668 v 0.080 q 0.027 c 0.043) | plies 106 decisive 78% | buffer 200000 steps 13928 | 66.6 g/min eta 13.1h
[7575/60000] loss 2.075 (pi 1.666 v 0.079 q 0.027 c 0.042) | plies 105 decisive 77% | buffer 200000 steps 13977 | 66.6 g/min eta 13.1h
[7600/60000] loss 2.065 (pi 1.658 v 0.079 q 0.027 c 0.043) | plies 104 decisive 79% | buffer 200000 steps 14021 | 66.6 g/min eta 13.1h
[7625/60000] loss 2.070 (pi 1.663 v 0.079 q 0.027 c 0.043) | plies 105 decisive 77% | buffer 200000 steps 14069 | 66.7 g/min eta 13.1h
[7650/60000] loss 2.063 (pi 1.656 v 0.080 q 0.027 c 0.043) | plies 103 decisive 80% | buffer 200000 steps 14113 | 66.7 g/min eta 13.1h
[7675/60000] loss 2.053 (pi 1.647 v 0.080 q 0.027 c 0.042) | plies 103 decisive 79% | buffer 200000 steps 14160 | 66.6 g/min eta 13.1h
[7700/60000] loss 2.055 (pi 1.651 v 0.080 q 0.027 c 0.042) | plies 101 decisive 80% | buffer 200000 steps 14201 | 66.6 g/min eta 13.1h
[7725/60000] loss 2.065 (pi 1.657 v 0.080 q 0.027 c 0.043) | plies 102 decisive 79% | buffer 200000 steps 14248 | 66.5 g/min eta 13.1h
[7750/60000] loss 2.065 (pi 1.656 v 0.080 q 0.027 c 0.043) | plies 100 decisive 82% | buffer 200000 steps 14293 | 66.6 g/min eta 13.1h
[7775/60000] loss 2.057 (pi 1.653 v 0.079 q 0.027 c 0.043) | plies 100 decisive 82% | buffer 200000 steps 14334 | 66.6 g/min eta 13.1h
[7800/60000] loss 2.052 (pi 1.645 v 0.080 q 0.027 c 0.044) | plies 101 decisive 80% | buffer 200000 steps 14381 | 66.7 g/min eta 13.0h
[7825/60000] loss 2.059 (pi 1.651 v 0.080 q 0.027 c 0.044) | plies 101 decisive 82% | buffer 200000 steps 14431 | 66.6 g/min eta 13.1h
[7850/60000] loss 2.055 (pi 1.647 v 0.080 q 0.027 c 0.043) | plies 102 decisive 80% | buffer 200000 steps 14481 | 66.6 g/min eta 13.0h
[7875/60000] loss 2.061 (pi 1.656 v 0.079 q 0.027 c 0.044) | plies 102 decisive 82% | buffer 200000 steps 14526 | 66.7 g/min eta 13.0h
[7900/60000] loss 2.052 (pi 1.648 v 0.079 q 0.027 c 0.043) | plies 103 decisive 82% | buffer 200000 steps 14569 | 66.7 g/min eta 13.0h
[7925/60000] loss 2.055 (pi 1.650 v 0.079 q 0.027 c 0.043) | plies 102 decisive 82% | buffer 200000 steps 14615 | 66.8 g/min eta 13.0h
[7950/60000] loss 2.057 (pi 1.650 v 0.080 q 0.027 c 0.043) | plies 105 decisive 79% | buffer 200000 steps 14667 | 66.8 g/min eta 13.0h
[7975/60000] loss 2.059 (pi 1.649 v 0.080 q 0.027 c 0.043) | plies 104 decisive 79% | buffer 200000 steps 14709 | 66.8 g/min eta 13.0h
[8000/60000] loss 2.051 (pi 1.642 v 0.081 q 0.027 c 0.043) | plies 105 decisive 78% | buffer 200000 steps 14753 | 66.7 g/min eta 13.0h
  EVAL @8000: q-greedy 3-21-0 | policy-greedy 6-18-0 | search 7-1-0 (eval 70s)
[8025/60000] loss 2.059 (pi 1.648 v 0.081 q 0.027 c 0.043) | plies 104 decisive 78% | buffer 200000 steps 14799 | 66.2 g/min eta 13.1h
[8050/60000] loss 2.054 (pi 1.644 v 0.080 q 0.027 c 0.043) | plies 104 decisive 79% | buffer 200000 steps 14846 | 66.3 g/min eta 13.1h
[8075/60000] loss 2.059 (pi 1.648 v 0.080 q 0.027 c 0.043) | plies 102 decisive 78% | buffer 200000 steps 14889 | 66.5 g/min eta 13.0h
[8100/60000] loss 2.056 (pi 1.648 v 0.080 q 0.027 c 0.043) | plies 101 decisive 81% | buffer 200000 steps 14931 | 66.6 g/min eta 13.0h
[8125/60000] loss 2.063 (pi 1.653 v 0.081 q 0.027 c 0.043) | plies 102 decisive 79% | buffer 200000 steps 14976 | 66.6 g/min eta 13.0h
[8150/60000] loss 2.063 (pi 1.656 v 0.080 q 0.027 c 0.043) | plies 100 decisive 82% | buffer 200000 steps 15020 | 66.6 g/min eta 13.0h
[8175/60000] loss 2.061 (pi 1.655 v 0.080 q 0.027 c 0.043) | plies 101 decisive 82% | buffer 200000 steps 15070 | 66.6 g/min eta 13.0h
[8200/60000] loss 2.056 (pi 1.650 v 0.080 q 0.028 c 0.045) | plies 101 decisive 84% | buffer 200000 steps 15119 | 66.6 g/min eta 13.0h
[8225/60000] loss 2.056 (pi 1.649 v 0.080 q 0.028 c 0.045) | plies 99 decisive 84% | buffer 200000 steps 15159 | 66.7 g/min eta 12.9h
[8250/60000] loss 2.058 (pi 1.653 v 0.080 q 0.027 c 0.044) | plies 99 decisive 84% | buffer 200000 steps 15203 | 66.7 g/min eta 12.9h
[8275/60000] loss 2.054 (pi 1.649 v 0.080 q 0.027 c 0.044) | plies 102 decisive 83% | buffer 200000 steps 15252 | 66.6 g/min eta 12.9h
[8300/60000] loss 2.047 (pi 1.641 v 0.080 q 0.028 c 0.043) | plies 105 decisive 81% | buffer 200000 steps 15302 | 66.6 g/min eta 12.9h
[8325/60000] loss 2.044 (pi 1.638 v 0.080 q 0.028 c 0.045) | plies 105 decisive 82% | buffer 200000 steps 15348 | 66.6 g/min eta 12.9h
[8350/60000] loss 2.050 (pi 1.645 v 0.081 q 0.028 c 0.045) | plies 104 decisive 82% | buffer 200000 steps 15395 | 66.6 g/min eta 12.9h
[8375/60000] loss 2.045 (pi 1.643 v 0.080 q 0.027 c 0.044) | plies 104 decisive 83% | buffer 200000 steps 15446 | 66.7 g/min eta 12.9h
[8400/60000] loss 2.042 (pi 1.639 v 0.081 q 0.028 c 0.045) | plies 103 decisive 82% | buffer 200000 steps 15492 | 66.7 g/min eta 12.9h
[8425/60000] loss 2.046 (pi 1.642 v 0.081 q 0.028 c 0.044) | plies 103 decisive 82% | buffer 200000 steps 15538 | 66.7 g/min eta 12.9h
[8450/60000] loss 2.047 (pi 1.641 v 0.081 q 0.028 c 0.044) | plies 102 decisive 84% | buffer 200000 steps 15584 | 66.7 g/min eta 12.9h
[8475/60000] loss 2.041 (pi 1.637 v 0.080 q 0.028 c 0.044) | plies 102 decisive 83% | buffer 200000 steps 15627 | 66.7 g/min eta 12.9h
[8500/60000] loss 2.032 (pi 1.631 v 0.080 q 0.027 c 0.043) | plies 100 decisive 84% | buffer 200000 steps 15674 | 66.7 g/min eta 12.9h
[8525/60000] loss 2.035 (pi 1.632 v 0.081 q 0.028 c 0.044) | plies 99 decisive 84% | buffer 200000 steps 15719 | 66.7 g/min eta 12.9h
[8550/60000] loss 2.033 (pi 1.630 v 0.080 q 0.028 c 0.043) | plies 100 decisive 82% | buffer 200000 steps 15770 | 66.8 g/min eta 12.8h
[8575/60000] loss 2.042 (pi 1.638 v 0.080 q 0.028 c 0.044) | plies 102 decisive 80% | buffer 200000 steps 15820 | 66.6 g/min eta 12.9h
[8600/60000] loss 2.042 (pi 1.639 v 0.080 q 0.028 c 0.044) | plies 102 decisive 81% | buffer 200000 steps 15864 | 66.7 g/min eta 12.8h
[8625/60000] loss 2.039 (pi 1.636 v 0.080 q 0.028 c 0.043) | plies 103 decisive 80% | buffer 200000 steps 15916 | 66.7 g/min eta 12.8h
[8650/60000] loss 2.041 (pi 1.640 v 0.079 q 0.027 c 0.043) | plies 104 decisive 80% | buffer 200000 steps 15967 | 66.7 g/min eta 12.8h
[8675/60000] loss 2.042 (pi 1.642 v 0.079 q 0.027 c 0.042) | plies 103 decisive 82% | buffer 200000 steps 16011 | 66.7 g/min eta 12.8h
[8700/60000] loss 2.038 (pi 1.639 v 0.079 q 0.027 c 0.042) | plies 104 decisive 82% | buffer 200000 steps 16062 | 66.7 g/min eta 12.8h
[8725/60000] loss 2.038 (pi 1.640 v 0.079 q 0.027 c 0.043) | plies 105 decisive 82% | buffer 200000 steps 16107 | 66.7 g/min eta 12.8h
[8750/60000] loss 2.031 (pi 1.631 v 0.080 q 0.027 c 0.043) | plies 105 decisive 82% | buffer 200000 steps 16156 | 66.7 g/min eta 12.8h
[8775/60000] loss 2.025 (pi 1.627 v 0.079 q 0.027 c 0.043) | plies 103 decisive 84% | buffer 200000 steps 16204 | 66.6 g/min eta 12.8h
[8800/60000] loss 2.033 (pi 1.635 v 0.080 q 0.027 c 0.043) | plies 105 decisive 83% | buffer 200000 steps 16254 | 66.7 g/min eta 12.8h
[8825/60000] loss 2.038 (pi 1.641 v 0.079 q 0.028 c 0.044) | plies 105 decisive 82% | buffer 200000 steps 16302 | 66.7 g/min eta 12.8h
[8850/60000] loss 2.035 (pi 1.641 v 0.078 q 0.027 c 0.043) | plies 104 decisive 82% | buffer 200000 steps 16342 | 66.8 g/min eta 12.8h
[8875/60000] loss 2.032 (pi 1.641 v 0.078 q 0.028 c 0.043) | plies 104 decisive 81% | buffer 200000 steps 16387 | 66.8 g/min eta 12.8h
[8900/60000] loss 2.027 (pi 1.638 v 0.079 q 0.028 c 0.043) | plies 104 decisive 80% | buffer 200000 steps 16438 | 66.8 g/min eta 12.8h
[8925/60000] loss 2.039 (pi 1.646 v 0.080 q 0.028 c 0.043) | plies 105 decisive 82% | buffer 200000 steps 16487 | 66.8 g/min eta 12.7h
[8950/60000] loss 2.044 (pi 1.649 v 0.080 q 0.028 c 0.043) | plies 103 decisive 82% | buffer 200000 steps 16530 | 66.8 g/min eta 12.7h
[8975/60000] loss 2.045 (pi 1.650 v 0.080 q 0.028 c 0.043) | plies 102 decisive 82% | buffer 200000 steps 16579 | 66.7 g/min eta 12.7h
[9000/60000] loss 2.040 (pi 1.645 v 0.080 q 0.027 c 0.043) | plies 100 decisive 84% | buffer 200000 steps 16624 | 66.8 g/min eta 12.7h
  EVAL @9000: q-greedy 5-19-0 | policy-greedy 5-19-0 | search 8-0-0 (eval 63s)
[9025/60000] loss 2.040 (pi 1.645 v 0.080 q 0.027 c 0.042) | plies 98 decisive 86% | buffer 200000 steps 16664 | 66.3 g/min eta 12.8h
[9050/60000] loss 2.036 (pi 1.642 v 0.080 q 0.027 c 0.042) | plies 99 decisive 84% | buffer 200000 steps 16711 | 66.5 g/min eta 12.8h
[9075/60000] loss 2.030 (pi 1.636 v 0.079 q 0.027 c 0.043) | plies 98 decisive 86% | buffer 200000 steps 16752 | 66.6 g/min eta 12.7h
[9100/60000] loss 2.034 (pi 1.639 v 0.080 q 0.027 c 0.043) | plies 98 decisive 86% | buffer 200000 steps 16798 | 66.7 g/min eta 12.7h
[9125/60000] loss 2.036 (pi 1.641 v 0.080 q 0.027 c 0.043) | plies 96 decisive 86% | buffer 200000 steps 16843 | 66.7 g/min eta 12.7h
[9150/60000] loss 2.033 (pi 1.639 v 0.080 q 0.028 c 0.043) | plies 98 decisive 84% | buffer 200000 steps 16889 | 66.7 g/min eta 12.7h
[9175/60000] loss 2.030 (pi 1.634 v 0.081 q 0.028 c 0.043) | plies 99 decisive 84% | buffer 200000 steps 16935 | 66.7 g/min eta 12.7h
[9200/60000] loss 2.034 (pi 1.638 v 0.081 q 0.028 c 0.043) | plies 101 decisive 81% | buffer 200000 steps 16983 | 66.7 g/min eta 12.7h
[9225/60000] loss 2.037 (pi 1.640 v 0.081 q 0.028 c 0.043) | plies 103 decisive 81% | buffer 200000 steps 17028 | 66.7 g/min eta 12.7h
[9250/60000] loss 2.038 (pi 1.642 v 0.081 q 0.028 c 0.044) | plies 103 decisive 82% | buffer 200000 steps 17078 | 66.7 g/min eta 12.7h
[9275/60000] loss 2.035 (pi 1.634 v 0.083 q 0.028 c 0.043) | plies 104 decisive 80% | buffer 200000 steps 17127 | 66.7 g/min eta 12.7h
[9300/60000] loss 2.044 (pi 1.641 v 0.082 q 0.028 c 0.044) | plies 105 decisive 80% | buffer 200000 steps 17172 | 66.7 g/min eta 12.7h
[9325/60000] loss 2.034 (pi 1.632 v 0.082 q 0.028 c 0.044) | plies 107 decisive 78% | buffer 200000 steps 17219 | 66.7 g/min eta 12.7h
[9350/60000] loss 2.032 (pi 1.633 v 0.081 q 0.028 c 0.043) | plies 105 decisive 80% | buffer 200000 steps 17262 | 66.7 g/min eta 12.7h
[9375/60000] loss 2.036 (pi 1.637 v 0.081 q 0.027 c 0.043) | plies 104 decisive 81% | buffer 200000 steps 17311 | 66.7 g/min eta 12.6h
[9400/60000] loss 2.031 (pi 1.633 v 0.081 q 0.028 c 0.042) | plies 103 decisive 82% | buffer 200000 steps 17356 | 66.8 g/min eta 12.6h
[9425/60000] loss 2.026 (pi 1.628 v 0.081 q 0.028 c 0.041) | plies 102 decisive 82% | buffer 200000 steps 17396 | 66.8 g/min eta 12.6h
[9450/60000] loss 2.037 (pi 1.640 v 0.081 q 0.028 c 0.042) | plies 102 decisive 80% | buffer 200000 steps 17448 | 66.8 g/min eta 12.6h
[9475/60000] loss 2.040 (pi 1.639 v 0.082 q 0.028 c 0.042) | plies 101 decisive 80% | buffer 200000 steps 17490 | 66.8 g/min eta 12.6h
[9500/60000] loss 2.037 (pi 1.640 v 0.081 q 0.028 c 0.044) | plies 101 decisive 82% | buffer 200000 steps 17536 | 66.8 g/min eta 12.6h
[9525/60000] loss 2.036 (pi 1.640 v 0.081 q 0.028 c 0.043) | plies 99 decisive 86% | buffer 200000 steps 17582 | 66.8 g/min eta 12.6h
[9550/60000] loss 2.032 (pi 1.636 v 0.081 q 0.027 c 0.043) | plies 100 decisive 84% | buffer 200000 steps 17631 | 66.7 g/min eta 12.6h
[9575/60000] loss 2.032 (pi 1.634 v 0.082 q 0.027 c 0.042) | plies 101 decisive 82% | buffer 200000 steps 17679 | 66.7 g/min eta 12.6h
[9600/60000] loss 2.040 (pi 1.644 v 0.081 q 0.027 c 0.041) | plies 101 decisive 82% | buffer 200000 steps 17727 | 66.7 g/min eta 12.6h
[9625/60000] loss 2.033 (pi 1.637 v 0.081 q 0.027 c 0.042) | plies 103 decisive 82% | buffer 200000 steps 17775 | 66.7 g/min eta 12.6h
[9650/60000] loss 2.034 (pi 1.641 v 0.081 q 0.028 c 0.042) | plies 101 decisive 81% | buffer 200000 steps 17820 | 66.8 g/min eta 12.6h
[9675/60000] loss 2.034 (pi 1.639 v 0.081 q 0.027 c 0.042) | plies 102 decisive 80% | buffer 200000 steps 17868 | 66.8 g/min eta 12.6h
[9700/60000] loss 2.034 (pi 1.638 v 0.081 q 0.027 c 0.041) | plies 102 decisive 81% | buffer 200000 steps 17913 | 66.8 g/min eta 12.5h
[9725/60000] loss 2.042 (pi 1.644 v 0.081 q 0.028 c 0.042) | plies 103 decisive 78% | buffer 200000 steps 17958 | 66.8 g/min eta 12.5h
[9750/60000] loss 2.043 (pi 1.646 v 0.081 q 0.028 c 0.041) | plies 101 decisive 80% | buffer 200000 steps 17996 | 66.8 g/min eta 12.5h
[9775/60000] loss 2.039 (pi 1.643 v 0.081 q 0.028 c 0.042) | plies 102 decisive 81% | buffer 200000 steps 18045 | 66.8 g/min eta 12.5h
[9800/60000] loss 2.041 (pi 1.646 v 0.081 q 0.028 c 0.043) | plies 102 decisive 82% | buffer 200000 steps 18092 | 66.8 g/min eta 12.5h
[9825/60000] loss 2.041 (pi 1.647 v 0.081 q 0.028 c 0.042) | plies 101 decisive 82% | buffer 200000 steps 18139 | 66.8 g/min eta 12.5h
[9850/60000] loss 2.055 (pi 1.660 v 0.081 q 0.028 c 0.042) | plies 102 decisive 83% | buffer 200000 steps 18185 | 66.9 g/min eta 12.5h
[9875/60000] loss 2.052 (pi 1.654 v 0.082 q 0.028 c 0.041) | plies 102 decisive 85% | buffer 200000 steps 18235 | 66.9 g/min eta 12.5h
[9900/60000] loss 2.051 (pi 1.650 v 0.082 q 0.028 c 0.042) | plies 100 decisive 84% | buffer 200000 steps 18276 | 66.8 g/min eta 12.5h
[9925/60000] loss 2.042 (pi 1.646 v 0.081 q 0.028 c 0.041) | plies 100 decisive 84% | buffer 200000 steps 18322 | 66.8 g/min eta 12.5h
[9950/60000] loss 2.028 (pi 1.632 v 0.081 q 0.028 c 0.041) | plies 103 decisive 82% | buffer 200000 steps 18371 | 66.8 g/min eta 12.5h
[9975/60000] loss 2.032 (pi 1.635 v 0.081 q 0.028 c 0.041) | plies 102 decisive 82% | buffer 200000 steps 18418 | 66.8 g/min eta 12.5h
[10000/60000] loss 2.031 (pi 1.635 v 0.081 q 0.027 c 0.041) | plies 103 decisive 82% | buffer 200000 steps 18464 | 66.8 g/min eta 12.5h
  EVAL @10000: q-greedy 3-21-0 | policy-greedy 8-16-0 | search 8-0-0 (eval 54s)
[10025/60000] loss 2.033 (pi 1.637 v 0.081 q 0.027 c 0.041) | plies 103 decisive 80% | buffer 200000 steps 18510 | 66.5 g/min eta 12.5h
[10050/60000] loss 2.038 (pi 1.641 v 0.081 q 0.027 c 0.042) | plies 103 decisive 81% | buffer 200000 steps 18555 | 66.6 g/min eta 12.5h
[10075/60000] loss 2.042 (pi 1.644 v 0.081 q 0.028 c 0.042) | plies 102 decisive 80% | buffer 200000 steps 18600 | 66.7 g/min eta 12.5h
[10100/60000] loss 2.047 (pi 1.648 v 0.080 q 0.028 c 0.042) | plies 107 decisive 75% | buffer 200000 steps 18653 | 66.8 g/min eta 12.5h
[10125/60000] loss 2.054 (pi 1.651 v 0.082 q 0.028 c 0.043) | plies 107 decisive 75% | buffer 200000 steps 18702 | 66.8 g/min eta 12.4h
[10150/60000] loss 2.053 (pi 1.651 v 0.082 q 0.028 c 0.043) | plies 106 decisive 76% | buffer 200000 steps 18744 | 66.8 g/min eta 12.4h
[10175/60000] loss 2.053 (pi 1.648 v 0.082 q 0.028 c 0.043) | plies 106 decisive 76% | buffer 200000 steps 18794 | 66.8 g/min eta 12.4h
[10200/60000] loss 2.049 (pi 1.643 v 0.081 q 0.028 c 0.043) | plies 105 decisive 74% | buffer 200000 steps 18839 | 66.8 g/min eta 12.4h
[10225/60000] loss 2.049 (pi 1.644 v 0.081 q 0.028 c 0.043) | plies 106 decisive 76% | buffer 200000 steps 18884 | 66.8 g/min eta 12.4h
[10250/60000] loss 2.043 (pi 1.637 v 0.082 q 0.028 c 0.043) | plies 107 decisive 75% | buffer 200000 steps 18931 | 66.8 g/min eta 12.4h
[10275/60000] loss 2.043 (pi 1.636 v 0.082 q 0.028 c 0.043) | plies 105 decisive 76% | buffer 200000 steps 18973 | 66.8 g/min eta 12.4h
[10300/60000] loss 2.048 (pi 1.642 v 0.082 q 0.028 c 0.043) | plies 102 decisive 80% | buffer 200000 steps 19016 | 66.8 g/min eta 12.4h
[10325/60000] loss 2.050 (pi 1.646 v 0.081 q 0.028 c 0.043) | plies 101 decisive 80% | buffer 200000 steps 19060 | 66.9 g/min eta 12.4h
[10350/60000] loss 2.047 (pi 1.642 v 0.082 q 0.028 c 0.043) | plies 99 decisive 82% | buffer 200000 steps 19097 | 66.9 g/min eta 12.4h
[10375/60000] loss 2.046 (pi 1.641 v 0.082 q 0.028 c 0.042) | plies 97 decisive 82% | buffer 200000 steps 19140 | 66.8 g/min eta 12.4h
[10400/60000] loss 2.045 (pi 1.639 v 0.082 q 0.027 c 0.042) | plies 97 decisive 84% | buffer 200000 steps 19185 | 66.8 g/min eta 12.4h
[10425/60000] loss 2.050 (pi 1.640 v 0.083 q 0.028 c 0.042) | plies 98 decisive 82% | buffer 200000 steps 19236 | 66.8 g/min eta 12.4h
[10450/60000] loss 2.048 (pi 1.638 v 0.083 q 0.028 c 0.042) | plies 97 decisive 82% | buffer 200000 steps 19285 | 66.8 g/min eta 12.4h
[10475/60000] loss 2.049 (pi 1.639 v 0.082 q 0.028 c 0.043) | plies 98 decisive 82% | buffer 200000 steps 19326 | 66.9 g/min eta 12.3h
[10500/60000] loss 2.049 (pi 1.643 v 0.082 q 0.028 c 0.043) | plies 100 decisive 82% | buffer 200000 steps 19377 | 66.9 g/min eta 12.3h
[10525/60000] loss 2.046 (pi 1.642 v 0.081 q 0.028 c 0.043) | plies 101 decisive 82% | buffer 200000 steps 19427 | 66.8 g/min eta 12.3h
[10550/60000] loss 2.050 (pi 1.646 v 0.081 q 0.027 c 0.043) | plies 105 decisive 78% | buffer 200000 steps 19478 | 66.9 g/min eta 12.3h
[10575/60000] loss 2.043 (pi 1.638 v 0.081 q 0.028 c 0.042) | plies 107 decisive 76% | buffer 200000 steps 19525 | 66.9 g/min eta 12.3h
[10600/60000] loss 2.055 (pi 1.648 v 0.082 q 0.028 c 0.042) | plies 108 decisive 76% | buffer 200000 steps 19572 | 66.9 g/min eta 12.3h
[10625/60000] loss 2.048 (pi 1.642 v 0.081 q 0.028 c 0.042) | plies 105 decisive 78% | buffer 200000 steps 19615 | 66.9 g/min eta 12.3h
[10650/60000] loss 2.056 (pi 1.650 v 0.081 q 0.028 c 0.043) | plies 107 decisive 76% | buffer 200000 steps 19662 | 66.9 g/min eta 12.3h
[10675/60000] loss 2.056 (pi 1.650 v 0.081 q 0.028 c 0.043) | plies 107 decisive 77% | buffer 200000 steps 19700 | 66.9 g/min eta 12.3h
[10700/60000] loss 2.052 (pi 1.645 v 0.081 q 0.028 c 0.042) | plies 105 decisive 76% | buffer 200000 steps 19747 | 66.9 g/min eta 12.3h
[10725/60000] loss 2.047 (pi 1.642 v 0.082 q 0.028 c 0.042) | plies 105 decisive 76% | buffer 200000 steps 19795 | 66.9 g/min eta 12.3h
[10750/60000] loss 2.050 (pi 1.642 v 0.081 q 0.028 c 0.043) | plies 104 decisive 78% | buffer 200000 steps 19843 | 66.9 g/min eta 12.3h
[10775/60000] loss 2.057 (pi 1.645 v 0.082 q 0.028 c 0.044) | plies 103 decisive 80% | buffer 200000 steps 19890 | 66.9 g/min eta 12.3h
[10800/60000] loss 2.049 (pi 1.635 v 0.082 q 0.028 c 0.044) | plies 102 decisive 78% | buffer 200000 steps 19935 | 66.9 g/min eta 12.3h
[10825/60000] loss 2.053 (pi 1.637 v 0.083 q 0.028 c 0.044) | plies 102 decisive 78% | buffer 200000 steps 19977 | 66.9 g/min eta 12.2h
[10850/60000] loss 2.061 (pi 1.645 v 0.083 q 0.029 c 0.044) | plies 99 decisive 81% | buffer 200000 steps 20021 | 67.0 g/min eta 12.2h
[10875/60000] loss 2.059 (pi 1.644 v 0.083 q 0.028 c 0.044) | plies 102 decisive 79% | buffer 200000 steps 20071 | 66.9 g/min eta 12.2h
[10900/60000] loss 2.055 (pi 1.643 v 0.083 q 0.028 c 0.044) | plies 102 decisive 79% | buffer 200000 steps 20115 | 66.9 g/min eta 12.2h
[10925/60000] loss 2.062 (pi 1.648 v 0.083 q 0.028 c 0.043) | plies 101 decisive 80% | buffer 200000 steps 20161 | 66.9 g/min eta 12.2h
[10950/60000] loss 2.065 (pi 1.649 v 0.083 q 0.028 c 0.042) | plies 102 decisive 77% | buffer 200000 steps 20212 | 66.9 g/min eta 12.2h
[10975/60000] loss 2.065 (pi 1.649 v 0.082 q 0.028 c 0.042) | plies 101 decisive 78% | buffer 200000 steps 20254 | 67.0 g/min eta 12.2h
[11000/60000] loss 2.053 (pi 1.641 v 0.081 q 0.028 c 0.042) | plies 102 decisive 80% | buffer 200000 steps 20301 | 66.9 g/min eta 12.2h
  EVAL @11000: q-greedy 7-17-0 | policy-greedy 7-17-0 | search 8-0-0 (eval 52s)
[11025/60000] loss 2.057 (pi 1.647 v 0.080 q 0.028 c 0.042) | plies 103 decisive 80% | buffer 200000 steps 20348 | 66.6 g/min eta 12.3h
[11050/60000] loss 2.060 (pi 1.649 v 0.081 q 0.028 c 0.043) | plies 104 decisive 80% | buffer 200000 steps 20394 | 66.7 g/min eta 12.2h
[11075/60000] loss 2.057 (pi 1.648 v 0.081 q 0.028 c 0.043) | plies 103 decisive 82% | buffer 200000 steps 20443 | 66.8 g/min eta 12.2h
[11100/60000] loss 2.048 (pi 1.640 v 0.082 q 0.028 c 0.043) | plies 101 decisive 83% | buffer 200000 steps 20479 | 66.9 g/min eta 12.2h
[11125/60000] loss 2.053 (pi 1.644 v 0.082 q 0.028 c 0.043) | plies 99 decisive 85% | buffer 200000 steps 20524 | 66.9 g/min eta 12.2h
[11150/60000] loss 2.053 (pi 1.646 v 0.081 q 0.028 c 0.043) | plies 98 decisive 86% | buffer 200000 steps 20573 | 66.9 g/min eta 12.2h
[11175/60000] loss 2.055 (pi 1.644 v 0.082 q 0.028 c 0.043) | plies 100 decisive 84% | buffer 200000 steps 20617 | 66.9 g/min eta 12.2h
[11200/60000] loss 2.047 (pi 1.636 v 0.082 q 0.028 c 0.043) | plies 101 decisive 82% | buffer 200000 steps 20667 | 66.9 g/min eta 12.2h
[11225/60000] loss 2.043 (pi 1.635 v 0.081 q 0.028 c 0.042) | plies 102 decisive 78% | buffer 200000 steps 20716 | 66.9 g/min eta 12.1h
[11250/60000] loss 2.049 (pi 1.639 v 0.081 q 0.028 c 0.042) | plies 102 decisive 76% | buffer 200000 steps 20761 | 66.9 g/min eta 12.1h
[11275/60000] loss 2.047 (pi 1.636 v 0.081 q 0.028 c 0.043) | plies 99 decisive 77% | buffer 200000 steps 20799 | 67.0 g/min eta 12.1h
[11300/60000] loss 2.061 (pi 1.650 v 0.082 q 0.028 c 0.043) | plies 103 decisive 76% | buffer 200000 steps 20849 | 67.0 g/min eta 12.1h
[11325/60000] loss 2.061 (pi 1.649 v 0.082 q 0.028 c 0.043) | plies 103 decisive 75% | buffer 200000 steps 20891 | 66.9 g/min eta 12.1h
[11350/60000] loss 2.058 (pi 1.644 v 0.083 q 0.028 c 0.044) | plies 103 decisive 76% | buffer 200000 steps 20938 | 66.9 g/min eta 12.1h
[11375/60000] loss 2.060 (pi 1.642 v 0.083 q 0.029 c 0.043) | plies 102 decisive 77% | buffer 200000 steps 20984 | 66.9 g/min eta 12.1h
[11400/60000] loss 2.055 (pi 1.640 v 0.083 q 0.028 c 0.043) | plies 101 decisive 80% | buffer 200000 steps 21028 | 66.9 g/min eta 12.1h
[11425/60000] loss 2.052 (pi 1.639 v 0.082 q 0.029 c 0.043) | plies 101 decisive 81% | buffer 200000 steps 21079 | 67.0 g/min eta 12.1h
[11450/60000] loss 2.053 (pi 1.638 v 0.083 q 0.029 c 0.044) | plies 102 decisive 80% | buffer 200000 steps 21126 | 67.0 g/min eta 12.1h
[11475/60000] loss 2.048 (pi 1.638 v 0.082 q 0.028 c 0.044) | plies 106 decisive 79% | buffer 200000 steps 21179 | 67.0 g/min eta 12.1h
[11500/60000] loss 2.053 (pi 1.645 v 0.082 q 0.028 c 0.044) | plies 103 decisive 82% | buffer 200000 steps 21220 | 67.0 g/min eta 12.1h
[11525/60000] loss 2.055 (pi 1.644 v 0.082 q 0.028 c 0.043) | plies 105 decisive 82% | buffer 200000 steps 21269 | 66.9 g/min eta 12.1h
[11550/60000] loss 2.053 (pi 1.643 v 0.082 q 0.028 c 0.044) | plies 105 decisive 81% | buffer 200000 steps 21318 | 66.9 g/min eta 12.1h
[11575/60000] loss 2.060 (pi 1.646 v 0.083 q 0.029 c 0.044) | plies 105 decisive 82% | buffer 200000 steps 21363 | 67.0 g/min eta 12.1h
[11600/60000] loss 2.054 (pi 1.640 v 0.083 q 0.029 c 0.044) | plies 104 decisive 83% | buffer 200000 steps 21408 | 67.0 g/min eta 12.0h
[11625/60000] loss 2.055 (pi 1.640 v 0.083 q 0.028 c 0.044) | plies 103 decisive 82% | buffer 200000 steps 21453 | 67.0 g/min eta 12.0h
[11650/60000] loss 2.059 (pi 1.643 v 0.083 q 0.029 c 0.045) | plies 102 decisive 85% | buffer 200000 steps 21497 | 67.0 g/min eta 12.0h
[11675/60000] loss 2.057 (pi 1.641 v 0.084 q 0.029 c 0.045) | plies 101 decisive 85% | buffer 200000 steps 21548 | 67.0 g/min eta 12.0h
[11700/60000] loss 2.054 (pi 1.639 v 0.083 q 0.029 c 0.045) | plies 102 decisive 84% | buffer 200000 steps 21590 | 67.0 g/min eta 12.0h
[11725/60000] loss 2.046 (pi 1.635 v 0.082 q 0.029 c 0.045) | plies 102 decisive 83% | buffer 200000 steps 21641 | 67.0 g/min eta 12.0h
[11750/60000] loss 2.045 (pi 1.634 v 0.082 q 0.028 c 0.045) | plies 103 decisive 82% | buffer 200000 steps 21690 | 67.0 g/min eta 12.0h
[11775/60000] loss 2.051 (pi 1.639 v 0.082 q 0.028 c 0.045) | plies 104 decisive 80% | buffer 200000 steps 21733 | 67.0 g/min eta 12.0h
[11800/60000] loss 2.051 (pi 1.641 v 0.082 q 0.028 c 0.046) | plies 105 decisive 78% | buffer 200000 steps 21782 | 67.0 g/min eta 12.0h
[11825/60000] loss 2.051 (pi 1.641 v 0.082 q 0.028 c 0.045) | plies 104 decisive 80% | buffer 200000 steps 21824 | 67.0 g/min eta 12.0h
[11850/60000] loss 2.049 (pi 1.637 v 0.082 q 0.028 c 0.045) | plies 103 decisive 80% | buffer 200000 steps 21865 | 67.0 g/min eta 12.0h
[11875/60000] loss 2.045 (pi 1.634 v 0.082 q 0.028 c 0.045) | plies 102 decisive 80% | buffer 200000 steps 21909 | 67.0 g/min eta 12.0h
[11900/60000] loss 2.052 (pi 1.638 v 0.082 q 0.028 c 0.044) | plies 104 decisive 77% | buffer 200000 steps 21962 | 67.0 g/min eta 12.0h
[11925/60000] loss 2.053 (pi 1.638 v 0.083 q 0.028 c 0.044) | plies 104 decisive 76% | buffer 200000 steps 22006 | 67.0 g/min eta 12.0h
[11950/60000] loss 2.060 (pi 1.644 v 0.083 q 0.028 c 0.044) | plies 102 decisive 78% | buffer 200000 steps 22049 | 67.0 g/min eta 12.0h
[11975/60000] loss 2.058 (pi 1.644 v 0.082 q 0.028 c 0.043) | plies 103 decisive 77% | buffer 200000 steps 22096 | 67.0 g/min eta 11.9h
[12000/60000] loss 2.056 (pi 1.643 v 0.082 q 0.028 c 0.043) | plies 103 decisive 78% | buffer 200000 steps 22143 | 67.0 g/min eta 11.9h
  EVAL @12000: q-greedy 2-22-0 | policy-greedy 10-14-0 | search 8-0-0 (eval 61s)
[12025/60000] loss 2.053 (pi 1.640 v 0.083 q 0.029 c 0.044) | plies 105 decisive 76% | buffer 200000 steps 22193 | 66.7 g/min eta 12.0h
[12050/60000] loss 2.051 (pi 1.640 v 0.082 q 0.028 c 0.044) | plies 106 decisive 76% | buffer 200000 steps 22239 | 66.8 g/min eta 12.0h
[12075/60000] loss 2.053 (pi 1.641 v 0.083 q 0.028 c 0.045) | plies 108 decisive 75% | buffer 200000 steps 22289 | 66.9 g/min eta 11.9h
[12100/60000] loss 2.054 (pi 1.645 v 0.081 q 0.028 c 0.045) | plies 105 decisive 77% | buffer 200000 steps 22337 | 67.0 g/min eta 11.9h
[12125/60000] loss 2.059 (pi 1.649 v 0.081 q 0.028 c 0.045) | plies 105 decisive 79% | buffer 200000 steps 22386 | 67.0 g/min eta 11.9h
[12150/60000] loss 2.057 (pi 1.649 v 0.081 q 0.028 c 0.046) | plies 106 decisive 78% | buffer 200000 steps 22433 | 66.9 g/min eta 11.9h
[12175/60000] loss 2.064 (pi 1.655 v 0.081 q 0.028 c 0.046) | plies 105 decisive 80% | buffer 200000 steps 22481 | 66.9 g/min eta 11.9h
[12200/60000] loss 2.063 (pi 1.651 v 0.082 q 0.028 c 0.046) | plies 105 decisive 80% | buffer 200000 steps 22530 | 66.9 g/min eta 11.9h
[12225/60000] loss 2.056 (pi 1.644 v 0.082 q 0.028 c 0.045) | plies 105 decisive 81% | buffer 200000 steps 22579 | 66.9 g/min eta 11.9h
[12250/60000] loss 2.041 (pi 1.633 v 0.082 q 0.028 c 0.045) | plies 104 decisive 82% | buffer 200000 steps 22624 | 66.9 g/min eta 11.9h
[12275/60000] loss 2.040 (pi 1.632 v 0.081 q 0.028 c 0.045) | plies 103 decisive 83% | buffer 200000 steps 22671 | 67.0 g/min eta 11.9h
[12300/60000] loss 2.048 (pi 1.642 v 0.081 q 0.028 c 0.045) | plies 106 decisive 81% | buffer 200000 steps 22725 | 66.9 g/min eta 11.9h
[12325/60000] loss 2.051 (pi 1.643 v 0.081 q 0.028 c 0.045) | plies 105 decisive 81% | buffer 200000 steps 22772 | 66.9 g/min eta 11.9h
[12350/60000] loss 2.045 (pi 1.639 v 0.081 q 0.028 c 0.045) | plies 106 decisive 80% | buffer 200000 steps 22822 | 66.9 g/min eta 11.9h
[12375/60000] loss 2.050 (pi 1.640 v 0.081 q 0.028 c 0.044) | plies 106 decisive 80% | buffer 200000 steps 22870 | 66.9 g/min eta 11.9h
[12400/60000] loss 2.041 (pi 1.633 v 0.081 q 0.028 c 0.045) | plies 104 decisive 81% | buffer 200000 steps 22912 | 66.9 g/min eta 11.9h
[12425/60000] loss 2.044 (pi 1.640 v 0.080 q 0.028 c 0.044) | plies 103 decisive 80% | buffer 200000 steps 22958 | 66.9 g/min eta 11.8h
[12450/60000] loss 2.040 (pi 1.637 v 0.080 q 0.028 c 0.045) | plies 104 decisive 78% | buffer 200000 steps 23008 | 66.9 g/min eta 11.8h
[12475/60000] loss 2.046 (pi 1.642 v 0.081 q 0.029 c 0.046) | plies 105 decisive 76% | buffer 200000 steps 23055 | 67.0 g/min eta 11.8h
[12500/60000] loss 2.045 (pi 1.644 v 0.080 q 0.028 c 0.046) | plies 104 decisive 78% | buffer 200000 steps 23104 | 66.9 g/min eta 11.8h
[12525/60000] loss 2.040 (pi 1.639 v 0.080 q 0.028 c 0.046) | plies 106 decisive 77% | buffer 200000 steps 23153 | 67.0 g/min eta 11.8h
[12550/60000] loss 2.051 (pi 1.648 v 0.081 q 0.028 c 0.046) | plies 106 decisive 76% | buffer 200000 steps 23202 | 67.0 g/min eta 11.8h
[12575/60000] loss 2.044 (pi 1.644 v 0.080 q 0.028 c 0.046) | plies 107 decisive 78% | buffer 200000 steps 23253 | 66.9 g/min eta 11.8h
[12600/60000] loss 2.046 (pi 1.644 v 0.081 q 0.028 c 0.046) | plies 109 decisive 76% | buffer 200000 steps 23302 | 66.9 g/min eta 11.8h
[12625/60000] loss 2.051 (pi 1.649 v 0.081 q 0.028 c 0.046) | plies 110 decisive 76% | buffer 200000 steps 23351 | 66.9 g/min eta 11.8h
[12650/60000] loss 2.053 (pi 1.650 v 0.081 q 0.028 c 0.046) | plies 109 decisive 78% | buffer 200000 steps 23397 | 66.9 g/min eta 11.8h
[12675/60000] loss 2.052 (pi 1.650 v 0.081 q 0.028 c 0.046) | plies 107 decisive 80% | buffer 200000 steps 23445 | 67.0 g/min eta 11.8h
[12700/60000] loss 2.054 (pi 1.651 v 0.080 q 0.028 c 0.047) | plies 106 decisive 80% | buffer 200000 steps 23491 | 67.0 g/min eta 11.8h
[12725/60000] loss 2.052 (pi 1.653 v 0.080 q 0.028 c 0.046) | plies 105 decisive 82% | buffer 200000 steps 23537 | 67.0 g/min eta 11.8h
[12750/60000] loss 2.056 (pi 1.657 v 0.080 q 0.028 c 0.046) | plies 104 decisive 83% | buffer 200000 steps 23585 | 67.0 g/min eta 11.8h
[12775/60000] loss 2.058 (pi 1.655 v 0.081 q 0.028 c 0.047) | plies 102 decisive 84% | buffer 200000 steps 23629 | 67.0 g/min eta 11.8h
[12800/60000] loss 2.060 (pi 1.657 v 0.081 q 0.028 c 0.046) | plies 100 decisive 86% | buffer 200000 steps 23672 | 67.0 g/min eta 11.7h
[12825/60000] loss 2.063 (pi 1.660 v 0.081 q 0.028 c 0.046) | plies 97 decisive 89% | buffer 200000 steps 23713 | 67.0 g/min eta 11.7h
[12850/60000] loss 2.064 (pi 1.662 v 0.081 q 0.028 c 0.047) | plies 99 decisive 86% | buffer 200000 steps 23761 | 67.0 g/min eta 11.7h
[12875/60000] loss 2.066 (pi 1.666 v 0.080 q 0.028 c 0.046) | plies 99 decisive 85% | buffer 200000 steps 23810 | 67.0 g/min eta 11.7h
[12900/60000] loss 2.060 (pi 1.661 v 0.080 q 0.028 c 0.046) | plies 100 decisive 84% | buffer 200000 steps 23859 | 67.0 g/min eta 11.7h
[12925/60000] loss 2.059 (pi 1.659 v 0.080 q 0.028 c 0.047) | plies 101 decisive 81% | buffer 200000 steps 23906 | 67.0 g/min eta 11.7h
[12950/60000] loss 2.058 (pi 1.656 v 0.081 q 0.028 c 0.046) | plies 99 decisive 82% | buffer 200000 steps 23946 | 67.0 g/min eta 11.7h
[12975/60000] loss 2.067 (pi 1.666 v 0.081 q 0.028 c 0.046) | plies 100 decisive 82% | buffer 200000 steps 23991 | 67.0 g/min eta 11.7h
[13000/60000] loss 2.064 (pi 1.665 v 0.080 q 0.028 c 0.046) | plies 101 decisive 80% | buffer 200000 steps 24036 | 67.0 g/min eta 11.7h
  EVAL @13000: q-greedy 4-20-0 | policy-greedy 12-12-0 | search 8-0-0 (eval 74s)
[13025/60000] loss 2.065 (pi 1.666 v 0.080 q 0.028 c 0.047) | plies 102 decisive 78% | buffer 200000 steps 24079 | 66.6 g/min eta 11.8h
[13050/60000] loss 2.070 (pi 1.670 v 0.081 q 0.028 c 0.046) | plies 100 decisive 80% | buffer 200000 steps 24122 | 66.7 g/min eta 11.7h
[13075/60000] loss 2.064 (pi 1.666 v 0.080 q 0.028 c 0.046) | plies 100 decisive 80% | buffer 200000 steps 24166 | 66.8 g/min eta 11.7h
[13100/60000] loss 2.067 (pi 1.665 v 0.081 q 0.027 c 0.046) | plies 101 decisive 80% | buffer 200000 steps 24217 | 66.9 g/min eta 11.7h
[13125/60000] loss 2.066 (pi 1.662 v 0.081 q 0.028 c 0.047) | plies 102 decisive 80% | buffer 200000 steps 24265 | 66.9 g/min eta 11.7h
[13150/60000] loss 2.073 (pi 1.669 v 0.081 q 0.028 c 0.047) | plies 103 decisive 80% | buffer 200000 steps 24310 | 66.9 g/min eta 11.7h
[13175/60000] loss 2.068 (pi 1.664 v 0.081 q 0.028 c 0.047) | plies 103 decisive 80% | buffer 200000 steps 24359 | 66.8 g/min eta 11.7h
[13200/60000] loss 2.069 (pi 1.663 v 0.081 q 0.028 c 0.046) | plies 102 decisive 81% | buffer 200000 steps 24400 | 66.9 g/min eta 11.7h
[13225/60000] loss 2.072 (pi 1.666 v 0.081 q 0.028 c 0.046) | plies 102 decisive 82% | buffer 200000 steps 24448 | 66.9 g/min eta 11.7h
[13250/60000] loss 2.065 (pi 1.662 v 0.081 q 0.028 c 0.045) | plies 105 decisive 80% | buffer 200000 steps 24502 | 66.9 g/min eta 11.7h
[13275/60000] loss 2.071 (pi 1.667 v 0.081 q 0.028 c 0.045) | plies 105 decisive 80% | buffer 200000 steps 24549 | 66.9 g/min eta 11.6h
[13300/60000] loss 2.064 (pi 1.663 v 0.081 q 0.028 c 0.045) | plies 103 decisive 82% | buffer 200000 steps 24599 | 66.9 g/min eta 11.6h
[13325/60000] loss 2.069 (pi 1.669 v 0.080 q 0.028 c 0.045) | plies 103 decisive 82% | buffer 200000 steps 24646 | 66.9 g/min eta 11.6h
[13350/60000] loss 2.070 (pi 1.670 v 0.080 q 0.028 c 0.045) | plies 105 decisive 79% | buffer 200000 steps 24697 | 66.9 g/min eta 11.6h
[13375/60000] loss 2.073 (pi 1.671 v 0.080 q 0.028 c 0.046) | plies 104 decisive 79% | buffer 200000 steps 24742 | 66.9 g/min eta 11.6h
[13400/60000] loss 2.072 (pi 1.668 v 0.081 q 0.028 c 0.045) | plies 104 decisive 80% | buffer 200000 steps 24787 | 66.9 g/min eta 11.6h
[13425/60000] loss 2.078 (pi 1.674 v 0.081 q 0.028 c 0.044) | plies 104 decisive 80% | buffer 200000 steps 24828 | 66.9 g/min eta 11.6h
[13450/60000] loss 2.084 (pi 1.680 v 0.080 q 0.028 c 0.045) | plies 104 decisive 80% | buffer 200000 steps 24882 | 66.9 g/min eta 11.6h
[13475/60000] loss 2.084 (pi 1.682 v 0.081 q 0.028 c 0.045) | plies 102 decisive 82% | buffer 200000 steps 24927 | 66.9 g/min eta 11.6h
[13500/60000] loss 2.086 (pi 1.681 v 0.082 q 0.028 c 0.046) | plies 103 decisive 82% | buffer 200000 steps 24976 | 66.9 g/min eta 11.6h
[13525/60000] loss 2.085 (pi 1.683 v 0.081 q 0.028 c 0.046) | plies 103 decisive 80% | buffer 200000 steps 25027 | 66.9 g/min eta 11.6h
[13550/60000] loss 2.090 (pi 1.686 v 0.081 q 0.028 c 0.045) | plies 101 decisive 82% | buffer 200000 steps 25074 | 66.9 g/min eta 11.6h
[13575/60000] loss 2.093 (pi 1.692 v 0.081 q 0.028 c 0.045) | plies 104 decisive 80% | buffer 200000 steps 25126 | 66.9 g/min eta 11.6h
[13600/60000] loss 2.087 (pi 1.689 v 0.080 q 0.028 c 0.045) | plies 104 decisive 78% | buffer 200000 steps 25170 | 66.9 g/min eta 11.6h
[13625/60000] loss 2.090 (pi 1.690 v 0.081 q 0.028 c 0.046) | plies 103 decisive 80% | buffer 200000 steps 25212 | 66.9 g/min eta 11.5h
[13650/60000] loss 2.097 (pi 1.696 v 0.081 q 0.028 c 0.046) | plies 103 decisive 80% | buffer 200000 steps 25259 | 66.9 g/min eta 11.5h
[13675/60000] loss 2.092 (pi 1.693 v 0.081 q 0.028 c 0.047) | plies 105 decisive 78% | buffer 200000 steps 25309 | 66.9 g/min eta 11.5h
[13700/60000] loss 2.088 (pi 1.690 v 0.081 q 0.028 c 0.046) | plies 103 decisive 80% | buffer 200000 steps 25353 | 66.9 g/min eta 11.5h
[13725/60000] loss 2.099 (pi 1.697 v 0.082 q 0.028 c 0.045) | plies 102 decisive 82% | buffer 200000 steps 25397 | 66.9 g/min eta 11.5h
[13750/60000] loss 2.091 (pi 1.691 v 0.081 q 0.028 c 0.045) | plies 101 decisive 82% | buffer 200000 steps 25444 | 66.9 g/min eta 11.5h
[13775/60000] loss 2.086 (pi 1.685 v 0.082 q 0.028 c 0.046) | plies 100 decisive 84% | buffer 200000 steps 25492 | 66.9 g/min eta 11.5h
[13800/60000] loss 2.088 (pi 1.686 v 0.082 q 0.028 c 0.046) | plies 101 decisive 84% | buffer 200000 steps 25536 | 66.9 g/min eta 11.5h
[13825/60000] loss 2.087 (pi 1.686 v 0.082 q 0.028 c 0.045) | plies 102 decisive 81% | buffer 200000 steps 25580 | 67.0 g/min eta 11.5h
[13850/60000] loss 2.083 (pi 1.682 v 0.081 q 0.028 c 0.046) | plies 102 decisive 82% | buffer 200000 steps 25626 | 67.0 g/min eta 11.5h
[13875/60000] loss 2.089 (pi 1.689 v 0.082 q 0.028 c 0.046) | plies 101 decisive 82% | buffer 200000 steps 25674 | 67.0 g/min eta 11.5h
[13900/60000] loss 2.088 (pi 1.687 v 0.082 q 0.028 c 0.045) | plies 102 decisive 80% | buffer 200000 steps 25718 | 67.0 g/min eta 11.5h
[13925/60000] loss 2.093 (pi 1.692 v 0.081 q 0.028 c 0.046) | plies 102 decisive 80% | buffer 200000 steps 25763 | 67.0 g/min eta 11.5h
[13950/60000] loss 2.095 (pi 1.690 v 0.082 q 0.028 c 0.046) | plies 102 decisive 81% | buffer 200000 steps 25810 | 67.0 g/min eta 11.5h
[13975/60000] loss 2.093 (pi 1.687 v 0.082 q 0.028 c 0.045) | plies 102 decisive 80% | buffer 200000 steps 25860 | 67.0 g/min eta 11.4h
[14000/60000] loss 2.096 (pi 1.688 v 0.082 q 0.028 c 0.046) | plies 101 decisive 82% | buffer 200000 steps 25904 | 67.0 g/min eta 11.4h
  EVAL @14000: q-greedy 3-21-0 | policy-greedy 13-11-0 | search 8-0-0 (eval 58s)
[14025/60000] loss 2.089 (pi 1.683 v 0.083 q 0.028 c 0.046) | plies 101 decisive 82% | buffer 200000 steps 25947 | 66.7 g/min eta 11.5h
[14050/60000] loss 2.096 (pi 1.690 v 0.082 q 0.028 c 0.046) | plies 100 decisive 82% | buffer 200000 steps 25988 | 66.8 g/min eta 11.5h
[14075/60000] loss 2.105 (pi 1.698 v 0.082 q 0.028 c 0.047) | plies 101 decisive 82% | buffer 200000 steps 26038 | 66.9 g/min eta 11.4h
[14100/60000] loss 2.106 (pi 1.699 v 0.082 q 0.028 c 0.046) | plies 101 decisive 83% | buffer 200000 steps 26082 | 66.9 g/min eta 11.4h
[14125/60000] loss 2.104 (pi 1.698 v 0.082 q 0.028 c 0.047) | plies 101 decisive 84% | buffer 200000 steps 26129 | 66.9 g/min eta 11.4h
[14150/60000] loss 2.106 (pi 1.702 v 0.082 q 0.028 c 0.047) | plies 102 decisive 84% | buffer 200000 steps 26179 | 66.9 g/min eta 11.4h
[14175/60000] loss 2.092 (pi 1.690 v 0.081 q 0.028 c 0.048) | plies 102 decisive 84% | buffer 200000 steps 26227 | 66.9 g/min eta 11.4h
[14200/60000] loss 2.086 (pi 1.684 v 0.082 q 0.028 c 0.047) | plies 102 decisive 83% | buffer 200000 steps 26272 | 66.9 g/min eta 11.4h
[14225/60000] loss 2.090 (pi 1.685 v 0.082 q 0.028 c 0.046) | plies 104 decisive 81% | buffer 200000 steps 26322 | 66.9 g/min eta 11.4h
[14250/60000] loss 2.103 (pi 1.694 v 0.083 q 0.028 c 0.046) | plies 107 decisive 80% | buffer 200000 steps 26375 | 66.9 g/min eta 11.4h
[14275/60000] loss 2.109 (pi 1.701 v 0.082 q 0.028 c 0.046) | plies 105 decisive 82% | buffer 200000 steps 26419 | 66.9 g/min eta 11.4h
[14300/60000] loss 2.105 (pi 1.698 v 0.083 q 0.028 c 0.045) | plies 104 decisive 82% | buffer 200000 steps 26460 | 67.0 g/min eta 11.4h
[14325/60000] loss 2.109 (pi 1.700 v 0.084 q 0.028 c 0.047) | plies 104 decisive 82% | buffer 200000 steps 26501 | 67.0 g/min eta 11.4h
[14350/60000] loss 2.104 (pi 1.694 v 0.084 q 0.028 c 0.047) | plies 105 decisive 80% | buffer 200000 steps 26553 | 67.0 g/min eta 11.4h
[14375/60000] loss 2.113 (pi 1.703 v 0.083 q 0.028 c 0.047) | plies 105 decisive 80% | buffer 200000 steps 26599 | 67.0 g/min eta 11.3h
[14400/60000] loss 2.107 (pi 1.698 v 0.083 q 0.028 c 0.046) | plies 106 decisive 80% | buffer 200000 steps 26648 | 67.0 g/min eta 11.3h
[14425/60000] loss 2.104 (pi 1.696 v 0.083 q 0.028 c 0.046) | plies 105 decisive 81% | buffer 200000 steps 26697 | 66.9 g/min eta 11.3h
[14450/60000] loss 2.101 (pi 1.695 v 0.082 q 0.028 c 0.047) | plies 102 decisive 84% | buffer 200000 steps 26741 | 66.9 g/min eta 11.3h
[14475/60000] loss 2.108 (pi 1.700 v 0.082 q 0.028 c 0.046) | plies 103 decisive 82% | buffer 200000 steps 26790 | 66.9 g/min eta 11.3h
[14500/60000] loss 2.105 (pi 1.697 v 0.082 q 0.028 c 0.045) | plies 103 decisive 82% | buffer 200000 steps 26831 | 66.9 g/min eta 11.3h
[14525/60000] loss 2.111 (pi 1.699 v 0.082 q 0.028 c 0.046) | plies 103 decisive 81% | buffer 200000 steps 26875 | 66.9 g/min eta 11.3h
[14550/60000] loss 2.110 (pi 1.698 v 0.083 q 0.028 c 0.046) | plies 102 decisive 82% | buffer 200000 steps 26922 | 67.0 g/min eta 11.3h
[14575/60000] loss 2.114 (pi 1.706 v 0.082 q 0.028 c 0.045) | plies 103 decisive 81% | buffer 200000 steps 26970 | 67.0 g/min eta 11.3h
[14600/60000] loss 2.115 (pi 1.706 v 0.083 q 0.028 c 0.046) | plies 102 decisive 82% | buffer 200000 steps 27017 | 67.0 g/min eta 11.3h
[14625/60000] loss 2.118 (pi 1.710 v 0.082 q 0.028 c 0.046) | plies 101 decisive 82% | buffer 200000 steps 27066 | 67.0 g/min eta 11.3h
[14650/60000] loss 2.118 (pi 1.708 v 0.083 q 0.027 c 0.045) | plies 103 decisive 81% | buffer 200000 steps 27114 | 67.0 g/min eta 11.3h
[14675/60000] loss 2.124 (pi 1.712 v 0.083 q 0.028 c 0.044) | plies 104 decisive 81% | buffer 200000 steps 27162 | 67.0 g/min eta 11.3h
[14700/60000] loss 2.117 (pi 1.706 v 0.083 q 0.028 c 0.044) | plies 105 decisive 80% | buffer 200000 steps 27211 | 67.0 g/min eta 11.3h
[14725/60000] loss 2.121 (pi 1.712 v 0.083 q 0.028 c 0.045) | plies 106 decisive 79% | buffer 200000 steps 27261 | 67.0 g/min eta 11.3h
[14750/60000] loss 2.114 (pi 1.707 v 0.083 q 0.028 c 0.045) | plies 106 decisive 79% | buffer 200000 steps 27308 | 67.0 g/min eta 11.3h
[14775/60000] loss 2.114 (pi 1.708 v 0.083 q 0.028 c 0.045) | plies 105 decisive 80% | buffer 200000 steps 27356 | 66.9 g/min eta 11.3h
[14800/60000] loss 2.120 (pi 1.715 v 0.082 q 0.028 c 0.045) | plies 105 decisive 80% | buffer 200000 steps 27401 | 67.0 g/min eta 11.2h
[14825/60000] loss 2.120 (pi 1.714 v 0.082 q 0.028 c 0.045) | plies 105 decisive 80% | buffer 200000 steps 27450 | 67.0 g/min eta 11.2h
[14850/60000] loss 2.122 (pi 1.716 v 0.082 q 0.028 c 0.045) | plies 104 decisive 82% | buffer 200000 steps 27499 | 67.0 g/min eta 11.2h
[14875/60000] loss 2.122 (pi 1.714 v 0.083 q 0.028 c 0.046) | plies 103 decisive 82% | buffer 200000 steps 27546 | 67.0 g/min eta 11.2h
[14900/60000] loss 2.125 (pi 1.714 v 0.084 q 0.029 c 0.047) | plies 103 decisive 82% | buffer 200000 steps 27593 | 67.0 g/min eta 11.2h
[14925/60000] loss 2.125 (pi 1.713 v 0.083 q 0.028 c 0.047) | plies 101 decisive 84% | buffer 200000 steps 27638 | 67.0 g/min eta 11.2h
[14950/60000] loss 2.121 (pi 1.711 v 0.083 q 0.028 c 0.047) | plies 104 decisive 80% | buffer 200000 steps 27688 | 67.0 g/min eta 11.2h
[14975/60000] loss 2.119 (pi 1.714 v 0.083 q 0.028 c 0.046) | plies 104 decisive 80% | buffer 200000 steps 27733 | 67.0 g/min eta 11.2h
[15000/60000] loss 2.120 (pi 1.713 v 0.082 q 0.028 c 0.046) | plies 104 decisive 80% | buffer 200000 steps 27777 | 67.0 g/min eta 11.2h
  EVAL @15000: q-greedy 1-23-0 | policy-greedy 11-13-0 | search 8-0-0 (eval 57s)
[15025/60000] loss 2.127 (pi 1.721 v 0.083 q 0.028 c 0.046) | plies 104 decisive 81% | buffer 200000 steps 27825 | 66.8 g/min eta 11.2h
[15050/60000] loss 2.123 (pi 1.718 v 0.082 q 0.028 c 0.046) | plies 104 decisive 80% | buffer 200000 steps 27869 | 66.9 g/min eta 11.2h
[15075/60000] loss 2.121 (pi 1.716 v 0.082 q 0.029 c 0.047) | plies 103 decisive 82% | buffer 200000 steps 27916 | 66.9 g/min eta 11.2h
[15100/60000] loss 2.132 (pi 1.725 v 0.082 q 0.028 c 0.047) | plies 102 decisive 82% | buffer 200000 steps 27967 | 67.0 g/min eta 11.2h
[15125/60000] loss 2.128 (pi 1.722 v 0.082 q 0.028 c 0.046) | plies 101 decisive 82% | buffer 200000 steps 28008 | 67.0 g/min eta 11.2h
[15150/60000] loss 2.129 (pi 1.724 v 0.082 q 0.028 c 0.047) | plies 99 decisive 84% | buffer 200000 steps 28051 | 67.0 g/min eta 11.2h
[15175/60000] loss 2.126 (pi 1.719 v 0.082 q 0.029 c 0.047) | plies 100 decisive 84% | buffer 200000 steps 28103 | 67.0 g/min eta 11.2h
[15200/60000] loss 2.132 (pi 1.723 v 0.082 q 0.029 c 0.048) | plies 101 decisive 82% | buffer 200000 steps 28154 | 67.0 g/min eta 11.1h
[15225/60000] loss 2.131 (pi 1.721 v 0.083 q 0.028 c 0.048) | plies 101 decisive 82% | buffer 200000 steps 28203 | 67.0 g/min eta 11.1h
[15250/60000] loss 2.131 (pi 1.723 v 0.083 q 0.028 c 0.048) | plies 101 decisive 82% | buffer 200000 steps 28248 | 67.0 g/min eta 11.1h
[15275/60000] loss 2.132 (pi 1.726 v 0.083 q 0.028 c 0.048) | plies 101 decisive 82% | buffer 200000 steps 28293 | 67.0 g/min eta 11.1h
[15300/60000] loss 2.127 (pi 1.721 v 0.083 q 0.028 c 0.047) | plies 101 decisive 84% | buffer 200000 steps 28342 | 67.0 g/min eta 11.1h
[15325/60000] loss 2.135 (pi 1.726 v 0.084 q 0.029 c 0.047) | plies 103 decisive 82% | buffer 200000 steps 28388 | 67.0 g/min eta 11.1h
[15350/60000] loss 2.136 (pi 1.725 v 0.084 q 0.029 c 0.048) | plies 103 decisive 85% | buffer 200000 steps 28434 | 67.0 g/min eta 11.1h
[15375/60000] loss 2.128 (pi 1.719 v 0.083 q 0.029 c 0.047) | plies 101 decisive 86% | buffer 200000 steps 28479 | 67.0 g/min eta 11.1h
[15400/60000] loss 2.119 (pi 1.712 v 0.083 q 0.029 c 0.048) | plies 100 decisive 86% | buffer 200000 steps 28520 | 67.0 g/min eta 11.1h
[15425/60000] loss 2.131 (pi 1.723 v 0.083 q 0.029 c 0.049) | plies 99 decisive 88% | buffer 200000 steps 28564 | 67.0 g/min eta 11.1h
[15450/60000] loss 2.121 (pi 1.715 v 0.083 q 0.028 c 0.048) | plies 100 decisive 88% | buffer 200000 steps 28611 | 67.0 g/min eta 11.1h
[15475/60000] loss 2.124 (pi 1.720 v 0.083 q 0.028 c 0.047) | plies 101 decisive 86% | buffer 200000 steps 28655 | 67.0 g/min eta 11.1h
[15500/60000] loss 2.119 (pi 1.715 v 0.082 q 0.028 c 0.046) | plies 99 decisive 86% | buffer 200000 steps 28699 | 67.0 g/min eta 11.1h
[15525/60000] loss 2.116 (pi 1.710 v 0.083 q 0.029 c 0.046) | plies 98 decisive 86% | buffer 200000 steps 28748 | 67.1 g/min eta 11.1h
[15550/60000] loss 2.120 (pi 1.713 v 0.084 q 0.029 c 0.046) | plies 99 decisive 85% | buffer 200000 steps 28797 | 67.1 g/min eta 11.0h
[15575/60000] loss 2.126 (pi 1.718 v 0.084 q 0.029 c 0.048) | plies 100 decisive 84% | buffer 200000 steps 28839 | 67.1 g/min eta 11.0h
[15600/60000] loss 2.123 (pi 1.716 v 0.085 q 0.029 c 0.047) | plies 101 decisive 82% | buffer 200000 steps 28887 | 67.1 g/min eta 11.0h
[15625/60000] loss 2.126 (pi 1.718 v 0.084 q 0.029 c 0.048) | plies 100 decisive 81% | buffer 200000 steps 28930 | 67.1 g/min eta 11.0h
[15650/60000] loss 2.130 (pi 1.720 v 0.084 q 0.029 c 0.047) | plies 99 decisive 81% | buffer 200000 steps 28971 | 67.1 g/min eta 11.0h
[15675/60000] loss 2.134 (pi 1.723 v 0.085 q 0.029 c 0.047) | plies 100 decisive 80% | buffer 200000 steps 29018 | 67.1 g/min eta 11.0h
[15700/60000] loss 2.135 (pi 1.723 v 0.085 q 0.029 c 0.047) | plies 102 decisive 80% | buffer 200000 steps 29069 | 67.1 g/min eta 11.0h
[15725/60000] loss 2.135 (pi 1.722 v 0.085 q 0.029 c 0.048) | plies 101 decisive 80% | buffer 200000 steps 29109 | 67.1 g/min eta 11.0h
[15750/60000] loss 2.139 (pi 1.727 v 0.085 q 0.029 c 0.048) | plies 102 decisive 78% | buffer 200000 steps 29159 | 67.1 g/min eta 11.0h
[15775/60000] loss 2.146 (pi 1.733 v 0.085 q 0.029 c 0.049) | plies 101 decisive 78% | buffer 200000 steps 29202 | 67.0 g/min eta 11.0h
[15800/60000] loss 2.143 (pi 1.730 v 0.085 q 0.029 c 0.049) | plies 100 decisive 80% | buffer 200000 steps 29244 | 67.1 g/min eta 11.0h
[15825/60000] loss 2.142 (pi 1.730 v 0.084 q 0.029 c 0.049) | plies 102 decisive 80% | buffer 200000 steps 29295 | 67.1 g/min eta 11.0h
[15850/60000] loss 2.141 (pi 1.731 v 0.084 q 0.029 c 0.049) | plies 103 decisive 80% | buffer 200000 steps 29346 | 67.1 g/min eta 11.0h
[15875/60000] loss 2.143 (pi 1.733 v 0.084 q 0.029 c 0.049) | plies 104 decisive 80% | buffer 200000 steps 29394 | 67.1 g/min eta 11.0h
[15900/60000] loss 2.139 (pi 1.728 v 0.084 q 0.029 c 0.050) | plies 103 decisive 82% | buffer 200000 steps 29441 | 67.1 g/min eta 11.0h
[15925/60000] loss 2.138 (pi 1.727 v 0.084 q 0.029 c 0.050) | plies 105 decisive 82% | buffer 200000 steps 29491 | 67.1 g/min eta 11.0h
[15950/60000] loss 2.137 (pi 1.726 v 0.084 q 0.029 c 0.050) | plies 103 decisive 83% | buffer 200000 steps 29536 | 67.1 g/min eta 10.9h
[15975/60000] loss 2.131 (pi 1.721 v 0.083 q 0.029 c 0.050) | plies 104 decisive 83% | buffer 200000 steps 29582 | 67.1 g/min eta 10.9h
[16000/60000] loss 2.130 (pi 1.722 v 0.082 q 0.029 c 0.049) | plies 104 decisive 84% | buffer 200000 steps 29631 | 67.1 g/min eta 10.9h
  EVAL @16000: q-greedy 2-22-0 | policy-greedy 9-15-0 | search 8-0-0 (eval 50s)
[16025/60000] loss 2.136 (pi 1.728 v 0.082 q 0.028 c 0.048) | plies 106 decisive 83% | buffer 200000 steps 29687 | 66.9 g/min eta 11.0h
[16050/60000] loss 2.135 (pi 1.729 v 0.082 q 0.028 c 0.049) | plies 105 decisive 82% | buffer 200000 steps 29735 | 67.0 g/min eta 10.9h
[16075/60000] loss 2.128 (pi 1.720 v 0.082 q 0.028 c 0.049) | plies 104 decisive 83% | buffer 200000 steps 29784 | 67.0 g/min eta 10.9h
[16100/60000] loss 2.126 (pi 1.717 v 0.083 q 0.029 c 0.049) | plies 104 decisive 82% | buffer 200000 steps 29829 | 67.0 g/min eta 10.9h
[16125/60000] loss 2.125 (pi 1.715 v 0.084 q 0.029 c 0.049) | plies 104 decisive 82% | buffer 200000 steps 29876 | 67.0 g/min eta 10.9h
[16150/60000] loss 2.132 (pi 1.722 v 0.083 q 0.029 c 0.049) | plies 105 decisive 80% | buffer 200000 steps 29927 | 67.0 g/min eta 10.9h
[16175/60000] loss 2.132 (pi 1.722 v 0.084 q 0.029 c 0.049) | plies 107 decisive 80% | buffer 200000 steps 29977 | 67.1 g/min eta 10.9h
[16200/60000] loss 2.141 (pi 1.733 v 0.083 q 0.029 c 0.049) | plies 108 decisive 78% | buffer 200000 steps 30022 | 67.1 g/min eta 10.9h
[16225/60000] loss 2.142 (pi 1.735 v 0.082 q 0.029 c 0.049) | plies 106 decisive 78% | buffer 200000 steps 30070 | 67.1 g/min eta 10.9h
[16250/60000] loss 2.150 (pi 1.742 v 0.082 q 0.029 c 0.049) | plies 106 decisive 78% | buffer 200000 steps 30118 | 67.1 g/min eta 10.9h
[16275/60000] loss 2.142 (pi 1.736 v 0.082 q 0.029 c 0.048) | plies 107 decisive 76% | buffer 200000 steps 30169 | 67.1 g/min eta 10.9h
[16300/60000] loss 2.130 (pi 1.726 v 0.082 q 0.029 c 0.049) | plies 106 decisive 76% | buffer 200000 steps 30214 | 67.1 g/min eta 10.9h
[16325/60000] loss 2.134 (pi 1.730 v 0.081 q 0.029 c 0.048) | plies 105 decisive 78% | buffer 200000 steps 30256 | 67.1 g/min eta 10.8h
[16350/60000] loss 2.142 (pi 1.734 v 0.081 q 0.029 c 0.049) | plies 102 decisive 80% | buffer 200000 steps 30297 | 67.1 g/min eta 10.8h
[16375/60000] loss 2.145 (pi 1.735 v 0.082 q 0.029 c 0.049) | plies 98 decisive 82% | buffer 200000 steps 30338 | 67.1 g/min eta 10.8h
[16400/60000] loss 2.149 (pi 1.739 v 0.083 q 0.029 c 0.049) | plies 99 decisive 82% | buffer 200000 steps 30385 | 67.1 g/min eta 10.8h
[16425/60000] loss 2.148 (pi 1.737 v 0.083 q 0.029 c 0.050) | plies 98 decisive 85% | buffer 200000 steps 30435 | 67.1 g/min eta 10.8h
[16450/60000] loss 2.143 (pi 1.734 v 0.083 q 0.029 c 0.049) | plies 98 decisive 85% | buffer 200000 steps 30479 | 67.1 g/min eta 10.8h
[16475/60000] loss 2.140 (pi 1.730 v 0.083 q 0.029 c 0.050) | plies 97 decisive 88% | buffer 200000 steps 30525 | 67.1 g/min eta 10.8h
[16500/60000] loss 2.129 (pi 1.719 v 0.083 q 0.029 c 0.050) | plies 97 decisive 86% | buffer 200000 steps 30566 | 67.1 g/min eta 10.8h
[16525/60000] loss 2.132 (pi 1.722 v 0.083 q 0.029 c 0.050) | plies 99 decisive 84% | buffer 200000 steps 30612 | 67.1 g/min eta 10.8h
[16550/60000] loss 2.130 (pi 1.723 v 0.082 q 0.029 c 0.048) | plies 102 decisive 82% | buffer 200000 steps 30663 | 67.1 g/min eta 10.8h
[16575/60000] loss 2.135 (pi 1.729 v 0.082 q 0.029 c 0.048) | plies 105 decisive 78% | buffer 200000 steps 30709 | 67.1 g/min eta 10.8h
[16600/60000] loss 2.133 (pi 1.725 v 0.082 q 0.029 c 0.049) | plies 104 decisive 80% | buffer 200000 steps 30752 | 67.1 g/min eta 10.8h
[16625/60000] loss 2.142 (pi 1.733 v 0.083 q 0.030 c 0.050) | plies 104 decisive 79% | buffer 200000 steps 30797 | 67.1 g/min eta 10.8h
[16650/60000] loss 2.139 (pi 1.732 v 0.082 q 0.029 c 0.050) | plies 104 decisive 79% | buffer 200000 steps 30845 | 67.1 g/min eta 10.8h
[16675/60000] loss 2.141 (pi 1.733 v 0.082 q 0.029 c 0.050) | plies 105 decisive 78% | buffer 200000 steps 30892 | 67.1 g/min eta 10.8h
[16700/60000] loss 2.139 (pi 1.732 v 0.082 q 0.029 c 0.050) | plies 106 decisive 79% | buffer 200000 steps 30941 | 67.2 g/min eta 10.7h
[16725/60000] loss 2.142 (pi 1.735 v 0.082 q 0.029 c 0.050) | plies 106 decisive 78% | buffer 200000 steps 30986 | 67.2 g/min eta 10.7h
[16750/60000] loss 2.140 (pi 1.734 v 0.082 q 0.029 c 0.049) | plies 103 decisive 80% | buffer 200000 steps 31031 | 67.1 g/min eta 10.7h
[16775/60000] loss 2.141 (pi 1.734 v 0.083 q 0.029 c 0.049) | plies 101 decisive 84% | buffer 200000 steps 31077 | 67.1 g/min eta 10.7h
[16800/60000] loss 2.132 (pi 1.726 v 0.082 q 0.029 c 0.049) | plies 100 decisive 83% | buffer 200000 steps 31119 | 67.1 g/min eta 10.7h
[16825/60000] loss 2.130 (pi 1.725 v 0.082 q 0.029 c 0.049) | plies 99 decisive 83% | buffer 200000 steps 31163 | 67.2 g/min eta 10.7h
[16850/60000] loss 2.139 (pi 1.731 v 0.082 q 0.029 c 0.050) | plies 99 decisive 84% | buffer 200000 steps 31210 | 67.1 g/min eta 10.7h
[16875/60000] loss 2.142 (pi 1.733 v 0.083 q 0.029 c 0.051) | plies 98 decisive 85% | buffer 200000 steps 31256 | 67.1 g/min eta 10.7h
[16900/60000] loss 2.148 (pi 1.735 v 0.084 q 0.029 c 0.052) | plies 98 decisive 84% | buffer 200000 steps 31299 | 67.2 g/min eta 10.7h
[16925/60000] loss 2.140 (pi 1.733 v 0.083 q 0.029 c 0.050) | plies 99 decisive 84% | buffer 200000 steps 31349 | 67.2 g/min eta 10.7h
[16950/60000] loss 2.132 (pi 1.727 v 0.082 q 0.029 c 0.049) | plies 99 decisive 84% | buffer 200000 steps 31395 | 67.2 g/min eta 10.7h
[16975/60000] loss 2.136 (pi 1.730 v 0.082 q 0.028 c 0.049) | plies 100 decisive 82% | buffer 200000 steps 31439 | 67.2 g/min eta 10.7h
[17000/60000] loss 2.140 (pi 1.734 v 0.082 q 0.028 c 0.048) | plies 101 decisive 82% | buffer 200000 steps 31484 | 67.2 g/min eta 10.7h
  EVAL @17000: q-greedy 2-22-0 | policy-greedy 8-16-0 | search 8-0-0 (eval 68s)
[17025/60000] loss 2.134 (pi 1.729 v 0.082 q 0.028 c 0.048) | plies 102 decisive 83% | buffer 200000 steps 31529 | 66.9 g/min eta 10.7h
[17050/60000] loss 2.127 (pi 1.725 v 0.082 q 0.029 c 0.047) | plies 102 decisive 84% | buffer 200000 steps 31577 | 67.0 g/min eta 10.7h
[17075/60000] loss 2.123 (pi 1.721 v 0.081 q 0.029 c 0.047) | plies 102 decisive 84% | buffer 200000 steps 31619 | 67.1 g/min eta 10.7h
[17100/60000] loss 2.123 (pi 1.723 v 0.081 q 0.028 c 0.047) | plies 100 decisive 86% | buffer 200000 steps 31659 | 67.1 g/min eta 10.7h
[17125/60000] loss 2.119 (pi 1.719 v 0.081 q 0.029 c 0.047) | plies 99 decisive 86% | buffer 200000 steps 31705 | 67.2 g/min eta 10.6h
[17150/60000] loss 2.122 (pi 1.722 v 0.081 q 0.029 c 0.047) | plies 98 decisive 86% | buffer 200000 steps 31748 | 67.1 g/min eta 10.6h
[17175/60000] loss 2.122 (pi 1.722 v 0.081 q 0.029 c 0.048) | plies 97 decisive 86% | buffer 200000 steps 31791 | 67.1 g/min eta 10.6h
[17200/60000] loss 2.125 (pi 1.724 v 0.080 q 0.028 c 0.047) | plies 100 decisive 84% | buffer 200000 steps 31847 | 67.2 g/min eta 10.6h
[17225/60000] loss 2.124 (pi 1.726 v 0.080 q 0.028 c 0.047) | plies 102 decisive 83% | buffer 200000 steps 31900 | 67.2 g/min eta 10.6h
[17250/60000] loss 2.120 (pi 1.719 v 0.081 q 0.028 c 0.046) | plies 101 decisive 83% | buffer 200000 steps 31943 | 67.1 g/min eta 10.6h
[17275/60000] loss 2.125 (pi 1.726 v 0.081 q 0.029 c 0.045) | plies 102 decisive 82% | buffer 200000 steps 31988 | 67.1 g/min eta 10.6h
[17300/60000] loss 2.121 (pi 1.721 v 0.081 q 0.028 c 0.046) | plies 104 decisive 80% | buffer 200000 steps 32036 | 67.1 g/min eta 10.6h
[17325/60000] loss 2.128 (pi 1.726 v 0.081 q 0.029 c 0.045) | plies 100 decisive 82% | buffer 200000 steps 32072 | 67.1 g/min eta 10.6h
[17350/60000] loss 2.123 (pi 1.724 v 0.081 q 0.028 c 0.046) | plies 102 decisive 82% | buffer 200000 steps 32119 | 67.1 g/min eta 10.6h
[17375/60000] loss 2.125 (pi 1.726 v 0.080 q 0.029 c 0.046) | plies 103 decisive 80% | buffer 200000 steps 32165 | 67.1 g/min eta 10.6h
[17400/60000] loss 2.126 (pi 1.726 v 0.081 q 0.029 c 0.046) | plies 101 decisive 81% | buffer 200000 steps 32216 | 67.2 g/min eta 10.6h
[17425/60000] loss 2.126 (pi 1.726 v 0.081 q 0.029 c 0.046) | plies 99 decisive 82% | buffer 200000 steps 32261 | 67.2 g/min eta 10.6h
[17450/60000] loss 2.122 (pi 1.724 v 0.081 q 0.029 c 0.046) | plies 101 decisive 80% | buffer 200000 steps 32311 | 67.2 g/min eta 10.6h
[17475/60000] loss 2.126 (pi 1.727 v 0.081 q 0.029 c 0.046) | plies 100 decisive 80% | buffer 200000 steps 32357 | 67.2 g/min eta 10.6h
[17500/60000] loss 2.128 (pi 1.728 v 0.081 q 0.029 c 0.046) | plies 99 decisive 81% | buffer 200000 steps 32400 | 67.2 g/min eta 10.5h
[17525/60000] loss 2.126 (pi 1.728 v 0.081 q 0.029 c 0.047) | plies 102 decisive 80% | buffer 200000 steps 32446 | 67.2 g/min eta 10.5h
[17550/60000] loss 2.132 (pi 1.732 v 0.081 q 0.028 c 0.047) | plies 103 decisive 80% | buffer 200000 steps 32497 | 67.2 g/min eta 10.5h
[17575/60000] loss 2.128 (pi 1.728 v 0.081 q 0.028 c 0.046) | plies 103 decisive 80% | buffer 200000 steps 32546 | 67.2 g/min eta 10.5h
[17600/60000] loss 2.129 (pi 1.729 v 0.081 q 0.028 c 0.047) | plies 101 decisive 82% | buffer 200000 steps 32590 | 67.1 g/min eta 10.5h
[17625/60000] loss 2.121 (pi 1.722 v 0.081 q 0.028 c 0.047) | plies 101 decisive 83% | buffer 200000 steps 32638 | 67.1 g/min eta 10.5h
[17650/60000] loss 2.123 (pi 1.724 v 0.081 q 0.028 c 0.047) | plies 100 decisive 84% | buffer 200000 steps 32686 | 67.1 g/min eta 10.5h
[17675/60000] loss 2.113 (pi 1.715 v 0.081 q 0.028 c 0.046) | plies 101 decisive 82% | buffer 200000 steps 32733 | 67.2 g/min eta 10.5h
[17700/60000] loss 2.121 (pi 1.723 v 0.081 q 0.029 c 0.045) | plies 103 decisive 81% | buffer 200000 steps 32780 | 67.2 g/min eta 10.5h
[17725/60000] loss 2.118 (pi 1.721 v 0.081 q 0.029 c 0.045) | plies 103 decisive 80% | buffer 200000 steps 32825 | 67.2 g/min eta 10.5h
[17750/60000] loss 2.115 (pi 1.719 v 0.081 q 0.029 c 0.047) | plies 103 decisive 82% | buffer 200000 steps 32873 | 67.2 g/min eta 10.5h
[17775/60000] loss 2.116 (pi 1.721 v 0.081 q 0.029 c 0.047) | plies 102 decisive 83% | buffer 200000 steps 32919 | 67.2 g/min eta 10.5h
[17800/60000] loss 2.119 (pi 1.724 v 0.081 q 0.029 c 0.049) | plies 103 decisive 83% | buffer 200000 steps 32964 | 67.2 g/min eta 10.5h
[17825/60000] loss 2.121 (pi 1.725 v 0.081 q 0.029 c 0.049) | plies 103 decisive 82% | buffer 200000 steps 33008 | 67.2 g/min eta 10.5h
[17850/60000] loss 2.120 (pi 1.723 v 0.082 q 0.029 c 0.048) | plies 104 decisive 81% | buffer 200000 steps 33055 | 67.2 g/min eta 10.5h
[17875/60000] loss 2.124 (pi 1.729 v 0.082 q 0.029 c 0.047) | plies 103 decisive 81% | buffer 200000 steps 33104 | 67.2 g/min eta 10.4h
[17900/60000] loss 2.121 (pi 1.726 v 0.083 q 0.028 c 0.048) | plies 102 decisive 82% | buffer 200000 steps 33148 | 67.2 g/min eta 10.4h
[17925/60000] loss 2.122 (pi 1.726 v 0.082 q 0.028 c 0.047) | plies 100 decisive 84% | buffer 200000 steps 33186 | 67.2 g/min eta 10.4h
[17950/60000] loss 2.115 (pi 1.718 v 0.083 q 0.028 c 0.047) | plies 98 decisive 84% | buffer 200000 steps 33231 | 67.2 g/min eta 10.4h
[17975/60000] loss 2.112 (pi 1.718 v 0.082 q 0.028 c 0.046) | plies 98 decisive 83% | buffer 200000 steps 33278 | 67.2 g/min eta 10.4h
[18000/60000] loss 2.112 (pi 1.718 v 0.082 q 0.029 c 0.048) | plies 98 decisive 84% | buffer 200000 steps 33322 | 67.2 g/min eta 10.4h
  EVAL @18000: q-greedy 5-19-0 | policy-greedy 8-16-0 | search 8-0-0 (eval 52s)
[18025/60000] loss 2.112 (pi 1.720 v 0.082 q 0.029 c 0.047) | plies 99 decisive 84% | buffer 200000 steps 33369 | 67.0 g/min eta 10.4h
[18050/60000] loss 2.119 (pi 1.725 v 0.083 q 0.029 c 0.047) | plies 97 decisive 86% | buffer 200000 steps 33412 | 67.1 g/min eta 10.4h
[18075/60000] loss 2.113 (pi 1.720 v 0.083 q 0.029 c 0.047) | plies 98 decisive 86% | buffer 200000 steps 33458 | 67.2 g/min eta 10.4h
[18100/60000] loss 2.111 (pi 1.717 v 0.083 q 0.029 c 0.046) | plies 98 decisive 84% | buffer 200000 steps 33502 | 67.2 g/min eta 10.4h
[18125/60000] loss 2.113 (pi 1.720 v 0.083 q 0.029 c 0.046) | plies 99 decisive 84% | buffer 200000 steps 33547 | 67.2 g/min eta 10.4h
[18150/60000] loss 2.114 (pi 1.718 v 0.082 q 0.029 c 0.046) | plies 100 decisive 82% | buffer 200000 steps 33596 | 67.2 g/min eta 10.4h
[18175/60000] loss 2.123 (pi 1.726 v 0.083 q 0.029 c 0.047) | plies 101 decisive 82% | buffer 200000 steps 33641 | 67.2 g/min eta 10.4h
[18200/60000] loss 2.126 (pi 1.728 v 0.083 q 0.029 c 0.046) | plies 102 decisive 79% | buffer 200000 steps 33688 | 67.2 g/min eta 10.4h
[18225/60000] loss 2.127 (pi 1.728 v 0.082 q 0.029 c 0.047) | plies 102 decisive 78% | buffer 200000 steps 33734 | 67.2 g/min eta 10.4h
[18250/60000] loss 2.129 (pi 1.729 v 0.082 q 0.029 c 0.046) | plies 102 decisive 78% | buffer 200000 steps 33777 | 67.2 g/min eta 10.4h
[18275/60000] loss 2.125 (pi 1.723 v 0.083 q 0.029 c 0.047) | plies 102 decisive 78% | buffer 200000 steps 33826 | 67.2 g/min eta 10.3h
[18300/60000] loss 2.127 (pi 1.727 v 0.082 q 0.029 c 0.046) | plies 101 decisive 77% | buffer 200000 steps 33868 | 67.2 g/min eta 10.3h
[18325/60000] loss 2.122 (pi 1.720 v 0.083 q 0.029 c 0.047) | plies 101 decisive 77% | buffer 200000 steps 33913 | 67.2 g/min eta 10.3h
[18350/60000] loss 2.128 (pi 1.730 v 0.082 q 0.029 c 0.047) | plies 102 decisive 76% | buffer 200000 steps 33961 | 67.2 g/min eta 10.3h
[18375/60000] loss 2.128 (pi 1.728 v 0.082 q 0.029 c 0.047) | plies 101 decisive 78% | buffer 200000 steps 34008 | 67.2 g/min eta 10.3h
[18400/60000] loss 2.125 (pi 1.726 v 0.083 q 0.029 c 0.046) | plies 100 decisive 79% | buffer 200000 steps 34053 | 67.2 g/min eta 10.3h
[18425/60000] loss 2.129 (pi 1.731 v 0.083 q 0.028 c 0.046) | plies 101 decisive 78% | buffer 200000 steps 34102 | 67.2 g/min eta 10.3h
[18450/60000] loss 2.136 (pi 1.733 v 0.083 q 0.028 c 0.046) | plies 103 decisive 76% | buffer 200000 steps 34151 | 67.3 g/min eta 10.3h
[18475/60000] loss 2.143 (pi 1.740 v 0.082 q 0.029 c 0.045) | plies 102 decisive 77% | buffer 200000 steps 34196 | 67.3 g/min eta 10.3h
[18500/60000] loss 2.146 (pi 1.743 v 0.082 q 0.029 c 0.045) | plies 104 decisive 76% | buffer 200000 steps 34244 | 67.3 g/min eta 10.3h
[18525/60000] loss 2.145 (pi 1.740 v 0.082 q 0.029 c 0.046) | plies 105 decisive 77% | buffer 200000 steps 34291 | 67.3 g/min eta 10.3h
[18550/60000] loss 2.141 (pi 1.733 v 0.082 q 0.029 c 0.046) | plies 105 decisive 78% | buffer 200000 steps 34340 | 67.3 g/min eta 10.3h
[18575/60000] loss 2.135 (pi 1.729 v 0.082 q 0.029 c 0.047) | plies 104 decisive 78% | buffer 200000 steps 34386 | 67.2 g/min eta 10.3h
[18600/60000] loss 2.136 (pi 1.728 v 0.083 q 0.030 c 0.048) | plies 105 decisive 78% | buffer 200000 steps 34430 | 67.2 g/min eta 10.3h
[18625/60000] loss 2.140 (pi 1.731 v 0.082 q 0.030 c 0.048) | plies 104 decisive 78% | buffer 200000 steps 34476 | 67.2 g/min eta 10.3h
[18650/60000] loss 2.128 (pi 1.719 v 0.082 q 0.029 c 0.048) | plies 103 decisive 80% | buffer 200000 steps 34524 | 67.2 g/min eta 10.2h
[18675/60000] loss 2.130 (pi 1.722 v 0.081 q 0.029 c 0.047) | plies 103 decisive 82% | buffer 200000 steps 34568 | 67.2 g/min eta 10.2h
[18700/60000] loss 2.132 (pi 1.724 v 0.082 q 0.029 c 0.046) | plies 102 decisive 82% | buffer 200000 steps 34618 | 67.2 g/min eta 10.2h
[18725/60000] loss 2.140 (pi 1.728 v 0.083 q 0.029 c 0.047) | plies 100 decisive 82% | buffer 200000 steps 34658 | 67.2 g/min eta 10.2h
[18750/60000] loss 2.150 (pi 1.737 v 0.083 q 0.029 c 0.046) | plies 99 decisive 82% | buffer 200000 steps 34702 | 67.3 g/min eta 10.2h
[18775/60000] loss 2.148 (pi 1.735 v 0.082 q 0.029 c 0.046) | plies 100 decisive 81% | buffer 200000 steps 34746 | 67.3 g/min eta 10.2h
[18800/60000] loss 2.150 (pi 1.738 v 0.082 q 0.029 c 0.045) | plies 101 decisive 77% | buffer 200000 steps 34795 | 67.3 g/min eta 10.2h
[18825/60000] loss 2.151 (pi 1.738 v 0.082 q 0.029 c 0.047) | plies 103 decisive 76% | buffer 200000 steps 34845 | 67.3 g/min eta 10.2h
[18850/60000] loss 2.146 (pi 1.732 v 0.082 q 0.029 c 0.047) | plies 102 decisive 76% | buffer 200000 steps 34890 | 67.3 g/min eta 10.2h
[18875/60000] loss 2.154 (pi 1.740 v 0.082 q 0.029 c 0.047) | plies 103 decisive 74% | buffer 200000 steps 34938 | 67.3 g/min eta 10.2h
[18900/60000] loss 2.154 (pi 1.739 v 0.083 q 0.029 c 0.047) | plies 103 decisive 75% | buffer 200000 steps 34981 | 67.3 g/min eta 10.2h
[18925/60000] loss 2.145 (pi 1.734 v 0.082 q 0.029 c 0.047) | plies 104 decisive 74% | buffer 200000 steps 35029 | 67.3 g/min eta 10.2h
[18950/60000] loss 2.148 (pi 1.736 v 0.082 q 0.029 c 0.047) | plies 105 decisive 76% | buffer 200000 steps 35074 | 67.3 g/min eta 10.2h
[18975/60000] loss 2.143 (pi 1.730 v 0.083 q 0.030 c 0.049) | plies 105 decisive 75% | buffer 200000 steps 35122 | 67.3 g/min eta 10.2h
[19000/60000] loss 2.140 (pi 1.727 v 0.082 q 0.030 c 0.049) | plies 104 decisive 78% | buffer 200000 steps 35173 | 67.3 g/min eta 10.2h
  EVAL @19000: q-greedy 2-22-0 | policy-greedy 10-14-0 | search 8-0-0 (eval 64s)
[19025/60000] loss 2.140 (pi 1.727 v 0.082 q 0.030 c 0.048) | plies 102 decisive 82% | buffer 200000 steps 35218 | 67.0 g/min eta 10.2h
[19050/60000] loss 2.136 (pi 1.723 v 0.082 q 0.029 c 0.047) | plies 101 decisive 84% | buffer 200000 steps 35266 | 67.1 g/min eta 10.2h
[19075/60000] loss 2.140 (pi 1.728 v 0.082 q 0.029 c 0.046) | plies 101 decisive 84% | buffer 200000 steps 35311 | 67.2 g/min eta 10.2h
[19100/60000] loss 2.138 (pi 1.727 v 0.081 q 0.029 c 0.047) | plies 102 decisive 84% | buffer 200000 steps 35357 | 67.2 g/min eta 10.1h
[19125/60000] loss 2.140 (pi 1.728 v 0.081 q 0.029 c 0.046) | plies 102 decisive 84% | buffer 200000 steps 35401 | 67.2 g/min eta 10.1h
[19150/60000] loss 2.149 (pi 1.731 v 0.082 q 0.029 c 0.046) | plies 103 decisive 81% | buffer 200000 steps 35451 | 67.2 g/min eta 10.1h
[19175/60000] loss 2.152 (pi 1.733 v 0.083 q 0.029 c 0.046) | plies 104 decisive 82% | buffer 200000 steps 35497 | 67.2 g/min eta 10.1h
[19200/60000] loss 2.145 (pi 1.728 v 0.082 q 0.029 c 0.046) | plies 104 decisive 82% | buffer 200000 steps 35544 | 67.2 g/min eta 10.1h
[19225/60000] loss 2.146 (pi 1.731 v 0.081 q 0.029 c 0.045) | plies 106 decisive 78% | buffer 200000 steps 35596 | 67.2 g/min eta 10.1h
[19250/60000] loss 2.142 (pi 1.729 v 0.081 q 0.029 c 0.044) | plies 107 decisive 76% | buffer 200000 steps 35648 | 67.2 g/min eta 10.1h
[19275/60000] loss 2.141 (pi 1.727 v 0.081 q 0.029 c 0.045) | plies 107 decisive 76% | buffer 200000 steps 35698 | 67.2 g/min eta 10.1h
[19300/60000] loss 2.146 (pi 1.733 v 0.080 q 0.029 c 0.045) | plies 106 decisive 76% | buffer 200000 steps 35744 | 67.2 g/min eta 10.1h
[19325/60000] loss 2.159 (pi 1.742 v 0.081 q 0.029 c 0.046) | plies 107 decisive 76% | buffer 200000 steps 35791 | 67.2 g/min eta 10.1h
[19350/60000] loss 2.146 (pi 1.729 v 0.081 q 0.029 c 0.045) | plies 105 decisive 78% | buffer 200000 steps 35836 | 67.2 g/min eta 10.1h
[19375/60000] loss 2.145 (pi 1.727 v 0.081 q 0.029 c 0.046) | plies 106 decisive 78% | buffer 200000 steps 35887 | 67.2 g/min eta 10.1h
[19400/60000] loss 2.143 (pi 1.725 v 0.081 q 0.029 c 0.046) | plies 106 decisive 77% | buffer 200000 steps 35932 | 67.2 g/min eta 10.1h
[19425/60000] loss 2.142 (pi 1.723 v 0.081 q 0.029 c 0.046) | plies 104 decisive 80% | buffer 200000 steps 35977 | 67.2 g/min eta 10.1h
[19450/60000] loss 2.143 (pi 1.719 v 0.082 q 0.029 c 0.046) | plies 104 decisive 80% | buffer 200000 steps 36023 | 67.2 g/min eta 10.1h
[19475/60000] loss 2.148 (pi 1.722 v 0.083 q 0.029 c 0.047) | plies 103 decisive 81% | buffer 200000 steps 36065 | 67.2 g/min eta 10.0h
[19500/60000] loss 2.153 (pi 1.727 v 0.082 q 0.029 c 0.048) | plies 104 decisive 80% | buffer 200000 steps 36113 | 67.2 g/min eta 10.0h
[19525/60000] loss 2.147 (pi 1.726 v 0.081 q 0.029 c 0.047) | plies 104 decisive 80% | buffer 200000 steps 36159 | 67.3 g/min eta 10.0h
[19550/60000] loss 2.161 (pi 1.741 v 0.081 q 0.029 c 0.047) | plies 105 decisive 78% | buffer 200000 steps 36205 | 67.2 g/min eta 10.0h
[19575/60000] loss 2.166 (pi 1.743 v 0.081 q 0.029 c 0.048) | plies 102 decisive 80% | buffer 200000 steps 36248 | 67.2 g/min eta 10.0h
[19600/60000] loss 2.159 (pi 1.736 v 0.082 q 0.029 c 0.047) | plies 101 decisive 82% | buffer 200000 steps 36293 | 67.2 g/min eta 10.0h
[19625/60000] loss 2.158 (pi 1.736 v 0.082 q 0.029 c 0.048) | plies 103 decisive 82% | buffer 200000 steps 36342 | 67.2 g/min eta 10.0h
[19650/60000] loss 2.160 (pi 1.737 v 0.081 q 0.029 c 0.048) | plies 106 decisive 80% | buffer 200000 steps 36393 | 67.2 g/min eta 10.0h
[19675/60000] loss 2.150 (pi 1.731 v 0.081 q 0.029 c 0.048) | plies 106 decisive 78% | buffer 200000 steps 36441 | 67.2 g/min eta 10.0h
[19700/60000] loss 2.149 (pi 1.730 v 0.080 q 0.029 c 0.047) | plies 106 decisive 80% | buffer 200000 steps 36490 | 67.2 g/min eta 10.0h
[19725/60000] loss 2.143 (pi 1.724 v 0.080 q 0.029 c 0.047) | plies 105 decisive 81% | buffer 200000 steps 36533 | 67.2 g/min eta 10.0h
[19750/60000] loss 2.149 (pi 1.729 v 0.081 q 0.029 c 0.047) | plies 106 decisive 82% | buffer 200000 steps 36584 | 67.2 g/min eta 10.0h
[19775/60000] loss 2.150 (pi 1.731 v 0.080 q 0.029 c 0.047) | plies 109 decisive 82% | buffer 200000 steps 36636 | 67.2 g/min eta 10.0h
[19800/60000] loss 2.147 (pi 1.728 v 0.080 q 0.029 c 0.046) | plies 110 decisive 80% | buffer 200000 steps 36686 | 67.2 g/min eta 10.0h
[19825/60000] loss 2.145 (pi 1.728 v 0.081 q 0.029 c 0.046) | plies 111 decisive 76% | buffer 200000 steps 36740 | 67.2 g/min eta 10.0h
[19850/60000] loss 2.146 (pi 1.727 v 0.081 q 0.029 c 0.046) | plies 108 decisive 78% | buffer 200000 steps 36789 | 67.2 g/min eta 10.0h
[19875/60000] loss 2.136 (pi 1.720 v 0.081 q 0.029 c 0.045) | plies 108 decisive 78% | buffer 200000 steps 36839 | 67.2 g/min eta 10.0h
[19900/60000] loss 2.148 (pi 1.731 v 0.080 q 0.029 c 0.046) | plies 108 decisive 78% | buffer 200000 steps 36883 | 67.2 g/min eta 9.9h
[19925/60000] loss 2.148 (pi 1.730 v 0.080 q 0.029 c 0.045) | plies 109 decisive 76% | buffer 200000 steps 36929 | 67.2 g/min eta 9.9h
[19950/60000] loss 2.147 (pi 1.730 v 0.080 q 0.029 c 0.046) | plies 107 decisive 76% | buffer 200000 steps 36972 | 67.2 g/min eta 9.9h
[19975/60000] loss 2.144 (pi 1.730 v 0.081 q 0.029 c 0.046) | plies 106 decisive 76% | buffer 200000 steps 37020 | 67.2 g/min eta 9.9h
[20000/60000] loss 2.146 (pi 1.729 v 0.081 q 0.029 c 0.047) | plies 106 decisive 76% | buffer 200000 steps 37070 | 67.2 g/min eta 9.9h
  EVAL @20000: q-greedy 4-20-0 | policy-greedy 9-15-0 | search 7-1-0 (eval 74s)
[20025/60000] loss 2.150 (pi 1.732 v 0.080 q 0.029 c 0.047) | plies 105 decisive 76% | buffer 200000 steps 37122 | 67.0 g/min eta 10.0h
[20050/60000] loss 2.148 (pi 1.732 v 0.080 q 0.029 c 0.047) | plies 106 decisive 76% | buffer 200000 steps 37167 | 67.0 g/min eta 9.9h
[20075/60000] loss 2.140 (pi 1.726 v 0.080 q 0.029 c 0.047) | plies 106 decisive 77% | buffer 200000 steps 37212 | 67.1 g/min eta 9.9h
[20100/60000] loss 2.146 (pi 1.732 v 0.081 q 0.029 c 0.047) | plies 106 decisive 76% | buffer 200000 steps 37260 | 67.1 g/min eta 9.9h
[20125/60000] loss 2.144 (pi 1.731 v 0.081 q 0.030 c 0.047) | plies 107 decisive 75% | buffer 200000 steps 37305 | 67.1 g/min eta 9.9h
[20150/60000] loss 2.142 (pi 1.728 v 0.080 q 0.029 c 0.047) | plies 107 decisive 76% | buffer 200000 steps 37348 | 67.1 g/min eta 9.9h
[20175/60000] loss 2.135 (pi 1.722 v 0.080 q 0.029 c 0.047) | plies 106 decisive 76% | buffer 200000 steps 37391 | 67.1 g/min eta 9.9h
[20200/60000] loss 2.134 (pi 1.723 v 0.080 q 0.029 c 0.048) | plies 107 decisive 78% | buffer 200000 steps 37444 | 67.1 g/min eta 9.9h
[20225/60000] loss 2.142 (pi 1.731 v 0.081 q 0.029 c 0.047) | plies 107 decisive 79% | buffer 200000 steps 37497 | 67.1 g/min eta 9.9h
[20250/60000] loss 2.148 (pi 1.737 v 0.081 q 0.030 c 0.048) | plies 107 decisive 78% | buffer 200000 steps 37550 | 67.0 g/min eta 9.9h
[20275/60000] loss 2.141 (pi 1.729 v 0.081 q 0.030 c 0.047) | plies 109 decisive 77% | buffer 200000 steps 37599 | 67.1 g/min eta 9.9h
[20300/60000] loss 2.146 (pi 1.734 v 0.081 q 0.030 c 0.047) | plies 107 decisive 78% | buffer 200000 steps 37643 | 67.1 g/min eta 9.9h
[20325/60000] loss 2.148 (pi 1.735 v 0.080 q 0.029 c 0.047) | plies 108 decisive 79% | buffer 200000 steps 37693 | 67.1 g/min eta 9.9h
[20350/60000] loss 2.142 (pi 1.731 v 0.080 q 0.029 c 0.046) | plies 111 decisive 76% | buffer 200000 steps 37747 | 67.1 g/min eta 9.9h
[20375/60000] loss 2.138 (pi 1.725 v 0.080 q 0.029 c 0.046) | plies 112 decisive 76% | buffer 200000 steps 37796 | 67.1 g/min eta 9.8h
[20400/60000] loss 2.132 (pi 1.727 v 0.078 q 0.029 c 0.047) | plies 112 decisive 76% | buffer 200000 steps 37844 | 67.1 g/min eta 9.8h
[20425/60000] loss 2.135 (pi 1.729 v 0.078 q 0.029 c 0.047) | plies 110 decisive 78% | buffer 200000 steps 37893 | 67.1 g/min eta 9.8h
[20450/60000] loss 2.141 (pi 1.737 v 0.079 q 0.029 c 0.047) | plies 108 decisive 81% | buffer 200000 steps 37939 | 67.1 g/min eta 9.8h
[20475/60000] loss 2.141 (pi 1.734 v 0.080 q 0.029 c 0.046) | plies 107 decisive 82% | buffer 200000 steps 37987 | 67.1 g/min eta 9.8h
[20500/60000] loss 2.134 (pi 1.727 v 0.080 q 0.029 c 0.047) | plies 106 decisive 82% | buffer 200000 steps 38027 | 67.1 g/min eta 9.8h
[20525/60000] loss 2.129 (pi 1.723 v 0.080 q 0.029 c 0.048) | plies 104 decisive 84% | buffer 200000 steps 38073 | 67.1 g/min eta 9.8h
[20550/60000] loss 2.125 (pi 1.719 v 0.081 q 0.029 c 0.047) | plies 100 decisive 88% | buffer 200000 steps 38114 | 67.1 g/min eta 9.8h
[20575/60000] loss 2.130 (pi 1.721 v 0.081 q 0.029 c 0.046) | plies 99 decisive 87% | buffer 200000 steps 38160 | 67.1 g/min eta 9.8h
[20600/60000] loss 2.135 (pi 1.727 v 0.081 q 0.029 c 0.046) | plies 98 decisive 84% | buffer 200000 steps 38208 | 67.1 g/min eta 9.8h
[20625/60000] loss 2.136 (pi 1.732 v 0.080 q 0.029 c 0.047) | plies 96 decisive 85% | buffer 200000 steps 38249 | 67.1 g/min eta 9.8h
[20650/60000] loss 2.137 (pi 1.733 v 0.080 q 0.029 c 0.047) | plies 98 decisive 82% | buffer 200000 steps 38299 | 67.1 g/min eta 9.8h
[20675/60000] loss 2.135 (pi 1.730 v 0.080 q 0.029 c 0.046) | plies 99 decisive 82% | buffer 200000 steps 38346 | 67.1 g/min eta 9.8h
[20700/60000] loss 2.126 (pi 1.722 v 0.081 q 0.029 c 0.048) | plies 102 decisive 80% | buffer 200000 steps 38397 | 67.1 g/min eta 9.8h
[20725/60000] loss 2.120 (pi 1.718 v 0.081 q 0.029 c 0.047) | plies 103 decisive 79% | buffer 200000 steps 38449 | 67.1 g/min eta 9.8h
[20750/60000] loss 2.120 (pi 1.719 v 0.080 q 0.029 c 0.046) | plies 106 decisive 76% | buffer 200000 steps 38495 | 67.1 g/min eta 9.8h
[20775/60000] loss 2.131 (pi 1.730 v 0.081 q 0.029 c 0.045) | plies 106 decisive 78% | buffer 200000 steps 38544 | 67.1 g/min eta 9.7h
[20800/60000] loss 2.136 (pi 1.734 v 0.081 q 0.029 c 0.046) | plies 106 decisive 78% | buffer 200000 steps 38595 | 67.1 g/min eta 9.7h
[20825/60000] loss 2.129 (pi 1.727 v 0.080 q 0.029 c 0.047) | plies 108 decisive 76% | buffer 200000 steps 38648 | 67.1 g/min eta 9.7h
[20850/60000] loss 2.124 (pi 1.722 v 0.080 q 0.029 c 0.047) | plies 108 decisive 77% | buffer 200000 steps 38696 | 67.1 g/min eta 9.7h
[20875/60000] loss 2.124 (pi 1.723 v 0.080 q 0.029 c 0.047) | plies 108 decisive 76% | buffer 200000 steps 38744 | 67.1 g/min eta 9.7h
[20900/60000] loss 2.125 (pi 1.722 v 0.081 q 0.029 c 0.046) | plies 107 decisive 76% | buffer 200000 steps 38791 | 67.1 g/min eta 9.7h
[20925/60000] loss 2.127 (pi 1.724 v 0.080 q 0.029 c 0.046) | plies 105 decisive 78% | buffer 200000 steps 38835 | 67.1 g/min eta 9.7h
[20950/60000] loss 2.127 (pi 1.722 v 0.081 q 0.029 c 0.046) | plies 106 decisive 78% | buffer 200000 steps 38882 | 67.1 g/min eta 9.7h
[20975/60000] loss 2.127 (pi 1.724 v 0.081 q 0.029 c 0.045) | plies 106 decisive 76% | buffer 200000 steps 38927 | 67.1 g/min eta 9.7h
[21000/60000] loss 2.126 (pi 1.724 v 0.080 q 0.029 c 0.045) | plies 104 decisive 76% | buffer 200000 steps 38970 | 67.1 g/min eta 9.7h
  EVAL @21000: q-greedy 2-22-0 | policy-greedy 6-18-0 | search 8-0-0 (eval 52s)
[21025/60000] loss 2.130 (pi 1.727 v 0.081 q 0.029 c 0.046) | plies 101 decisive 78% | buffer 200000 steps 39012 | 66.9 g/min eta 9.7h
[21050/60000] loss 2.125 (pi 1.724 v 0.081 q 0.029 c 0.047) | plies 101 decisive 78% | buffer 200000 steps 39056 | 67.0 g/min eta 9.7h
[21075/60000] loss 2.117 (pi 1.720 v 0.080 q 0.029 c 0.047) | plies 100 decisive 80% | buffer 200000 steps 39101 | 67.1 g/min eta 9.7h
[21100/60000] loss 2.117 (pi 1.716 v 0.081 q 0.029 c 0.046) | plies 99 decisive 82% | buffer 200000 steps 39146 | 67.1 g/min eta 9.7h
[21125/60000] loss 2.116 (pi 1.716 v 0.080 q 0.028 c 0.046) | plies 100 decisive 83% | buffer 200000 steps 39195 | 67.1 g/min eta 9.7h
[21150/60000] loss 2.112 (pi 1.714 v 0.080 q 0.028 c 0.047) | plies 99 decisive 84% | buffer 200000 steps 39244 | 67.1 g/min eta 9.7h
[21175/60000] loss 2.117 (pi 1.718 v 0.080 q 0.028 c 0.047) | plies 102 decisive 81% | buffer 200000 steps 39297 | 67.1 g/min eta 9.6h
[21200/60000] loss 2.112 (pi 1.715 v 0.080 q 0.028 c 0.047) | plies 104 decisive 82% | buffer 200000 steps 39345 | 67.1 g/min eta 9.6h
[21225/60000] loss 2.118 (pi 1.717 v 0.081 q 0.029 c 0.047) | plies 107 decisive 78% | buffer 200000 steps 39391 | 67.1 g/min eta 9.6h
[21250/60000] loss 2.122 (pi 1.721 v 0.080 q 0.029 c 0.047) | plies 107 decisive 79% | buffer 200000 steps 39438 | 67.1 g/min eta 9.6h
[21275/60000] loss 2.121 (pi 1.720 v 0.080 q 0.029 c 0.046) | plies 106 decisive 80% | buffer 200000 steps 39483 | 67.1 g/min eta 9.6h
[21300/60000] loss 2.121 (pi 1.720 v 0.081 q 0.029 c 0.046) | plies 107 decisive 78% | buffer 200000 steps 39531 | 67.1 g/min eta 9.6h
[21325/60000] loss 2.118 (pi 1.716 v 0.081 q 0.029 c 0.046) | plies 107 decisive 77% | buffer 200000 steps 39575 | 67.1 g/min eta 9.6h
[21350/60000] loss 2.120 (pi 1.715 v 0.081 q 0.029 c 0.046) | plies 106 decisive 78% | buffer 200000 steps 39621 | 67.1 g/min eta 9.6h
[21375/60000] loss 2.125 (pi 1.720 v 0.081 q 0.029 c 0.046) | plies 104 decisive 81% | buffer 200000 steps 39670 | 67.1 g/min eta 9.6h
[21400/60000] loss 2.124 (pi 1.720 v 0.081 q 0.029 c 0.046) | plies 103 decisive 80% | buffer 200000 steps 39713 | 67.1 g/min eta 9.6h
[21425/60000] loss 2.115 (pi 1.715 v 0.081 q 0.028 c 0.045) | plies 104 decisive 81% | buffer 200000 steps 39761 | 67.1 g/min eta 9.6h
[21450/60000] loss 2.113 (pi 1.712 v 0.080 q 0.028 c 0.045) | plies 107 decisive 80% | buffer 200000 steps 39820 | 67.1 g/min eta 9.6h
[21475/60000] loss 2.117 (pi 1.716 v 0.080 q 0.028 c 0.044) | plies 107 decisive 78% | buffer 200000 steps 39865 | 67.0 g/min eta 9.6h
[21500/60000] loss 2.113 (pi 1.709 v 0.081 q 0.028 c 0.044) | plies 106 decisive 80% | buffer 200000 steps 39912 | 67.0 g/min eta 9.6h
[21525/60000] loss 2.112 (pi 1.706 v 0.082 q 0.028 c 0.045) | plies 107 decisive 80% | buffer 200000 steps 39960 | 67.1 g/min eta 9.6h
[21550/60000] loss 2.113 (pi 1.708 v 0.082 q 0.028 c 0.046) | plies 105 decisive 80% | buffer 200000 steps 40003 | 67.1 g/min eta 9.6h
[21575/60000] loss 2.111 (pi 1.706 v 0.081 q 0.028 c 0.045) | plies 106 decisive 78% | buffer 200000 steps 40053 | 67.1 g/min eta 9.5h
[21600/60000] loss 2.119 (pi 1.714 v 0.082 q 0.029 c 0.046) | plies 107 decisive 79% | buffer 200000 steps 40096 | 67.1 g/min eta 9.5h
[21625/60000] loss 2.108 (pi 1.704 v 0.081 q 0.028 c 0.046) | plies 107 decisive 80% | buffer 200000 steps 40145 | 67.1 g/min eta 9.5h
[21650/60000] loss 2.114 (pi 1.709 v 0.082 q 0.029 c 0.047) | plies 105 decisive 80% | buffer 200000 steps 40196 | 67.1 g/min eta 9.5h
[21675/60000] loss 2.118 (pi 1.714 v 0.082 q 0.029 c 0.047) | plies 106 decisive 80% | buffer 200000 steps 40247 | 67.1 g/min eta 9.5h
[21700/60000] loss 2.118 (pi 1.711 v 0.082 q 0.029 c 0.047) | plies 107 decisive 80% | buffer 200000 steps 40294 | 67.1 g/min eta 9.5h
[21725/60000] loss 2.113 (pi 1.707 v 0.082 q 0.029 c 0.047) | plies 106 decisive 80% | buffer 200000 steps 40337 | 67.1 g/min eta 9.5h
[21750/60000] loss 2.110 (pi 1.701 v 0.083 q 0.028 c 0.047) | plies 107 decisive 80% | buffer 200000 steps 40383 | 67.1 g/min eta 9.5h
[21775/60000] loss 2.115 (pi 1.709 v 0.082 q 0.028 c 0.047) | plies 105 decisive 81% | buffer 200000 steps 40430 | 67.1 g/min eta 9.5h
[21800/60000] loss 2.113 (pi 1.709 v 0.082 q 0.028 c 0.046) | plies 104 decisive 82% | buffer 200000 steps 40475 | 67.1 g/min eta 9.5h
[21825/60000] loss 2.117 (pi 1.711 v 0.082 q 0.028 c 0.047) | plies 103 decisive 82% | buffer 200000 steps 40524 | 67.1 g/min eta 9.5h
[21850/60000] loss 2.121 (pi 1.717 v 0.082 q 0.029 c 0.046) | plies 104 decisive 84% | buffer 200000 steps 40577 | 67.1 g/min eta 9.5h
[21875/60000] loss 2.122 (pi 1.716 v 0.082 q 0.029 c 0.046) | plies 102 decisive 86% | buffer 200000 steps 40619 | 67.1 g/min eta 9.5h
[21900/60000] loss 2.129 (pi 1.722 v 0.082 q 0.029 c 0.047) | plies 102 decisive 86% | buffer 200000 steps 40667 | 67.1 g/min eta 9.5h
[21925/60000] loss 2.112 (pi 1.709 v 0.082 q 0.029 c 0.047) | plies 104 decisive 86% | buffer 200000 steps 40715 | 67.1 g/min eta 9.5h
[21950/60000] loss 2.117 (pi 1.714 v 0.082 q 0.029 c 0.048) | plies 104 decisive 84% | buffer 200000 steps 40759 | 67.1 g/min eta 9.4h
[21975/60000] loss 2.115 (pi 1.715 v 0.082 q 0.029 c 0.047) | plies 106 decisive 84% | buffer 200000 steps 40806 | 67.1 g/min eta 9.4h
[22000/60000] loss 2.113 (pi 1.710 v 0.083 q 0.028 c 0.048) | plies 107 decisive 82% | buffer 200000 steps 40853 | 67.1 g/min eta 9.4h
  EVAL @22000: q-greedy 3-21-0 | policy-greedy 11-13-0 | search 8-0-0 (eval 76s)
[22025/60000] loss 2.114 (pi 1.712 v 0.082 q 0.028 c 0.047) | plies 106 decisive 84% | buffer 200000 steps 40898 | 66.9 g/min eta 9.5h
[22050/60000] loss 2.112 (pi 1.709 v 0.082 q 0.028 c 0.046) | plies 105 decisive 82% | buffer 200000 steps 40947 | 66.9 g/min eta 9.4h
[22075/60000] loss 2.105 (pi 1.701 v 0.082 q 0.029 c 0.047) | plies 106 decisive 82% | buffer 200000 steps 40994 | 67.0 g/min eta 9.4h
[22100/60000] loss 2.092 (pi 1.690 v 0.081 q 0.029 c 0.047) | plies 105 decisive 82% | buffer 200000 steps 41040 | 67.0 g/min eta 9.4h
[22125/60000] loss 2.090 (pi 1.687 v 0.082 q 0.029 c 0.047) | plies 104 decisive 80% | buffer 200000 steps 41086 | 67.0 g/min eta 9.4h
[22150/60000] loss 2.099 (pi 1.696 v 0.082 q 0.028 c 0.047) | plies 103 decisive 83% | buffer 200000 steps 41128 | 67.0 g/min eta 9.4h
[22175/60000] loss 2.101 (pi 1.699 v 0.082 q 0.029 c 0.047) | plies 101 decisive 83% | buffer 200000 steps 41178 | 67.0 g/min eta 9.4h
[22200/60000] loss 2.096 (pi 1.697 v 0.081 q 0.028 c 0.047) | plies 102 decisive 84% | buffer 200000 steps 41225 | 67.0 g/min eta 9.4h
[22225/60000] loss 2.108 (pi 1.703 v 0.082 q 0.028 c 0.047) | plies 102 decisive 82% | buffer 200000 steps 41274 | 67.0 g/min eta 9.4h
[22250/60000] loss 2.109 (pi 1.706 v 0.081 q 0.028 c 0.047) | plies 104 decisive 82% | buffer 200000 steps 41329 | 67.1 g/min eta 9.4h
[22275/60000] loss 2.108 (pi 1.705 v 0.081 q 0.028 c 0.047) | plies 105 decisive 81% | buffer 200000 steps 41380 | 67.1 g/min eta 9.4h
[22300/60000] loss 2.110 (pi 1.707 v 0.082 q 0.028 c 0.046) | plies 105 decisive 80% | buffer 200000 steps 41426 | 67.0 g/min eta 9.4h
[22325/60000] loss 2.111 (pi 1.707 v 0.082 q 0.028 c 0.046) | plies 105 decisive 80% | buffer 200000 steps 41470 | 67.1 g/min eta 9.4h
[22350/60000] loss 2.102 (pi 1.700 v 0.081 q 0.028 c 0.046) | plies 107 decisive 78% | buffer 200000 steps 41519 | 67.1 g/min eta 9.4h
[22375/60000] loss 2.104 (pi 1.702 v 0.081 q 0.028 c 0.047) | plies 108 decisive 77% | buffer 200000 steps 41571 | 67.0 g/min eta 9.4h
[22400/60000] loss 2.107 (pi 1.703 v 0.081 q 0.028 c 0.048) | plies 108 decisive 76% | buffer 200000 steps 41615 | 67.1 g/min eta 9.3h
[22425/60000] loss 2.098 (pi 1.697 v 0.081 q 0.028 c 0.047) | plies 105 decisive 79% | buffer 200000 steps 41658 | 67.0 g/min eta 9.3h
[22450/60000] loss 2.097 (pi 1.696 v 0.081 q 0.028 c 0.047) | plies 102 decisive 81% | buffer 200000 steps 41697 | 67.1 g/min eta 9.3h
[22475/60000] loss 2.095 (pi 1.696 v 0.081 q 0.028 c 0.047) | plies 104 decisive 80% | buffer 200000 steps 41747 | 67.1 g/min eta 9.3h
[22500/60000] loss 2.092 (pi 1.692 v 0.080 q 0.028 c 0.048) | plies 103 decisive 81% | buffer 200000 steps 41793 | 67.1 g/min eta 9.3h
[22525/60000] loss 2.092 (pi 1.693 v 0.080 q 0.028 c 0.047) | plies 104 decisive 80% | buffer 200000 steps 41836 | 67.1 g/min eta 9.3h
[22550/60000] loss 2.094 (pi 1.696 v 0.081 q 0.028 c 0.047) | plies 103 decisive 82% | buffer 200000 steps 41884 | 67.1 g/min eta 9.3h
[22575/60000] loss 2.097 (pi 1.695 v 0.081 q 0.028 c 0.047) | plies 101 decisive 84% | buffer 200000 steps 41928 | 67.1 g/min eta 9.3h
[22600/60000] loss 2.100 (pi 1.701 v 0.080 q 0.028 c 0.047) | plies 102 decisive 84% | buffer 200000 steps 41976 | 67.1 g/min eta 9.3h
[22625/60000] loss 2.096 (pi 1.698 v 0.081 q 0.028 c 0.047) | plies 102 decisive 84% | buffer 200000 steps 42017 | 67.1 g/min eta 9.3h
[22650/60000] loss 2.100 (pi 1.701 v 0.081 q 0.028 c 0.047) | plies 104 decisive 82% | buffer 200000 steps 42066 | 67.1 g/min eta 9.3h
[22675/60000] loss 2.095 (pi 1.694 v 0.082 q 0.028 c 0.048) | plies 102 decisive 83% | buffer 200000 steps 42114 | 67.1 g/min eta 9.3h
[22700/60000] loss 2.095 (pi 1.692 v 0.082 q 0.028 c 0.048) | plies 103 decisive 81% | buffer 200000 steps 42159 | 67.1 g/min eta 9.3h
[22725/60000] loss 2.096 (pi 1.694 v 0.082 q 0.028 c 0.047) | plies 102 decisive 82% | buffer 200000 steps 42207 | 67.1 g/min eta 9.3h
[22750/60000] loss 2.088 (pi 1.687 v 0.082 q 0.028 c 0.047) | plies 101 decisive 82% | buffer 200000 steps 42250 | 67.1 g/min eta 9.3h
[22775/60000] loss 2.088 (pi 1.689 v 0.080 q 0.028 c 0.046) | plies 102 decisive 81% | buffer 200000 steps 42295 | 67.1 g/min eta 9.3h
[22800/60000] loss 2.094 (pi 1.692 v 0.081 q 0.028 c 0.046) | plies 101 decisive 80% | buffer 200000 steps 42339 | 67.1 g/min eta 9.2h
[22825/60000] loss 2.095 (pi 1.691 v 0.081 q 0.028 c 0.047) | plies 104 decisive 78% | buffer 200000 steps 42389 | 67.1 g/min eta 9.2h
[22850/60000] loss 2.090 (pi 1.688 v 0.081 q 0.028 c 0.047) | plies 104 decisive 77% | buffer 200000 steps 42437 | 67.1 g/min eta 9.2h
[22875/60000] loss 2.091 (pi 1.687 v 0.082 q 0.028 c 0.047) | plies 106 decisive 76% | buffer 200000 steps 42488 | 67.1 g/min eta 9.2h
[22900/60000] loss 2.094 (pi 1.691 v 0.082 q 0.028 c 0.047) | plies 106 decisive 78% | buffer 200000 steps 42539 | 67.1 g/min eta 9.2h
[22925/60000] loss 2.094 (pi 1.690 v 0.082 q 0.028 c 0.048) | plies 106 decisive 78% | buffer 200000 steps 42583 | 67.1 g/min eta 9.2h
[22950/60000] loss 2.087 (pi 1.685 v 0.081 q 0.028 c 0.047) | plies 108 decisive 76% | buffer 200000 steps 42637 | 67.1 g/min eta 9.2h
[22975/60000] loss 2.095 (pi 1.691 v 0.082 q 0.028 c 0.048) | plies 108 decisive 76% | buffer 200000 steps 42681 | 67.1 g/min eta 9.2h
[23000/60000] loss 2.090 (pi 1.689 v 0.081 q 0.028 c 0.048) | plies 110 decisive 74% | buffer 200000 steps 42729 | 67.1 g/min eta 9.2h
  EVAL @23000: q-greedy 7-17-0 | policy-greedy 11-13-0 | search 8-0-0 (eval 62s)
[23025/60000] loss 2.084 (pi 1.684 v 0.082 q 0.029 c 0.048) | plies 110 decisive 76% | buffer 200000 steps 42778 | 66.9 g/min eta 9.2h
[23050/60000] loss 2.079 (pi 1.680 v 0.081 q 0.028 c 0.049) | plies 108 decisive 78% | buffer 200000 steps 42823 | 67.0 g/min eta 9.2h
[23075/60000] loss 2.080 (pi 1.678 v 0.082 q 0.028 c 0.048) | plies 109 decisive 77% | buffer 200000 steps 42880 | 67.0 g/min eta 9.2h
[23100/60000] loss 2.083 (pi 1.682 v 0.081 q 0.028 c 0.047) | plies 107 decisive 77% | buffer 200000 steps 42923 | 67.0 g/min eta 9.2h
[23125/60000] loss 2.085 (pi 1.685 v 0.081 q 0.028 c 0.048) | plies 108 decisive 76% | buffer 200000 steps 42972 | 67.0 g/min eta 9.2h
[23150/60000] loss 2.089 (pi 1.684 v 0.081 q 0.028 c 0.047) | plies 106 decisive 78% | buffer 200000 steps 43020 | 67.0 g/min eta 9.2h
[23175/60000] loss 2.089 (pi 1.685 v 0.081 q 0.028 c 0.046) | plies 107 decisive 78% | buffer 200000 steps 43067 | 67.0 g/min eta 9.2h
[23200/60000] loss 2.086 (pi 1.683 v 0.081 q 0.028 c 0.047) | plies 106 decisive 81% | buffer 200000 steps 43112 | 67.0 g/min eta 9.1h
[23225/60000] loss 2.091 (pi 1.687 v 0.081 q 0.028 c 0.046) | plies 104 decisive 82% | buffer 200000 steps 43155 | 67.0 g/min eta 9.1h
[23250/60000] loss 2.086 (pi 1.678 v 0.082 q 0.028 c 0.046) | plies 108 decisive 79% | buffer 200000 steps 43205 | 67.1 g/min eta 9.1h
[23275/60000] loss 2.090 (pi 1.683 v 0.082 q 0.029 c 0.046) | plies 106 decisive 81% | buffer 200000 steps 43252 | 67.1 g/min eta 9.1h
[23300/60000] loss 2.090 (pi 1.681 v 0.083 q 0.029 c 0.047) | plies 106 decisive 82% | buffer 200000 steps 43297 | 67.1 g/min eta 9.1h
[23325/60000] loss 2.088 (pi 1.682 v 0.083 q 0.028 c 0.046) | plies 105 decisive 82% | buffer 200000 steps 43343 | 67.1 g/min eta 9.1h
[23350/60000] loss 2.086 (pi 1.682 v 0.082 q 0.028 c 0.045) | plies 106 decisive 82% | buffer 200000 steps 43390 | 67.1 g/min eta 9.1h
[23375/60000] loss 2.084 (pi 1.678 v 0.083 q 0.029 c 0.045) | plies 104 decisive 82% | buffer 200000 steps 43434 | 67.1 g/min eta 9.1h
[23400/60000] loss 2.083 (pi 1.680 v 0.082 q 0.028 c 0.045) | plies 103 decisive 80% | buffer 200000 steps 43475 | 67.0 g/min eta 9.1h
[23425/60000] loss 2.084 (pi 1.679 v 0.082 q 0.028 c 0.046) | plies 105 decisive 80% | buffer 200000 steps 43524 | 67.1 g/min eta 9.1h
[23450/60000] loss 2.088 (pi 1.682 v 0.082 q 0.028 c 0.045) | plies 102 decisive 80% | buffer 200000 steps 43567 | 67.0 g/min eta 9.1h
[23475/60000] loss 2.083 (pi 1.675 v 0.082 q 0.028 c 0.045) | plies 101 decisive 82% | buffer 200000 steps 43613 | 67.0 g/min eta 9.1h
[23500/60000] loss 2.079 (pi 1.671 v 0.083 q 0.029 c 0.045) | plies 100 decisive 82% | buffer 200000 steps 43662 | 67.1 g/min eta 9.1h
[23525/60000] loss 2.077 (pi 1.668 v 0.083 q 0.028 c 0.045) | plies 101 decisive 82% | buffer 200000 steps 43707 | 67.1 g/min eta 9.1h
[23550/60000] loss 2.077 (pi 1.669 v 0.082 q 0.028 c 0.045) | plies 100 decisive 82% | buffer 200000 steps 43752 | 67.1 g/min eta 9.1h
[23575/60000] loss 2.081 (pi 1.673 v 0.082 q 0.028 c 0.046) | plies 102 decisive 82% | buffer 200000 steps 43796 | 67.0 g/min eta 9.1h
[23600/60000] loss 2.084 (pi 1.675 v 0.082 q 0.028 c 0.046) | plies 103 decisive 82% | buffer 200000 steps 43849 | 67.1 g/min eta 9.0h
[23625/60000] loss 2.091 (pi 1.678 v 0.083 q 0.028 c 0.046) | plies 104 decisive 82% | buffer 200000 steps 43902 | 67.1 g/min eta 9.0h
[23650/60000] loss 2.091 (pi 1.680 v 0.083 q 0.028 c 0.046) | plies 104 decisive 84% | buffer 200000 steps 43947 | 67.1 g/min eta 9.0h
[23675/60000] loss 2.093 (pi 1.679 v 0.084 q 0.028 c 0.045) | plies 105 decisive 84% | buffer 200000 steps 43995 | 67.0 g/min eta 9.0h
[23700/60000] loss 2.089 (pi 1.678 v 0.084 q 0.028 c 0.046) | plies 108 decisive 82% | buffer 200000 steps 44049 | 67.0 g/min eta 9.0h
[23725/60000] loss 2.086 (pi 1.677 v 0.083 q 0.028 c 0.045) | plies 109 decisive 82% | buffer 200000 steps 44101 | 67.0 g/min eta 9.0h
[23750/60000] loss 2.090 (pi 1.681 v 0.083 q 0.028 c 0.046) | plies 109 decisive 82% | buffer 200000 steps 44150 | 67.0 g/min eta 9.0h
[23775/60000] loss 2.093 (pi 1.681 v 0.083 q 0.028 c 0.047) | plies 110 decisive 80% | buffer 200000 steps 44201 | 67.0 g/min eta 9.0h
[23800/60000] loss 2.090 (pi 1.677 v 0.084 q 0.028 c 0.048) | plies 109 decisive 80% | buffer 200000 steps 44248 | 67.0 g/min eta 9.0h
[23825/60000] loss 2.089 (pi 1.676 v 0.083 q 0.028 c 0.047) | plies 108 decisive 82% | buffer 200000 steps 44294 | 67.0 g/min eta 9.0h
[23850/60000] loss 2.091 (pi 1.677 v 0.083 q 0.028 c 0.045) | plies 109 decisive 80% | buffer 200000 steps 44343 | 67.0 g/min eta 9.0h
[23875/60000] loss 2.080 (pi 1.668 v 0.083 q 0.028 c 0.046) | plies 111 decisive 78% | buffer 200000 steps 44393 | 67.0 g/min eta 9.0h
[23900/60000] loss 2.078 (pi 1.670 v 0.082 q 0.029 c 0.046) | plies 109 decisive 78% | buffer 200000 steps 44441 | 67.0 g/min eta 9.0h
[23925/60000] loss 2.078 (pi 1.672 v 0.082 q 0.029 c 0.046) | plies 110 decisive 78% | buffer 200000 steps 44492 | 67.0 g/min eta 9.0h
[23950/60000] loss 2.069 (pi 1.664 v 0.081 q 0.028 c 0.045) | plies 110 decisive 78% | buffer 200000 steps 44541 | 67.0 g/min eta 9.0h
[23975/60000] loss 2.083 (pi 1.675 v 0.082 q 0.028 c 0.045) | plies 108 decisive 80% | buffer 200000 steps 44584 | 67.1 g/min eta 9.0h
[24000/60000] loss 2.081 (pi 1.675 v 0.081 q 0.028 c 0.045) | plies 107 decisive 81% | buffer 200000 steps 44628 | 67.1 g/min eta 8.9h
  EVAL @24000: q-greedy 6-18-0 | policy-greedy 10-14-0 | search 7-0-1 (eval 43s)
[24025/60000] loss 2.081 (pi 1.672 v 0.082 q 0.028 c 0.045) | plies 108 decisive 79% | buffer 200000 steps 44675 | 66.9 g/min eta 9.0h
[24050/60000] loss 2.080 (pi 1.672 v 0.082 q 0.028 c 0.046) | plies 108 decisive 80% | buffer 200000 steps 44721 | 67.0 g/min eta 8.9h
[24075/60000] loss 2.076 (pi 1.670 v 0.082 q 0.028 c 0.046) | plies 107 decisive 80% | buffer 200000 steps 44770 | 67.0 g/min eta 8.9h
[24100/60000] loss 2.092 (pi 1.682 v 0.082 q 0.028 c 0.047) | plies 106 decisive 82% | buffer 200000 steps 44818 | 67.0 g/min eta 8.9h
[24125/60000] loss 2.090 (pi 1.678 v 0.083 q 0.028 c 0.046) | plies 104 decisive 80% | buffer 200000 steps 44866 | 67.0 g/min eta 8.9h
[24150/60000] loss 2.088 (pi 1.676 v 0.082 q 0.028 c 0.046) | plies 104 decisive 83% | buffer 200000 steps 44913 | 67.0 g/min eta 8.9h
[24175/60000] loss 2.091 (pi 1.679 v 0.082 q 0.028 c 0.046) | plies 104 decisive 83% | buffer 200000 steps 44956 | 67.0 g/min eta 8.9h
[24200/60000] loss 2.092 (pi 1.679 v 0.082 q 0.028 c 0.045) | plies 105 decisive 82% | buffer 200000 steps 45006 | 67.0 g/min eta 8.9h
[24225/60000] loss 2.095 (pi 1.681 v 0.083 q 0.028 c 0.045) | plies 103 decisive 84% | buffer 200000 steps 45048 | 67.0 g/min eta 8.9h
[24250/60000] loss 2.090 (pi 1.678 v 0.082 q 0.028 c 0.045) | plies 103 decisive 84% | buffer 200000 steps 45099 | 67.0 g/min eta 8.9h
[24275/60000] loss 2.091 (pi 1.681 v 0.082 q 0.028 c 0.045) | plies 103 decisive 85% | buffer 200000 steps 45149 | 67.0 g/min eta 8.9h
[24300/60000] loss 2.089 (pi 1.681 v 0.082 q 0.028 c 0.045) | plies 103 decisive 86% | buffer 200000 steps 45195 | 67.0 g/min eta 8.9h
[24325/60000] loss 2.089 (pi 1.681 v 0.081 q 0.028 c 0.044) | plies 103 decisive 86% | buffer 200000 steps 45241 | 67.0 g/min eta 8.9h
[24350/60000] loss 2.085 (pi 1.679 v 0.081 q 0.028 c 0.043) | plies 104 decisive 84% | buffer 200000 steps 45290 | 67.0 g/min eta 8.9h
[24375/60000] loss 2.089 (pi 1.682 v 0.081 q 0.028 c 0.042) | plies 106 decisive 83% | buffer 200000 steps 45341 | 67.0 g/min eta 8.9h
[24400/60000] loss 2.088 (pi 1.682 v 0.081 q 0.028 c 0.043) | plies 107 decisive 80% | buffer 200000 steps 45395 | 67.0 g/min eta 8.9h
[24425/60000] loss 2.080 (pi 1.675 v 0.080 q 0.027 c 0.044) | plies 107 decisive 80% | buffer 200000 steps 45442 | 67.0 g/min eta 8.8h
[24450/60000] loss 2.078 (pi 1.671 v 0.081 q 0.027 c 0.044) | plies 108 decisive 80% | buffer 200000 steps 45490 | 67.0 g/min eta 8.8h
[24475/60000] loss 2.087 (pi 1.679 v 0.082 q 0.028 c 0.044) | plies 107 decisive 80% | buffer 200000 steps 45536 | 67.0 g/min eta 8.8h
[24500/60000] loss 2.075 (pi 1.670 v 0.081 q 0.028 c 0.044) | plies 108 decisive 78% | buffer 200000 steps 45585 | 67.0 g/min eta 8.8h
[24525/60000] loss 2.082 (pi 1.675 v 0.082 q 0.027 c 0.043) | plies 108 decisive 80% | buffer 200000 steps 45637 | 67.0 g/min eta 8.8h
[24550/60000] loss 2.085 (pi 1.679 v 0.082 q 0.027 c 0.043) | plies 107 decisive 80% | buffer 200000 steps 45683 | 67.0 g/min eta 8.8h
[24575/60000] loss 2.090 (pi 1.684 v 0.082 q 0.028 c 0.044) | plies 106 decisive 81% | buffer 200000 steps 45731 | 67.0 g/min eta 8.8h
[24600/60000] loss 2.093 (pi 1.687 v 0.082 q 0.028 c 0.044) | plies 107 decisive 81% | buffer 200000 steps 45781 | 67.0 g/min eta 8.8h
[24625/60000] loss 2.090 (pi 1.686 v 0.081 q 0.028 c 0.045) | plies 106 decisive 81% | buffer 200000 steps 45820 | 67.0 g/min eta 8.8h
[24650/60000] loss 2.094 (pi 1.691 v 0.081 q 0.028 c 0.044) | plies 105 decisive 81% | buffer 200000 steps 45868 | 67.0 g/min eta 8.8h
[24675/60000] loss 2.092 (pi 1.687 v 0.081 q 0.028 c 0.045) | plies 105 decisive 81% | buffer 200000 steps 45916 | 67.0 g/min eta 8.8h
[24700/60000] loss 2.084 (pi 1.677 v 0.082 q 0.028 c 0.045) | plies 103 decisive 82% | buffer 200000 steps 45958 | 67.0 g/min eta 8.8h
[24725/60000] loss 2.086 (pi 1.681 v 0.082 q 0.028 c 0.044) | plies 102 decisive 82% | buffer 200000 steps 46004 | 67.0 g/min eta 8.8h
[24750/60000] loss 2.089 (pi 1.684 v 0.081 q 0.028 c 0.043) | plies 104 decisive 80% | buffer 200000 steps 46053 | 67.0 g/min eta 8.8h
[24775/60000] loss 2.081 (pi 1.676 v 0.082 q 0.028 c 0.043) | plies 102 decisive 82% | buffer 200000 steps 46097 | 67.0 g/min eta 8.8h
[24800/60000] loss 2.084 (pi 1.678 v 0.083 q 0.028 c 0.043) | plies 101 decisive 82% | buffer 200000 steps 46142 | 67.0 g/min eta 8.8h
[24825/60000] loss 2.079 (pi 1.672 v 0.083 q 0.028 c 0.042) | plies 103 decisive 80% | buffer 200000 steps 46190 | 67.0 g/min eta 8.8h
[24850/60000] loss 2.076 (pi 1.671 v 0.083 q 0.028 c 0.043) | plies 103 decisive 80% | buffer 200000 steps 46236 | 67.0 g/min eta 8.7h
[24875/60000] loss 2.079 (pi 1.674 v 0.082 q 0.028 c 0.042) | plies 103 decisive 80% | buffer 200000 steps 46285 | 67.0 g/min eta 8.7h
[24900/60000] loss 2.069 (pi 1.670 v 0.081 q 0.028 c 0.043) | plies 107 decisive 76% | buffer 200000 steps 46333 | 67.0 g/min eta 8.7h
[24925/60000] loss 2.071 (pi 1.670 v 0.081 q 0.028 c 0.043) | plies 107 decisive 76% | buffer 200000 steps 46376 | 67.0 g/min eta 8.7h
[24950/60000] loss 2.077 (pi 1.679 v 0.081 q 0.028 c 0.044) | plies 107 decisive 74% | buffer 200000 steps 46428 | 67.0 g/min eta 8.7h
[24975/60000] loss 2.070 (pi 1.671 v 0.081 q 0.028 c 0.044) | plies 109 decisive 72% | buffer 200000 steps 46476 | 67.0 g/min eta 8.7h
[25000/60000] loss 2.068 (pi 1.670 v 0.080 q 0.028 c 0.044) | plies 109 decisive 72% | buffer 200000 steps 46523 | 67.0 g/min eta 8.7h
  EVAL @25000: q-greedy 1-23-0 | policy-greedy 10-14-0 | search 8-0-0 (eval 52s)
[25025/60000] loss 2.064 (pi 1.664 v 0.080 q 0.027 c 0.045) | plies 108 decisive 72% | buffer 200000 steps 46573 | 66.9 g/min eta 8.7h
[25050/60000] loss 2.065 (pi 1.666 v 0.080 q 0.028 c 0.045) | plies 109 decisive 74% | buffer 200000 steps 46620 | 66.9 g/min eta 8.7h
[25075/60000] loss 2.067 (pi 1.668 v 0.080 q 0.027 c 0.045) | plies 108 decisive 73% | buffer 200000 steps 46662 | 67.0 g/min eta 8.7h
[25100/60000] loss 2.074 (pi 1.673 v 0.081 q 0.027 c 0.044) | plies 107 decisive 76% | buffer 200000 steps 46715 | 67.0 g/min eta 8.7h
[25125/60000] loss 2.074 (pi 1.670 v 0.081 q 0.027 c 0.044) | plies 107 decisive 76% | buffer 200000 steps 46765 | 67.0 g/min eta 8.7h
[25150/60000] loss 2.073 (pi 1.668 v 0.081 q 0.027 c 0.044) | plies 105 decisive 80% | buffer 200000 steps 46815 | 67.0 g/min eta 8.7h
[25175/60000] loss 2.074 (pi 1.671 v 0.081 q 0.027 c 0.043) | plies 105 decisive 79% | buffer 200000 steps 46862 | 67.0 g/min eta 8.7h
[25200/60000] loss 2.073 (pi 1.668 v 0.081 q 0.027 c 0.043) | plies 103 decisive 81% | buffer 200000 steps 46905 | 67.0 g/min eta 8.7h
[25225/60000] loss 2.068 (pi 1.665 v 0.080 q 0.028 c 0.044) | plies 103 decisive 82% | buffer 200000 steps 46951 | 67.0 g/min eta 8.7h
[25250/60000] loss 2.061 (pi 1.663 v 0.079 q 0.028 c 0.044) | plies 104 decisive 82% | buffer 200000 steps 46994 | 67.0 g/min eta 8.6h
[25275/60000] loss 2.064 (pi 1.668 v 0.079 q 0.027 c 0.043) | plies 102 decisive 81% | buffer 200000 steps 47037 | 67.0 g/min eta 8.6h
[25300/60000] loss 2.073 (pi 1.674 v 0.080 q 0.027 c 0.042) | plies 101 decisive 82% | buffer 200000 steps 47078 | 67.0 g/min eta 8.6h
[25325/60000] loss 2.073 (pi 1.671 v 0.080 q 0.027 c 0.043) | plies 101 decisive 83% | buffer 200000 steps 47124 | 67.0 g/min eta 8.6h
[25350/60000] loss 2.073 (pi 1.672 v 0.079 q 0.027 c 0.042) | plies 101 decisive 83% | buffer 200000 steps 47169 | 67.0 g/min eta 8.6h
[25375/60000] loss 2.067 (pi 1.666 v 0.080 q 0.027 c 0.042) | plies 101 decisive 84% | buffer 200000 steps 47215 | 67.0 g/min eta 8.6h
[25400/60000] loss 2.070 (pi 1.668 v 0.080 q 0.028 c 0.042) | plies 102 decisive 82% | buffer 200000 steps 47259 | 67.0 g/min eta 8.6h
[25425/60000] loss 2.062 (pi 1.662 v 0.079 q 0.027 c 0.043) | plies 101 decisive 82% | buffer 200000 steps 47307 | 67.0 g/min eta 8.6h
[25450/60000] loss 2.067 (pi 1.664 v 0.081 q 0.027 c 0.043) | plies 100 decisive 82% | buffer 200000 steps 47350 | 67.0 g/min eta 8.6h
[25475/60000] loss 2.054 (pi 1.653 v 0.080 q 0.027 c 0.043) | plies 101 decisive 82% | buffer 200000 steps 47392 | 67.0 g/min eta 8.6h
[25500/60000] loss 2.056 (pi 1.654 v 0.080 q 0.027 c 0.044) | plies 101 decisive 78% | buffer 200000 steps 47441 | 67.0 g/min eta 8.6h
[25525/60000] loss 2.056 (pi 1.653 v 0.080 q 0.027 c 0.044) | plies 102 decisive 78% | buffer 200000 steps 47487 | 67.0 g/min eta 8.6h
[25550/60000] loss 2.065 (pi 1.660 v 0.080 q 0.027 c 0.043) | plies 101 decisive 76% | buffer 200000 steps 47533 | 67.0 g/min eta 8.6h
[25575/60000] loss 2.072 (pi 1.666 v 0.081 q 0.027 c 0.044) | plies 100 decisive 77% | buffer 200000 steps 47576 | 67.0 g/min eta 8.6h
[25600/60000] loss 2.072 (pi 1.665 v 0.081 q 0.028 c 0.044) | plies 101 decisive 78% | buffer 200000 steps 47620 | 67.0 g/min eta 8.6h
[25625/60000] loss 2.068 (pi 1.664 v 0.080 q 0.028 c 0.044) | plies 100 decisive 80% | buffer 200000 steps 47665 | 67.0 g/min eta 8.5h
[25650/60000] loss 2.065 (pi 1.661 v 0.080 q 0.027 c 0.045) | plies 100 decisive 80% | buffer 200000 steps 47709 | 67.0 g/min eta 8.5h
[25675/60000] loss 2.070 (pi 1.666 v 0.080 q 0.028 c 0.043) | plies 101 decisive 81% | buffer 200000 steps 47756 | 67.0 g/min eta 8.5h
[25700/60000] loss 2.066 (pi 1.662 v 0.081 q 0.028 c 0.043) | plies 100 decisive 84% | buffer 200000 steps 47798 | 67.0 g/min eta 8.5h
[25725/60000] loss 2.062 (pi 1.659 v 0.080 q 0.028 c 0.042) | plies 100 decisive 84% | buffer 200000 steps 47848 | 67.1 g/min eta 8.5h
[25750/60000] loss 2.066 (pi 1.660 v 0.081 q 0.028 c 0.042) | plies 101 decisive 84% | buffer 200000 steps 47896 | 67.1 g/min eta 8.5h
[25775/60000] loss 2.062 (pi 1.659 v 0.081 q 0.028 c 0.043) | plies 101 decisive 84% | buffer 200000 steps 47941 | 67.1 g/min eta 8.5h
[25800/60000] loss 2.061 (pi 1.656 v 0.081 q 0.028 c 0.044) | plies 101 decisive 84% | buffer 200000 steps 47985 | 67.1 g/min eta 8.5h
[25825/60000] loss 2.059 (pi 1.653 v 0.081 q 0.028 c 0.044) | plies 101 decisive 84% | buffer 200000 steps 48031 | 67.1 g/min eta 8.5h
[25850/60000] loss 2.057 (pi 1.649 v 0.081 q 0.028 c 0.043) | plies 101 decisive 85% | buffer 200000 steps 48072 | 67.1 g/min eta 8.5h
[25875/60000] loss 2.057 (pi 1.650 v 0.081 q 0.028 c 0.043) | plies 100 decisive 84% | buffer 200000 steps 48116 | 67.1 g/min eta 8.5h
[25900/60000] loss 2.057 (pi 1.648 v 0.081 q 0.028 c 0.044) | plies 100 decisive 83% | buffer 200000 steps 48161 | 67.1 g/min eta 8.5h
[25925/60000] loss 2.056 (pi 1.647 v 0.081 q 0.027 c 0.044) | plies 98 decisive 84% | buffer 200000 steps 48202 | 67.1 g/min eta 8.5h
[25950/60000] loss 2.050 (pi 1.641 v 0.081 q 0.027 c 0.044) | plies 97 decisive 84% | buffer 200000 steps 48245 | 67.1 g/min eta 8.5h
[25975/60000] loss 2.051 (pi 1.644 v 0.081 q 0.028 c 0.044) | plies 97 decisive 84% | buffer 200000 steps 48288 | 67.1 g/min eta 8.5h
[26000/60000] loss 2.043 (pi 1.638 v 0.082 q 0.027 c 0.045) | plies 98 decisive 82% | buffer 200000 steps 48327 | 67.1 g/min eta 8.4h
  EVAL @26000: q-greedy 1-23-0 | policy-greedy 12-12-0 | search 8-0-0 (eval 70s)
[26025/60000] loss 2.049 (pi 1.643 v 0.082 q 0.028 c 0.044) | plies 98 decisive 82% | buffer 200000 steps 48372 | 66.9 g/min eta 8.5h
[26050/60000] loss 2.045 (pi 1.641 v 0.082 q 0.028 c 0.043) | plies 99 decisive 81% | buffer 200000 steps 48421 | 67.0 g/min eta 8.4h
[26075/60000] loss 2.047 (pi 1.643 v 0.082 q 0.028 c 0.043) | plies 99 decisive 81% | buffer 200000 steps 48467 | 67.0 g/min eta 8.4h
[26100/60000] loss 2.045 (pi 1.641 v 0.082 q 0.028 c 0.045) | plies 100 decisive 82% | buffer 200000 steps 48509 | 67.0 g/min eta 8.4h
[26125/60000] loss 2.038 (pi 1.635 v 0.081 q 0.028 c 0.045) | plies 101 decisive 78% | buffer 200000 steps 48553 | 67.1 g/min eta 8.4h
[26150/60000] loss 2.036 (pi 1.632 v 0.081 q 0.028 c 0.044) | plies 101 decisive 79% | buffer 200000 steps 48596 | 67.1 g/min eta 8.4h
[26175/60000] loss 2.040 (pi 1.633 v 0.082 q 0.027 c 0.044) | plies 101 decisive 80% | buffer 200000 steps 48638 | 67.1 g/min eta 8.4h
[26200/60000] loss 2.043 (pi 1.633 v 0.082 q 0.028 c 0.045) | plies 102 decisive 82% | buffer 200000 steps 48688 | 67.1 g/min eta 8.4h
[26225/60000] loss 2.043 (pi 1.631 v 0.082 q 0.028 c 0.044) | plies 100 decisive 84% | buffer 200000 steps 48728 | 67.1 g/min eta 8.4h
[26250/60000] loss 2.036 (pi 1.625 v 0.082 q 0.028 c 0.045) | plies 98 decisive 84% | buffer 200000 steps 48769 | 67.1 g/min eta 8.4h
[26275/60000] loss 2.044 (pi 1.630 v 0.082 q 0.028 c 0.045) | plies 100 decisive 82% | buffer 200000 steps 48823 | 67.1 g/min eta 8.4h
[26300/60000] loss 2.042 (pi 1.627 v 0.082 q 0.028 c 0.045) | plies 99 decisive 82% | buffer 200000 steps 48871 | 67.1 g/min eta 8.4h
[26325/60000] loss 2.035 (pi 1.622 v 0.083 q 0.027 c 0.046) | plies 98 decisive 86% | buffer 200000 steps 48913 | 67.1 g/min eta 8.4h
[26350/60000] loss 2.033 (pi 1.620 v 0.083 q 0.027 c 0.045) | plies 100 decisive 84% | buffer 200000 steps 48963 | 67.1 g/min eta 8.4h
[26375/60000] loss 2.029 (pi 1.618 v 0.082 q 0.028 c 0.045) | plies 101 decisive 84% | buffer 200000 steps 49009 | 67.1 g/min eta 8.4h
[26400/60000] loss 2.030 (pi 1.621 v 0.082 q 0.028 c 0.044) | plies 100 decisive 84% | buffer 200000 steps 49057 | 67.1 g/min eta 8.3h
[26425/60000] loss 2.029 (pi 1.620 v 0.081 q 0.028 c 0.044) | plies 101 decisive 81% | buffer 200000 steps 49102 | 67.1 g/min eta 8.3h
[26450/60000] loss 2.029 (pi 1.616 v 0.082 q 0.028 c 0.045) | plies 102 decisive 80% | buffer 200000 steps 49144 | 67.1 g/min eta 8.3h
[26475/60000] loss 2.031 (pi 1.619 v 0.082 q 0.028 c 0.044) | plies 99 decisive 82% | buffer 200000 steps 49186 | 67.1 g/min eta 8.3h
[26500/60000] loss 2.029 (pi 1.617 v 0.082 q 0.028 c 0.044) | plies 102 decisive 79% | buffer 200000 steps 49235 | 67.1 g/min eta 8.3h
[26525/60000] loss 2.028 (pi 1.615 v 0.082 q 0.028 c 0.044) | plies 104 decisive 76% | buffer 200000 steps 49285 | 67.1 g/min eta 8.3h
[26550/60000] loss 2.024 (pi 1.611 v 0.083 q 0.028 c 0.045) | plies 103 decisive 76% | buffer 200000 steps 49331 | 67.1 g/min eta 8.3h
[26575/60000] loss 2.021 (pi 1.609 v 0.083 q 0.028 c 0.045) | plies 104 decisive 76% | buffer 200000 steps 49379 | 67.1 g/min eta 8.3h
[26600/60000] loss 2.018 (pi 1.606 v 0.083 q 0.028 c 0.045) | plies 104 decisive 78% | buffer 200000 steps 49425 | 67.1 g/min eta 8.3h
[26625/60000] loss 2.020 (pi 1.608 v 0.083 q 0.028 c 0.044) | plies 103 decisive 78% | buffer 200000 steps 49467 | 67.1 g/min eta 8.3h
[26650/60000] loss 2.023 (pi 1.611 v 0.083 q 0.028 c 0.044) | plies 102 decisive 80% | buffer 200000 steps 49509 | 67.1 g/min eta 8.3h
[26675/60000] loss 2.020 (pi 1.612 v 0.082 q 0.027 c 0.044) | plies 104 decisive 80% | buffer 200000 steps 49557 | 67.1 g/min eta 8.3h
[26700/60000] loss 2.018 (pi 1.606 v 0.083 q 0.028 c 0.045) | plies 102 decisive 82% | buffer 200000 steps 49599 | 67.1 g/min eta 8.3h
[26725/60000] loss 2.013 (pi 1.602 v 0.084 q 0.028 c 0.046) | plies 102 decisive 84% | buffer 200000 steps 49645 | 67.1 g/min eta 8.3h
[26750/60000] loss 2.014 (pi 1.605 v 0.084 q 0.028 c 0.045) | plies 102 decisive 84% | buffer 200000 steps 49693 | 67.1 g/min eta 8.3h
[26775/60000] loss 2.015 (pi 1.605 v 0.084 q 0.028 c 0.046) | plies 101 decisive 83% | buffer 200000 steps 49738 | 67.1 g/min eta 8.3h
[26800/60000] loss 2.006 (pi 1.595 v 0.084 q 0.028 c 0.045) | plies 100 decisive 84% | buffer 200000 steps 49780 | 67.1 g/min eta 8.2h
[26825/60000] loss 2.007 (pi 1.593 v 0.084 q 0.027 c 0.045) | plies 102 decisive 83% | buffer 200000 steps 49830 | 67.1 g/min eta 8.2h
[26850/60000] loss 2.009 (pi 1.597 v 0.084 q 0.027 c 0.045) | plies 102 decisive 82% | buffer 200000 steps 49875 | 67.1 g/min eta 8.2h
[26875/60000] loss 2.014 (pi 1.600 v 0.085 q 0.027 c 0.045) | plies 101 decisive 82% | buffer 200000 steps 49921 | 67.1 g/min eta 8.2h
[26900/60000] loss 2.008 (pi 1.595 v 0.085 q 0.028 c 0.046) | plies 102 decisive 80% | buffer 200000 steps 49967 | 67.1 g/min eta 8.2h
[26925/60000] loss 2.013 (pi 1.598 v 0.084 q 0.027 c 0.045) | plies 101 decisive 78% | buffer 200000 steps 50011 | 67.1 g/min eta 8.2h
[26950/60000] loss 2.012 (pi 1.599 v 0.083 q 0.027 c 0.044) | plies 101 decisive 78% | buffer 200000 steps 50059 | 67.1 g/min eta 8.2h
[26975/60000] loss 2.017 (pi 1.604 v 0.084 q 0.027 c 0.044) | plies 102 decisive 79% | buffer 200000 steps 50109 | 67.1 g/min eta 8.2h
[27000/60000] loss 2.011 (pi 1.598 v 0.084 q 0.028 c 0.044) | plies 104 decisive 76% | buffer 200000 steps 50157 | 67.1 g/min eta 8.2h
  EVAL @27000: q-greedy 5-19-0 | policy-greedy 8-16-0 | search 8-0-0 (eval 62s)
[27025/60000] loss 2.015 (pi 1.604 v 0.083 q 0.028 c 0.044) | plies 103 decisive 78% | buffer 200000 steps 50201 | 67.0 g/min eta 8.2h
[27050/60000] loss 2.013 (pi 1.599 v 0.083 q 0.028 c 0.044) | plies 104 decisive 76% | buffer 200000 steps 50249 | 67.0 g/min eta 8.2h
[27075/60000] loss 2.013 (pi 1.597 v 0.084 q 0.028 c 0.045) | plies 104 decisive 77% | buffer 200000 steps 50288 | 67.1 g/min eta 8.2h
[27100/60000] loss 2.020 (pi 1.606 v 0.083 q 0.028 c 0.045) | plies 105 decisive 78% | buffer 200000 steps 50339 | 67.1 g/min eta 8.2h
[27125/60000] loss 2.021 (pi 1.607 v 0.083 q 0.028 c 0.045) | plies 105 decisive 78% | buffer 200000 steps 50383 | 67.1 g/min eta 8.2h
[27150/60000] loss 2.012 (pi 1.596 v 0.084 q 0.028 c 0.045) | plies 104 decisive 79% | buffer 200000 steps 50425 | 67.1 g/min eta 8.2h
[27175/60000] loss 2.008 (pi 1.593 v 0.083 q 0.028 c 0.046) | plies 103 decisive 80% | buffer 200000 steps 50473 | 67.1 g/min eta 8.2h
[27200/60000] loss 2.008 (pi 1.592 v 0.084 q 0.028 c 0.045) | plies 104 decisive 80% | buffer 200000 steps 50523 | 67.1 g/min eta 8.1h
[27225/60000] loss 2.009 (pi 1.592 v 0.084 q 0.028 c 0.046) | plies 105 decisive 79% | buffer 200000 steps 50568 | 67.1 g/min eta 8.1h
[27250/60000] loss 2.001 (pi 1.590 v 0.083 q 0.028 c 0.046) | plies 104 decisive 79% | buffer 200000 steps 50612 | 67.1 g/min eta 8.1h
[27275/60000] loss 2.008 (pi 1.598 v 0.083 q 0.028 c 0.046) | plies 105 decisive 78% | buffer 200000 steps 50661 | 67.1 g/min eta 8.1h
[27300/60000] loss 2.006 (pi 1.596 v 0.083 q 0.028 c 0.045) | plies 102 decisive 81% | buffer 200000 steps 50704 | 67.0 g/min eta 8.1h
[27325/60000] loss 2.014 (pi 1.604 v 0.084 q 0.028 c 0.046) | plies 101 decisive 81% | buffer 200000 steps 50745 | 67.0 g/min eta 8.1h
[27350/60000] loss 2.016 (pi 1.602 v 0.084 q 0.029 c 0.046) | plies 101 decisive 80% | buffer 200000 steps 50786 | 67.0 g/min eta 8.1h
[27375/60000] loss 2.019 (pi 1.605 v 0.084 q 0.028 c 0.045) | plies 102 decisive 78% | buffer 200000 steps 50836 | 67.0 g/min eta 8.1h
[27400/60000] loss 2.014 (pi 1.602 v 0.083 q 0.028 c 0.044) | plies 102 decisive 80% | buffer 200000 steps 50889 | 67.0 g/min eta 8.1h
[27425/60000] loss 2.008 (pi 1.599 v 0.083 q 0.028 c 0.044) | plies 103 decisive 78% | buffer 200000 steps 50933 | 66.9 g/min eta 8.1h
[27450/60000] loss 2.012 (pi 1.600 v 0.084 q 0.028 c 0.044) | plies 105 decisive 78% | buffer 200000 steps 50980 | 66.9 g/min eta 8.1h
[27475/60000] loss 2.011 (pi 1.600 v 0.083 q 0.028 c 0.043) | plies 105 decisive 77% | buffer 200000 steps 51027 | 66.9 g/min eta 8.1h
[27500/60000] loss 2.011 (pi 1.600 v 0.084 q 0.028 c 0.044) | plies 106 decisive 78% | buffer 200000 steps 51073 | 66.9 g/min eta 8.1h
[27525/60000] loss 2.016 (pi 1.604 v 0.084 q 0.028 c 0.044) | plies 106 decisive 80% | buffer 200000 steps 51116 | 66.9 g/min eta 8.1h
[27550/60000] loss 2.030 (pi 1.614 v 0.085 q 0.028 c 0.045) | plies 108 decisive 80% | buffer 200000 steps 51166 | 66.9 g/min eta 8.1h
[27575/60000] loss 2.025 (pi 1.612 v 0.084 q 0.028 c 0.045) | plies 106 decisive 83% | buffer 200000 steps 51209 | 66.9 g/min eta 8.1h
[27600/60000] loss 2.017 (pi 1.604 v 0.084 q 0.028 c 0.044) | plies 104 decisive 84% | buffer 200000 steps 51253 | 66.9 g/min eta 8.1h
[27625/60000] loss 2.016 (pi 1.603 v 0.083 q 0.028 c 0.046) | plies 101 decisive 85% | buffer 200000 steps 51292 | 66.9 g/min eta 8.1h
[27650/60000] loss 2.011 (pi 1.600 v 0.083 q 0.028 c 0.045) | plies 101 decisive 86% | buffer 200000 steps 51345 | 66.9 g/min eta 8.1h
[27675/60000] loss 2.012 (pi 1.599 v 0.083 q 0.028 c 0.045) | plies 99 decisive 88% | buffer 200000 steps 51390 | 66.9 g/min eta 8.1h
[27700/60000] loss 2.017 (pi 1.602 v 0.084 q 0.028 c 0.045) | plies 97 decisive 88% | buffer 200000 steps 51430 | 66.9 g/min eta 8.1h
[27725/60000] loss 2.010 (pi 1.597 v 0.084 q 0.028 c 0.044) | plies 98 decisive 86% | buffer 200000 steps 51475 | 66.9 g/min eta 8.0h
[27750/60000] loss 2.016 (pi 1.602 v 0.084 q 0.028 c 0.045) | plies 97 decisive 87% | buffer 200000 steps 51520 | 66.8 g/min eta 8.0h
[27775/60000] loss 2.023 (pi 1.608 v 0.085 q 0.028 c 0.044) | plies 97 decisive 86% | buffer 200000 steps 51562 | 66.9 g/min eta 8.0h
[27800/60000] loss 2.028 (pi 1.611 v 0.085 q 0.029 c 0.044) | plies 97 decisive 85% | buffer 200000 steps 51609 | 66.8 g/min eta 8.0h
[27825/60000] loss 2.023 (pi 1.610 v 0.084 q 0.029 c 0.043) | plies 100 decisive 83% | buffer 200000 steps 51654 | 66.9 g/min eta 8.0h
[27850/60000] loss 2.016 (pi 1.603 v 0.084 q 0.028 c 0.043) | plies 99 decisive 81% | buffer 200000 steps 51698 | 66.8 g/min eta 8.0h
[27875/60000] loss 2.015 (pi 1.601 v 0.084 q 0.028 c 0.043) | plies 99 decisive 80% | buffer 200000 steps 51741 | 66.9 g/min eta 8.0h
[27900/60000] loss 2.021 (pi 1.608 v 0.083 q 0.028 c 0.042) | plies 101 decisive 79% | buffer 200000 steps 51786 | 66.9 g/min eta 8.0h
[27925/60000] loss 2.024 (pi 1.609 v 0.084 q 0.028 c 0.042) | plies 101 decisive 80% | buffer 200000 steps 51830 | 66.9 g/min eta 8.0h
[27950/60000] loss 2.024 (pi 1.610 v 0.084 q 0.028 c 0.043) | plies 102 decisive 79% | buffer 200000 steps 51874 | 66.9 g/min eta 8.0h
[27975/60000] loss 2.021 (pi 1.608 v 0.083 q 0.028 c 0.044) | plies 104 decisive 78% | buffer 200000 steps 51922 | 66.9 g/min eta 8.0h
[28000/60000] loss 2.027 (pi 1.615 v 0.083 q 0.028 c 0.045) | plies 106 decisive 76% | buffer 200000 steps 51973 | 66.8 g/min eta 8.0h
  EVAL @28000: q-greedy 6-18-0 | policy-greedy 10-14-0 | search 7-1-0 (eval 66s)
[28025/60000] loss 2.022 (pi 1.611 v 0.083 q 0.029 c 0.045) | plies 106 decisive 77% | buffer 200000 steps 52021 | 66.7 g/min eta 8.0h
[28050/60000] loss 2.021 (pi 1.610 v 0.083 q 0.028 c 0.044) | plies 104 decisive 79% | buffer 200000 steps 52064 | 66.7 g/min eta 8.0h
[28075/60000] loss 2.023 (pi 1.613 v 0.082 q 0.028 c 0.044) | plies 105 decisive 78% | buffer 200000 steps 52112 | 66.8 g/min eta 8.0h
[28100/60000] loss 2.019 (pi 1.608 v 0.083 q 0.028 c 0.044) | plies 104 decisive 78% | buffer 200000 steps 52156 | 66.8 g/min eta 8.0h
[28125/60000] loss 2.020 (pi 1.611 v 0.083 q 0.028 c 0.044) | plies 102 decisive 80% | buffer 200000 steps 52198 | 66.8 g/min eta 7.9h
[28150/60000] loss 2.023 (pi 1.613 v 0.083 q 0.028 c 0.043) | plies 102 decisive 79% | buffer 200000 steps 52245 | 66.8 g/min eta 7.9h
[28175/60000] loss 2.027 (pi 1.614 v 0.083 q 0.028 c 0.043) | plies 103 decisive 78% | buffer 200000 steps 52291 | 66.8 g/min eta 7.9h
[28200/60000] loss 2.021 (pi 1.605 v 0.083 q 0.028 c 0.044) | plies 100 decisive 82% | buffer 200000 steps 52334 | 66.8 g/min eta 7.9h
[28225/60000] loss 2.017 (pi 1.604 v 0.083 q 0.028 c 0.044) | plies 100 decisive 84% | buffer 200000 steps 52385 | 66.8 g/min eta 7.9h
[28250/60000] loss 2.018 (pi 1.607 v 0.083 q 0.028 c 0.044) | plies 102 decisive 83% | buffer 200000 steps 52434 | 66.8 g/min eta 7.9h
[28275/60000] loss 2.023 (pi 1.608 v 0.083 q 0.028 c 0.045) | plies 102 decisive 82% | buffer 200000 steps 52483 | 66.8 g/min eta 7.9h
[28300/60000] loss 2.035 (pi 1.617 v 0.084 q 0.028 c 0.045) | plies 103 decisive 82% | buffer 200000 steps 52527 | 66.8 g/min eta 7.9h
[28325/60000] loss 2.034 (pi 1.619 v 0.084 q 0.028 c 0.045) | plies 106 decisive 80% | buffer 200000 steps 52575 | 66.8 g/min eta 7.9h
[28350/60000] loss 2.033 (pi 1.618 v 0.083 q 0.028 c 0.046) | plies 105 decisive 80% | buffer 200000 steps 52623 | 66.8 g/min eta 7.9h
[28375/60000] loss 2.030 (pi 1.614 v 0.084 q 0.028 c 0.045) | plies 103 decisive 82% | buffer 200000 steps 52664 | 66.8 g/min eta 7.9h
[28400/60000] loss 2.022 (pi 1.609 v 0.083 q 0.028 c 0.044) | plies 105 decisive 80% | buffer 200000 steps 52708 | 66.8 g/min eta 7.9h
[28425/60000] loss 2.023 (pi 1.610 v 0.082 q 0.028 c 0.043) | plies 104 decisive 78% | buffer 200000 steps 52755 | 66.8 g/min eta 7.9h
[28450/60000] loss 2.021 (pi 1.610 v 0.083 q 0.028 c 0.044) | plies 103 decisive 78% | buffer 200000 steps 52795 | 66.8 g/min eta 7.9h
[28475/60000] loss 2.019 (pi 1.607 v 0.083 q 0.028 c 0.044) | plies 102 decisive 79% | buffer 200000 steps 52841 | 66.8 g/min eta 7.9h
[28500/60000] loss 2.015 (pi 1.605 v 0.082 q 0.028 c 0.044) | plies 103 decisive 78% | buffer 200000 steps 52888 | 66.9 g/min eta 7.9h
[28525/60000] loss 2.018 (pi 1.607 v 0.082 q 0.028 c 0.045) | plies 105 decisive 76% | buffer 200000 steps 52942 | 66.9 g/min eta 7.8h
[28550/60000] loss 2.023 (pi 1.611 v 0.081 q 0.028 c 0.044) | plies 106 decisive 75% | buffer 200000 steps 52990 | 66.9 g/min eta 7.8h
[28575/60000] loss 2.019 (pi 1.605 v 0.081 q 0.028 c 0.045) | plies 108 decisive 75% | buffer 200000 steps 53037 | 66.9 g/min eta 7.8h
[28600/60000] loss 2.018 (pi 1.605 v 0.082 q 0.028 c 0.046) | plies 107 decisive 76% | buffer 200000 steps 53082 | 66.9 g/min eta 7.8h
[28625/60000] loss 2.015 (pi 1.603 v 0.082 q 0.028 c 0.045) | plies 106 decisive 77% | buffer 200000 steps 53124 | 66.9 g/min eta 7.8h
[28650/60000] loss 2.012 (pi 1.600 v 0.082 q 0.028 c 0.044) | plies 106 decisive 78% | buffer 200000 steps 53168 | 66.8 g/min eta 7.8h
[28675/60000] loss 2.012 (pi 1.600 v 0.082 q 0.028 c 0.045) | plies 104 decisive 80% | buffer 200000 steps 53213 | 66.9 g/min eta 7.8h
[28700/60000] loss 2.016 (pi 1.605 v 0.082 q 0.028 c 0.045) | plies 104 decisive 80% | buffer 200000 steps 53261 | 66.9 g/min eta 7.8h
[28725/60000] loss 2.017 (pi 1.603 v 0.082 q 0.028 c 0.044) | plies 99 decisive 84% | buffer 200000 steps 53299 | 66.8 g/min eta 7.8h
[28750/60000] loss 2.021 (pi 1.606 v 0.083 q 0.028 c 0.044) | plies 98 decisive 84% | buffer 200000 steps 53342 | 66.9 g/min eta 7.8h
[28775/60000] loss 2.021 (pi 1.609 v 0.083 q 0.028 c 0.044) | plies 99 decisive 82% | buffer 200000 steps 53391 | 66.9 g/min eta 7.8h
[28800/60000] loss 2.030 (pi 1.616 v 0.083 q 0.028 c 0.045) | plies 99 decisive 81% | buffer 200000 steps 53439 | 66.9 g/min eta 7.8h
[28825/60000] loss 2.032 (pi 1.617 v 0.082 q 0.028 c 0.045) | plies 101 decisive 80% | buffer 200000 steps 53487 | 66.9 g/min eta 7.8h
[28850/60000] loss 2.031 (pi 1.615 v 0.082 q 0.028 c 0.045) | plies 102 decisive 80% | buffer 200000 steps 53531 | 66.9 g/min eta 7.8h
[28875/60000] loss 2.027 (pi 1.612 v 0.082 q 0.028 c 0.044) | plies 101 decisive 78% | buffer 200000 steps 53570 | 66.9 g/min eta 7.8h
[28900/60000] loss 2.033 (pi 1.617 v 0.082 q 0.028 c 0.043) | plies 100 decisive 80% | buffer 200000 steps 53614 | 66.9 g/min eta 7.7h
[28925/60000] loss 2.030 (pi 1.614 v 0.082 q 0.028 c 0.044) | plies 102 decisive 79% | buffer 200000 steps 53659 | 66.9 g/min eta 7.7h
[28950/60000] loss 2.024 (pi 1.610 v 0.082 q 0.028 c 0.043) | plies 102 decisive 79% | buffer 200000 steps 53707 | 66.9 g/min eta 7.7h
[28975/60000] loss 2.021 (pi 1.605 v 0.082 q 0.028 c 0.044) | plies 101 decisive 80% | buffer 200000 steps 53754 | 66.9 g/min eta 7.7h
[29000/60000] loss 2.023 (pi 1.608 v 0.082 q 0.028 c 0.044) | plies 100 decisive 81% | buffer 200000 steps 53797 | 66.9 g/min eta 7.7h
  EVAL @29000: q-greedy 4-20-0 | policy-greedy 10-14-0 | search 8-0-0 (eval 52s)
[29025/60000] loss 2.029 (pi 1.611 v 0.082 q 0.028 c 0.043) | plies 98 decisive 82% | buffer 200000 steps 53839 | 66.8 g/min eta 7.7h
[29050/60000] loss 2.038 (pi 1.621 v 0.082 q 0.028 c 0.044) | plies 99 decisive 82% | buffer 200000 steps 53887 | 66.8 g/min eta 7.7h
[29075/60000] loss 2.027 (pi 1.609 v 0.082 q 0.028 c 0.044) | plies 99 decisive 82% | buffer 200000 steps 53932 | 66.9 g/min eta 7.7h
[29100/60000] loss 2.030 (pi 1.613 v 0.082 q 0.028 c 0.045) | plies 100 decisive 82% | buffer 200000 steps 53974 | 66.9 g/min eta 7.7h
[29125/60000] loss 2.034 (pi 1.615 v 0.083 q 0.028 c 0.045) | plies 100 decisive 82% | buffer 200000 steps 54018 | 66.9 g/min eta 7.7h
[29150/60000] loss 2.025 (pi 1.609 v 0.083 q 0.028 c 0.045) | plies 98 decisive 84% | buffer 200000 steps 54060 | 66.9 g/min eta 7.7h
[29175/60000] loss 2.021 (pi 1.606 v 0.083 q 0.028 c 0.045) | plies 97 decisive 83% | buffer 200000 steps 54104 | 66.9 g/min eta 7.7h
[29200/60000] loss 2.026 (pi 1.609 v 0.083 q 0.028 c 0.045) | plies 98 decisive 82% | buffer 200000 steps 54152 | 66.9 g/min eta 7.7h
[29225/60000] loss 2.032 (pi 1.614 v 0.083 q 0.028 c 0.045) | plies 100 decisive 84% | buffer 200000 steps 54208 | 66.9 g/min eta 7.7h
[29250/60000] loss 2.032 (pi 1.614 v 0.083 q 0.029 c 0.045) | plies 99 decisive 84% | buffer 200000 steps 54248 | 66.9 g/min eta 7.7h
[29275/60000] loss 2.029 (pi 1.612 v 0.083 q 0.028 c 0.045) | plies 99 decisive 84% | buffer 200000 steps 54296 | 66.9 g/min eta 7.7h
[29300/60000] loss 2.030 (pi 1.611 v 0.083 q 0.028 c 0.044) | plies 100 decisive 82% | buffer 200000 steps 54342 | 66.9 g/min eta 7.6h
[29325/60000] loss 2.024 (pi 1.605 v 0.083 q 0.028 c 0.043) | plies 101 decisive 80% | buffer 200000 steps 54390 | 66.9 g/min eta 7.6h
[29350/60000] loss 2.026 (pi 1.607 v 0.083 q 0.028 c 0.043) | plies 103 decisive 79% | buffer 200000 steps 54438 | 66.9 g/min eta 7.6h
[29375/60000] loss 2.028 (pi 1.611 v 0.083 q 0.028 c 0.043) | plies 103 decisive 80% | buffer 200000 steps 54478 | 66.9 g/min eta 7.6h
[29400/60000] loss 2.021 (pi 1.602 v 0.082 q 0.028 c 0.043) | plies 102 decisive 78% | buffer 200000 steps 54522 | 66.9 g/min eta 7.6h
[29425/60000] loss 2.024 (pi 1.601 v 0.083 q 0.028 c 0.043) | plies 100 decisive 78% | buffer 200000 steps 54570 | 66.9 g/min eta 7.6h
[29450/60000] loss 2.022 (pi 1.601 v 0.082 q 0.028 c 0.043) | plies 102 decisive 78% | buffer 200000 steps 54621 | 66.9 g/min eta 7.6h
[29475/60000] loss 2.026 (pi 1.603 v 0.082 q 0.028 c 0.043) | plies 102 decisive 79% | buffer 200000 steps 54665 | 66.9 g/min eta 7.6h
[29500/60000] loss 2.021 (pi 1.600 v 0.082 q 0.028 c 0.043) | plies 101 decisive 80% | buffer 200000 steps 54706 | 66.9 g/min eta 7.6h
[29525/60000] loss 2.029 (pi 1.606 v 0.082 q 0.028 c 0.043) | plies 101 decisive 82% | buffer 200000 steps 54755 | 66.9 g/min eta 7.6h
[29550/60000] loss 2.024 (pi 1.602 v 0.083 q 0.029 c 0.042) | plies 102 decisive 80% | buffer 200000 steps 54803 | 66.9 g/min eta 7.6h
[29575/60000] loss 2.024 (pi 1.604 v 0.082 q 0.029 c 0.042) | plies 102 decisive 80% | buffer 200000 steps 54846 | 66.9 g/min eta 7.6h
[29600/60000] loss 2.027 (pi 1.607 v 0.082 q 0.028 c 0.043) | plies 102 decisive 82% | buffer 200000 steps 54887 | 66.9 g/min eta 7.6h
[29625/60000] loss 2.024 (pi 1.605 v 0.082 q 0.028 c 0.044) | plies 104 decisive 80% | buffer 200000 steps 54933 | 66.9 g/min eta 7.6h
[29650/60000] loss 2.027 (pi 1.606 v 0.082 q 0.028 c 0.043) | plies 103 decisive 82% | buffer 200000 steps 54981 | 66.9 g/min eta 7.6h
[29675/60000] loss 2.028 (pi 1.611 v 0.082 q 0.028 c 0.043) | plies 105 decisive 80% | buffer 200000 steps 55031 | 66.9 g/min eta 7.6h
[29700/60000] loss 2.034 (pi 1.614 v 0.083 q 0.028 c 0.043) | plies 105 decisive 80% | buffer 200000 steps 55076 | 66.9 g/min eta 7.5h
[29725/60000] loss 2.029 (pi 1.609 v 0.082 q 0.028 c 0.043) | plies 105 decisive 82% | buffer 200000 steps 55122 | 66.9 g/min eta 7.5h
[29750/60000] loss 2.029 (pi 1.610 v 0.082 q 0.028 c 0.043) | plies 104 decisive 82% | buffer 200000 steps 55171 | 66.9 g/min eta 7.5h
[29775/60000] loss 2.030 (pi 1.610 v 0.082 q 0.028 c 0.044) | plies 105 decisive 83% | buffer 200000 steps 55216 | 66.9 g/min eta 7.5h
[29800/60000] loss 2.025 (pi 1.605 v 0.083 q 0.029 c 0.045) | plies 104 decisive 84% | buffer 200000 steps 55263 | 66.9 g/min eta 7.5h
[29825/60000] loss 2.018 (pi 1.599 v 0.082 q 0.028 c 0.044) | plies 103 decisive 84% | buffer 200000 steps 55311 | 66.9 g/min eta 7.5h
[29850/60000] loss 2.028 (pi 1.610 v 0.082 q 0.029 c 0.044) | plies 103 decisive 84% | buffer 200000 steps 55358 | 66.9 g/min eta 7.5h
[29875/60000] loss 2.031 (pi 1.614 v 0.082 q 0.029 c 0.044) | plies 100 decisive 86% | buffer 200000 steps 55399 | 66.9 g/min eta 7.5h
[29900/60000] loss 2.024 (pi 1.608 v 0.083 q 0.029 c 0.044) | plies 100 decisive 86% | buffer 200000 steps 55442 | 66.9 g/min eta 7.5h
[29925/60000] loss 2.027 (pi 1.611 v 0.083 q 0.028 c 0.044) | plies 101 decisive 83% | buffer 200000 steps 55490 | 66.9 g/min eta 7.5h
[29950/60000] loss 2.019 (pi 1.605 v 0.082 q 0.028 c 0.043) | plies 102 decisive 84% | buffer 200000 steps 55541 | 66.9 g/min eta 7.5h
[29975/60000] loss 2.018 (pi 1.604 v 0.082 q 0.028 c 0.043) | plies 102 decisive 82% | buffer 200000 steps 55589 | 66.9 g/min eta 7.5h
[30000/60000] loss 2.015 (pi 1.602 v 0.082 q 0.028 c 0.043) | plies 103 decisive 82% | buffer 200000 steps 55633 | 66.9 g/min eta 7.5h
  EVAL @30000: q-greedy 2-22-0 | policy-greedy 5-19-0 | search 8-0-0 (eval 60s)
[30025/60000] loss 2.021 (pi 1.607 v 0.082 q 0.028 c 0.044) | plies 103 decisive 82% | buffer 200000 steps 55678 | 66.8 g/min eta 7.5h
[30050/60000] loss 2.026 (pi 1.614 v 0.081 q 0.028 c 0.044) | plies 103 decisive 80% | buffer 200000 steps 55726 | 66.9 g/min eta 7.5h
[30075/60000] loss 2.026 (pi 1.613 v 0.082 q 0.028 c 0.045) | plies 103 decisive 80% | buffer 200000 steps 55770 | 66.9 g/min eta 7.5h
[30100/60000] loss 2.014 (pi 1.605 v 0.082 q 0.028 c 0.045) | plies 104 decisive 80% | buffer 200000 steps 55816 | 66.9 g/min eta 7.4h
[30125/60000] loss 2.014 (pi 1.604 v 0.083 q 0.028 c 0.045) | plies 102 decisive 80% | buffer 200000 steps 55862 | 66.9 g/min eta 7.4h
[30150/60000] loss 2.028 (pi 1.617 v 0.082 q 0.028 c 0.044) | plies 99 decisive 82% | buffer 200000 steps 55902 | 66.9 g/min eta 7.4h
[30175/60000] loss 2.023 (pi 1.617 v 0.082 q 0.028 c 0.045) | plies 99 decisive 83% | buffer 200000 steps 55949 | 66.9 g/min eta 7.4h
[30200/60000] loss 2.011 (pi 1.606 v 0.082 q 0.028 c 0.045) | plies 98 decisive 84% | buffer 200000 steps 55989 | 66.9 g/min eta 7.4h
[30225/60000] loss 2.010 (pi 1.607 v 0.082 q 0.028 c 0.044) | plies 98 decisive 84% | buffer 200000 steps 56035 | 66.9 g/min eta 7.4h
[30250/60000] loss 2.015 (pi 1.611 v 0.083 q 0.028 c 0.044) | plies 97 decisive 84% | buffer 200000 steps 56076 | 66.9 g/min eta 7.4h
[30275/60000] loss 2.013 (pi 1.610 v 0.083 q 0.028 c 0.044) | plies 97 decisive 84% | buffer 200000 steps 56123 | 66.9 g/min eta 7.4h
[30300/60000] loss 2.023 (pi 1.618 v 0.083 q 0.028 c 0.044) | plies 99 decisive 83% | buffer 200000 steps 56173 | 66.9 g/min eta 7.4h
[30325/60000] loss 2.021 (pi 1.616 v 0.083 q 0.028 c 0.044) | plies 97 decisive 84% | buffer 200000 steps 56214 | 66.9 g/min eta 7.4h
[30350/60000] loss 2.017 (pi 1.614 v 0.082 q 0.028 c 0.045) | plies 98 decisive 82% | buffer 200000 steps 56257 | 66.9 g/min eta 7.4h
[30375/60000] loss 2.019 (pi 1.615 v 0.083 q 0.028 c 0.045) | plies 98 decisive 83% | buffer 200000 steps 56302 | 66.8 g/min eta 7.4h
[30400/60000] loss 2.015 (pi 1.610 v 0.083 q 0.028 c 0.044) | plies 98 decisive 82% | buffer 200000 steps 56342 | 66.9 g/min eta 7.4h
[30425/60000] loss 2.009 (pi 1.606 v 0.083 q 0.028 c 0.044) | plies 97 decisive 81% | buffer 200000 steps 56388 | 66.8 g/min eta 7.4h
[30450/60000] loss 2.006 (pi 1.602 v 0.083 q 0.028 c 0.044) | plies 98 decisive 82% | buffer 200000 steps 56433 | 66.8 g/min eta 7.4h
[30475/60000] loss 2.012 (pi 1.611 v 0.083 q 0.028 c 0.043) | plies 99 decisive 82% | buffer 200000 steps 56478 | 66.8 g/min eta 7.4h
[30500/60000] loss 2.012 (pi 1.615 v 0.083 q 0.028 c 0.043) | plies 98 decisive 84% | buffer 200000 steps 56524 | 66.8 g/min eta 7.4h
[30525/60000] loss 2.000 (pi 1.602 v 0.083 q 0.028 c 0.043) | plies 99 decisive 82% | buffer 200000 steps 56572 | 66.8 g/min eta 7.4h
[30550/60000] loss 2.002 (pi 1.604 v 0.082 q 0.028 c 0.045) | plies 99 decisive 84% | buffer 200000 steps 56618 | 66.8 g/min eta 7.3h
[30575/60000] loss 2.003 (pi 1.604 v 0.083 q 0.028 c 0.044) | plies 100 decisive 82% | buffer 200000 steps 56665 | 66.8 g/min eta 7.3h
[30600/60000] loss 2.010 (pi 1.611 v 0.083 q 0.028 c 0.045) | plies 101 decisive 82% | buffer 200000 steps 56708 | 66.8 g/min eta 7.3h
[30625/60000] loss 2.009 (pi 1.612 v 0.083 q 0.028 c 0.045) | plies 102 decisive 81% | buffer 200000 steps 56753 | 66.8 g/min eta 7.3h
[30650/60000] loss 2.015 (pi 1.620 v 0.082 q 0.028 c 0.045) | plies 104 decisive 79% | buffer 200000 steps 56800 | 66.7 g/min eta 7.3h
[30675/60000] loss 2.012 (pi 1.616 v 0.082 q 0.028 c 0.044) | plies 101 decisive 80% | buffer 200000 steps 56843 | 66.7 g/min eta 7.3h
[30700/60000] loss 2.021 (pi 1.622 v 0.082 q 0.028 c 0.043) | plies 100 decisive 81% | buffer 200000 steps 56886 | 66.7 g/min eta 7.3h
[30725/60000] loss 2.010 (pi 1.613 v 0.082 q 0.028 c 0.043) | plies 98 decisive 82% | buffer 200000 steps 56930 | 66.7 g/min eta 7.3h
[30750/60000] loss 2.010 (pi 1.613 v 0.082 q 0.028 c 0.043) | plies 99 decisive 80% | buffer 200000 steps 56973 | 66.7 g/min eta 7.3h
[30775/60000] loss 2.013 (pi 1.612 v 0.083 q 0.028 c 0.043) | plies 99 decisive 82% | buffer 200000 steps 57021 | 66.7 g/min eta 7.3h
[30800/60000] loss 2.015 (pi 1.613 v 0.082 q 0.028 c 0.043) | plies 99 decisive 83% | buffer 200000 steps 57066 | 66.7 g/min eta 7.3h
[30825/60000] loss 2.011 (pi 1.613 v 0.082 q 0.028 c 0.043) | plies 97 decisive 86% | buffer 200000 steps 57107 | 66.7 g/min eta 7.3h
[30850/60000] loss 2.003 (pi 1.606 v 0.081 q 0.028 c 0.043) | plies 97 decisive 85% | buffer 200000 steps 57153 | 66.7 g/min eta 7.3h
[30875/60000] loss 2.000 (pi 1.605 v 0.080 q 0.028 c 0.044) | plies 98 decisive 84% | buffer 200000 steps 57194 | 66.7 g/min eta 7.3h
[30900/60000] loss 2.004 (pi 1.608 v 0.081 q 0.028 c 0.044) | plies 100 decisive 83% | buffer 200000 steps 57245 | 66.7 g/min eta 7.3h
[30925/60000] loss 2.017 (pi 1.618 v 0.082 q 0.028 c 0.044) | plies 99 decisive 84% | buffer 200000 steps 57285 | 66.7 g/min eta 7.3h
[30950/60000] loss 2.014 (pi 1.615 v 0.082 q 0.029 c 0.044) | plies 98 decisive 84% | buffer 200000 steps 57327 | 66.7 g/min eta 7.3h
[30975/60000] loss 2.011 (pi 1.614 v 0.081 q 0.028 c 0.045) | plies 96 decisive 84% | buffer 200000 steps 57367 | 66.7 g/min eta 7.3h
[31000/60000] loss 2.009 (pi 1.610 v 0.082 q 0.028 c 0.044) | plies 94 decisive 84% | buffer 200000 steps 57403 | 66.7 g/min eta 7.2h
  EVAL @31000: q-greedy 8-16-0 | policy-greedy 11-13-0 | search 8-0-0 (eval 63s)
[31025/60000] loss 2.015 (pi 1.616 v 0.082 q 0.028 c 0.044) | plies 95 decisive 82% | buffer 200000 steps 57446 | 66.5 g/min eta 7.3h
[31050/60000] loss 2.010 (pi 1.615 v 0.081 q 0.028 c 0.045) | plies 94 decisive 86% | buffer 200000 steps 57494 | 66.6 g/min eta 7.2h
[31075/60000] loss 2.012 (pi 1.613 v 0.082 q 0.028 c 0.045) | plies 96 decisive 85% | buffer 200000 steps 57540 | 66.6 g/min eta 7.2h
[31100/60000] loss 2.007 (pi 1.610 v 0.082 q 0.028 c 0.043) | plies 94 decisive 86% | buffer 200000 steps 57583 | 66.6 g/min eta 7.2h
[31125/60000] loss 2.014 (pi 1.616 v 0.082 q 0.028 c 0.044) | plies 96 decisive 83% | buffer 200000 steps 57626 | 66.6 g/min eta 7.2h
[31150/60000] loss 2.010 (pi 1.613 v 0.082 q 0.028 c 0.043) | plies 97 decisive 82% | buffer 200000 steps 57670 | 66.6 g/min eta 7.2h
[31175/60000] loss 2.006 (pi 1.611 v 0.082 q 0.028 c 0.043) | plies 98 decisive 82% | buffer 200000 steps 57713 | 66.6 g/min eta 7.2h
[31200/60000] loss 2.008 (pi 1.612 v 0.082 q 0.028 c 0.043) | plies 101 decisive 80% | buffer 200000 steps 57756 | 66.6 g/min eta 7.2h
[31225/60000] loss 2.012 (pi 1.615 v 0.081 q 0.028 c 0.043) | plies 101 decisive 80% | buffer 200000 steps 57799 | 66.5 g/min eta 7.2h
[31250/60000] loss 2.016 (pi 1.620 v 0.082 q 0.028 c 0.044) | plies 101 decisive 78% | buffer 200000 steps 57839 | 66.6 g/min eta 7.2h
[31275/60000] loss 2.011 (pi 1.615 v 0.082 q 0.028 c 0.044) | plies 99 decisive 80% | buffer 200000 steps 57883 | 66.5 g/min eta 7.2h
[31300/60000] loss 2.020 (pi 1.627 v 0.082 q 0.028 c 0.043) | plies 100 decisive 78% | buffer 200000 steps 57932 | 66.5 g/min eta 7.2h
[31325/60000] loss 2.019 (pi 1.623 v 0.082 q 0.028 c 0.043) | plies 101 decisive 78% | buffer 200000 steps 57980 | 66.5 g/min eta 7.2h
[31350/60000] loss 2.013 (pi 1.619 v 0.081 q 0.028 c 0.043) | plies 100 decisive 78% | buffer 200000 steps 58022 | 66.5 g/min eta 7.2h
[31375/60000] loss 2.012 (pi 1.617 v 0.082 q 0.028 c 0.043) | plies 101 decisive 78% | buffer 200000 steps 58067 | 66.5 g/min eta 7.2h
[31400/60000] loss 2.018 (pi 1.623 v 0.082 q 0.028 c 0.043) | plies 100 decisive 80% | buffer 200000 steps 58113 | 66.5 g/min eta 7.2h
[31425/60000] loss 2.013 (pi 1.619 v 0.081 q 0.028 c 0.044) | plies 102 decisive 79% | buffer 200000 steps 58165 | 66.5 g/min eta 7.2h
[31450/60000] loss 2.015 (pi 1.619 v 0.082 q 0.028 c 0.043) | plies 103 decisive 78% | buffer 200000 steps 58205 | 66.5 g/min eta 7.2h
[31475/60000] loss 2.013 (pi 1.615 v 0.082 q 0.028 c 0.043) | plies 104 decisive 77% | buffer 200000 steps 58253 | 66.5 g/min eta 7.1h
[31500/60000] loss 2.020 (pi 1.622 v 0.082 q 0.028 c 0.043) | plies 105 decisive 76% | buffer 200000 steps 58300 | 66.5 g/min eta 7.1h
[31525/60000] loss 2.019 (pi 1.621 v 0.080 q 0.028 c 0.044) | plies 104 decisive 76% | buffer 200000 steps 58346 | 66.5 g/min eta 7.1h
[31550/60000] loss 2.016 (pi 1.619 v 0.081 q 0.028 c 0.044) | plies 106 decisive 76% | buffer 200000 steps 58391 | 66.5 g/min eta 7.1h
[31575/60000] loss 2.014 (pi 1.620 v 0.080 q 0.028 c 0.043) | plies 105 decisive 76% | buffer 200000 steps 58435 | 66.5 g/min eta 7.1h
[31600/60000] loss 2.012 (pi 1.618 v 0.079 q 0.027 c 0.043) | plies 103 decisive 78% | buffer 200000 steps 58480 | 66.5 g/min eta 7.1h
[31625/60000] loss 2.018 (pi 1.625 v 0.080 q 0.028 c 0.043) | plies 102 decisive 78% | buffer 200000 steps 58522 | 66.5 g/min eta 7.1h
[31650/60000] loss 2.021 (pi 1.625 v 0.080 q 0.028 c 0.044) | plies 101 decisive 80% | buffer 200000 steps 58563 | 66.5 g/min eta 7.1h
[31675/60000] loss 2.023 (pi 1.627 v 0.080 q 0.028 c 0.043) | plies 100 decisive 80% | buffer 200000 steps 58606 | 66.5 g/min eta 7.1h
[31700/60000] loss 2.020 (pi 1.628 v 0.080 q 0.028 c 0.043) | plies 99 decisive 82% | buffer 200000 steps 58652 | 66.5 g/min eta 7.1h
[31725/60000] loss 2.014 (pi 1.623 v 0.080 q 0.028 c 0.043) | plies 97 decisive 84% | buffer 200000 steps 58696 | 66.5 g/min eta 7.1h
[31750/60000] loss 2.013 (pi 1.619 v 0.081 q 0.028 c 0.044) | plies 96 decisive 86% | buffer 200000 steps 58741 | 66.5 g/min eta 7.1h
[31775/60000] loss 2.015 (pi 1.621 v 0.081 q 0.028 c 0.044) | plies 95 decisive 86% | buffer 200000 steps 58784 | 66.5 g/min eta 7.1h
[31800/60000] loss 2.012 (pi 1.617 v 0.081 q 0.028 c 0.044) | plies 97 decisive 84% | buffer 200000 steps 58832 | 66.5 g/min eta 7.1h
[31825/60000] loss 2.013 (pi 1.617 v 0.081 q 0.028 c 0.045) | plies 95 decisive 85% | buffer 200000 steps 58872 | 66.5 g/min eta 7.1h
[31850/60000] loss 2.017 (pi 1.620 v 0.081 q 0.028 c 0.043) | plies 96 decisive 85% | buffer 200000 steps 58912 | 66.5 g/min eta 7.1h
[31875/60000] loss 2.015 (pi 1.617 v 0.081 q 0.028 c 0.043) | plies 97 decisive 82% | buffer 200000 steps 58957 | 66.5 g/min eta 7.0h
[31900/60000] loss 2.020 (pi 1.620 v 0.081 q 0.028 c 0.042) | plies 96 decisive 84% | buffer 200000 steps 59004 | 66.5 g/min eta 7.0h
[31925/60000] loss 2.015 (pi 1.615 v 0.081 q 0.027 c 0.042) | plies 97 decisive 83% | buffer 200000 steps 59051 | 66.5 g/min eta 7.0h
[31950/60000] loss 2.017 (pi 1.618 v 0.081 q 0.028 c 0.042) | plies 97 decisive 82% | buffer 200000 steps 59096 | 66.5 g/min eta 7.0h
[31975/60000] loss 2.017 (pi 1.620 v 0.081 q 0.028 c 0.042) | plies 97 decisive 82% | buffer 200000 steps 59141 | 66.5 g/min eta 7.0h
[32000/60000] loss 2.019 (pi 1.618 v 0.082 q 0.028 c 0.043) | plies 98 decisive 80% | buffer 200000 steps 59194 | 66.5 g/min eta 7.0h
  EVAL @32000: q-greedy 5-19-0 | policy-greedy 14-10-0 | search 8-0-0 (eval 61s)
[32025/60000] loss 2.013 (pi 1.612 v 0.081 q 0.028 c 0.042) | plies 100 decisive 80% | buffer 200000 steps 59241 | 66.4 g/min eta 7.0h
[32050/60000] loss 2.018 (pi 1.616 v 0.081 q 0.028 c 0.043) | plies 100 decisive 80% | buffer 200000 steps 59280 | 66.4 g/min eta 7.0h
[32075/60000] loss 2.023 (pi 1.621 v 0.081 q 0.028 c 0.042) | plies 97 decisive 84% | buffer 200000 steps 59319 | 66.5 g/min eta 7.0h
[32100/60000] loss 2.022 (pi 1.620 v 0.081 q 0.028 c 0.042) | plies 97 decisive 82% | buffer 200000 steps 59360 | 66.5 g/min eta 7.0h
[32125/60000] loss 2.021 (pi 1.619 v 0.081 q 0.028 c 0.044) | plies 96 decisive 82% | buffer 200000 steps 59400 | 66.5 g/min eta 7.0h
[32150/60000] loss 2.023 (pi 1.620 v 0.081 q 0.028 c 0.044) | plies 95 decisive 84% | buffer 200000 steps 59444 | 66.5 g/min eta 7.0h
[32175/60000] loss 2.020 (pi 1.616 v 0.082 q 0.028 c 0.044) | plies 96 decisive 84% | buffer 200000 steps 59487 | 66.5 g/min eta 7.0h
[32200/60000] loss 2.012 (pi 1.612 v 0.081 q 0.028 c 0.044) | plies 94 decisive 85% | buffer 200000 steps 59529 | 66.5 g/min eta 7.0h
[32225/60000] loss 2.007 (pi 1.607 v 0.081 q 0.028 c 0.046) | plies 95 decisive 83% | buffer 200000 steps 59574 | 66.5 g/min eta 7.0h
[32250/60000] loss 2.004 (pi 1.607 v 0.080 q 0.028 c 0.045) | plies 98 decisive 80% | buffer 200000 steps 59625 | 66.5 g/min eta 7.0h
[32275/60000] loss 1.999 (pi 1.604 v 0.079 q 0.028 c 0.044) | plies 100 decisive 80% | buffer 200000 steps 59673 | 66.5 g/min eta 7.0h
[32300/60000] loss 2.011 (pi 1.617 v 0.079 q 0.028 c 0.044) | plies 101 decisive 80% | buffer 200000 steps 59721 | 66.5 g/min eta 6.9h
[32325/60000] loss 2.020 (pi 1.623 v 0.080 q 0.028 c 0.045) | plies 102 decisive 80% | buffer 200000 steps 59763 | 66.5 g/min eta 6.9h
[32350/60000] loss 2.021 (pi 1.622 v 0.080 q 0.028 c 0.045) | plies 104 decisive 76% | buffer 200000 steps 59809 | 66.5 g/min eta 6.9h
[32375/60000] loss 2.021 (pi 1.622 v 0.079 q 0.028 c 0.046) | plies 104 decisive 76% | buffer 200000 steps 59854 | 66.5 g/min eta 6.9h
[32400/60000] loss 2.020 (pi 1.623 v 0.079 q 0.028 c 0.046) | plies 104 decisive 77% | buffer 200000 steps 59899 | 66.5 g/min eta 6.9h
[32425/60000] loss 2.026 (pi 1.624 v 0.080 q 0.028 c 0.046) | plies 103 decisive 80% | buffer 200000 steps 59945 | 66.5 g/min eta 6.9h
[32450/60000] loss 2.018 (pi 1.618 v 0.081 q 0.028 c 0.045) | plies 102 decisive 82% | buffer 200000 steps 59994 | 66.5 g/min eta 6.9h
[32475/60000] loss 2.013 (pi 1.614 v 0.080 q 0.028 c 0.045) | plies 102 decisive 80% | buffer 200000 steps 60038 | 66.5 g/min eta 6.9h
[32500/60000] loss 2.012 (pi 1.612 v 0.080 q 0.028 c 0.046) | plies 103 decisive 78% | buffer 200000 steps 60085 | 66.5 g/min eta 6.9h
[32525/60000] loss 2.008 (pi 1.609 v 0.080 q 0.028 c 0.046) | plies 104 decisive 78% | buffer 200000 steps 60130 | 66.5 g/min eta 6.9h
[32550/60000] loss 2.011 (pi 1.610 v 0.081 q 0.028 c 0.046) | plies 103 decisive 80% | buffer 200000 steps 60175 | 66.5 g/min eta 6.9h
[32575/60000] loss 2.008 (pi 1.607 v 0.081 q 0.028 c 0.046) | plies 104 decisive 80% | buffer 200000 steps 60226 | 66.5 g/min eta 6.9h
[32600/60000] loss 2.012 (pi 1.611 v 0.081 q 0.028 c 0.046) | plies 103 decisive 81% | buffer 200000 steps 60268 | 66.5 g/min eta 6.9h
[32625/60000] loss 2.005 (pi 1.606 v 0.080 q 0.028 c 0.046) | plies 103 decisive 80% | buffer 200000 steps 60309 | 66.5 g/min eta 6.9h
[32650/60000] loss 2.005 (pi 1.607 v 0.080 q 0.028 c 0.046) | plies 101 decisive 79% | buffer 200000 steps 60353 | 66.5 g/min eta 6.9h
[32675/60000] loss 2.005 (pi 1.609 v 0.080 q 0.028 c 0.045) | plies 101 decisive 80% | buffer 200000 steps 60396 | 66.5 g/min eta 6.8h
[32700/60000] loss 2.011 (pi 1.613 v 0.080 q 0.028 c 0.045) | plies 99 decisive 82% | buffer 200000 steps 60441 | 66.5 g/min eta 6.8h
[32725/60000] loss 2.006 (pi 1.610 v 0.079 q 0.028 c 0.044) | plies 98 decisive 83% | buffer 200000 steps 60485 | 66.5 g/min eta 6.8h
[32750/60000] loss 2.015 (pi 1.616 v 0.080 q 0.028 c 0.046) | plies 98 decisive 83% | buffer 200000 steps 60533 | 66.5 g/min eta 6.8h
[32775/60000] loss 2.013 (pi 1.614 v 0.080 q 0.028 c 0.045) | plies 97 decisive 84% | buffer 200000 steps 60578 | 66.5 g/min eta 6.8h
[32800/60000] loss 2.009 (pi 1.611 v 0.080 q 0.028 c 0.046) | plies 99 decisive 82% | buffer 200000 steps 60626 | 66.5 g/min eta 6.8h
[32825/60000] loss 2.006 (pi 1.610 v 0.080 q 0.028 c 0.045) | plies 100 decisive 83% | buffer 200000 steps 60670 | 66.5 g/min eta 6.8h
[32850/60000] loss 2.010 (pi 1.611 v 0.080 q 0.028 c 0.045) | plies 101 decisive 82% | buffer 200000 steps 60718 | 66.5 g/min eta 6.8h
[32875/60000] loss 2.005 (pi 1.604 v 0.080 q 0.028 c 0.045) | plies 101 decisive 82% | buffer 200000 steps 60763 | 66.6 g/min eta 6.8h
[32900/60000] loss 2.004 (pi 1.599 v 0.082 q 0.029 c 0.045) | plies 101 decisive 81% | buffer 200000 steps 60808 | 66.6 g/min eta 6.8h
[32925/60000] loss 2.008 (pi 1.605 v 0.081 q 0.029 c 0.046) | plies 101 decisive 79% | buffer 200000 steps 60852 | 66.5 g/min eta 6.8h
[32950/60000] loss 2.001 (pi 1.602 v 0.081 q 0.028 c 0.046) | plies 100 decisive 79% | buffer 200000 steps 60894 | 66.6 g/min eta 6.8h
[32975/60000] loss 2.004 (pi 1.607 v 0.080 q 0.028 c 0.045) | plies 101 decisive 78% | buffer 200000 steps 60941 | 66.6 g/min eta 6.8h
[33000/60000] loss 2.008 (pi 1.609 v 0.079 q 0.028 c 0.045) | plies 102 decisive 78% | buffer 200000 steps 60988 | 66.6 g/min eta 6.8h
  EVAL @33000: q-greedy 7-17-0 | policy-greedy 5-19-0 | search 7-1-0 (eval 71s)
[33025/60000] loss 2.009 (pi 1.607 v 0.080 q 0.028 c 0.045) | plies 101 decisive 78% | buffer 200000 steps 61032 | 66.4 g/min eta 6.8h
[33050/60000] loss 2.013 (pi 1.612 v 0.080 q 0.028 c 0.046) | plies 101 decisive 78% | buffer 200000 steps 61079 | 66.5 g/min eta 6.8h
[33075/60000] loss 2.015 (pi 1.612 v 0.081 q 0.028 c 0.047) | plies 101 decisive 78% | buffer 200000 steps 61123 | 66.5 g/min eta 6.7h
[33100/60000] loss 2.009 (pi 1.608 v 0.080 q 0.028 c 0.046) | plies 101 decisive 78% | buffer 200000 steps 61165 | 66.5 g/min eta 6.7h
[33125/60000] loss 2.012 (pi 1.609 v 0.081 q 0.028 c 0.046) | plies 102 decisive 80% | buffer 200000 steps 61213 | 66.5 g/min eta 6.7h
[33150/60000] loss 2.008 (pi 1.606 v 0.080 q 0.028 c 0.045) | plies 103 decisive 80% | buffer 200000 steps 61260 | 66.5 g/min eta 6.7h
[33175/60000] loss 2.005 (pi 1.603 v 0.081 q 0.028 c 0.046) | plies 103 decisive 80% | buffer 200000 steps 61305 | 66.5 g/min eta 6.7h
[33200/60000] loss 2.007 (pi 1.607 v 0.081 q 0.029 c 0.045) | plies 103 decisive 80% | buffer 200000 steps 61353 | 66.5 g/min eta 6.7h
[33225/60000] loss 2.014 (pi 1.612 v 0.081 q 0.029 c 0.044) | plies 104 decisive 81% | buffer 200000 steps 61401 | 66.5 g/min eta 6.7h
[33250/60000] loss 2.018 (pi 1.616 v 0.080 q 0.028 c 0.043) | plies 104 decisive 84% | buffer 200000 steps 61450 | 66.5 g/min eta 6.7h
[33275/60000] loss 2.003 (pi 1.604 v 0.081 q 0.028 c 0.044) | plies 107 decisive 82% | buffer 200000 steps 61502 | 66.5 g/min eta 6.7h
[33300/60000] loss 2.012 (pi 1.613 v 0.081 q 0.028 c 0.044) | plies 107 decisive 82% | buffer 200000 steps 61547 | 66.5 g/min eta 6.7h
[33325/60000] loss 2.017 (pi 1.620 v 0.080 q 0.028 c 0.044) | plies 107 decisive 80% | buffer 200000 steps 61597 | 66.5 g/min eta 6.7h
[33350/60000] loss 2.014 (pi 1.614 v 0.081 q 0.028 c 0.043) | plies 108 decisive 80% | buffer 200000 steps 61645 | 66.5 g/min eta 6.7h
[33375/60000] loss 2.004 (pi 1.607 v 0.081 q 0.028 c 0.043) | plies 108 decisive 78% | buffer 200000 steps 61689 | 66.5 g/min eta 6.7h
[33400/60000] loss 2.007 (pi 1.608 v 0.081 q 0.028 c 0.044) | plies 108 decisive 78% | buffer 200000 steps 61739 | 66.5 g/min eta 6.7h
[33425/60000] loss 2.020 (pi 1.615 v 0.082 q 0.029 c 0.044) | plies 108 decisive 76% | buffer 200000 steps 61787 | 66.5 g/min eta 6.7h
[33450/60000] loss 2.013 (pi 1.610 v 0.081 q 0.028 c 0.043) | plies 108 decisive 76% | buffer 200000 steps 61831 | 66.5 g/min eta 6.7h
[33475/60000] loss 2.026 (pi 1.622 v 0.081 q 0.028 c 0.043) | plies 105 decisive 80% | buffer 200000 steps 61877 | 66.5 g/min eta 6.6h
[33500/60000] loss 2.027 (pi 1.623 v 0.081 q 0.029 c 0.043) | plies 106 decisive 79% | buffer 200000 steps 61923 | 66.5 g/min eta 6.6h
[33525/60000] loss 2.029 (pi 1.623 v 0.081 q 0.029 c 0.043) | plies 107 decisive 78% | buffer 200000 steps 61975 | 66.5 g/min eta 6.6h
[33550/60000] loss 2.027 (pi 1.618 v 0.081 q 0.029 c 0.044) | plies 105 decisive 80% | buffer 200000 steps 62016 | 66.5 g/min eta 6.6h
[33575/60000] loss 2.031 (pi 1.620 v 0.081 q 0.029 c 0.044) | plies 105 decisive 82% | buffer 200000 steps 62062 | 66.5 g/min eta 6.6h
[33600/60000] loss 2.033 (pi 1.625 v 0.081 q 0.029 c 0.043) | plies 104 decisive 84% | buffer 200000 steps 62110 | 66.5 g/min eta 6.6h
[33625/60000] loss 2.027 (pi 1.620 v 0.080 q 0.029 c 0.043) | plies 103 decisive 84% | buffer 200000 steps 62153 | 66.5 g/min eta 6.6h
[33650/60000] loss 2.023 (pi 1.619 v 0.081 q 0.029 c 0.043) | plies 104 decisive 83% | buffer 200000 steps 62206 | 66.5 g/min eta 6.6h
[33675/60000] loss 2.025 (pi 1.622 v 0.081 q 0.029 c 0.043) | plies 104 decisive 81% | buffer 200000 steps 62253 | 66.5 g/min eta 6.6h
[33700/60000] loss 2.027 (pi 1.623 v 0.081 q 0.029 c 0.043) | plies 104 decisive 82% | buffer 200000 steps 62300 | 66.5 g/min eta 6.6h
[33725/60000] loss 2.036 (pi 1.633 v 0.081 q 0.028 c 0.043) | plies 101 decisive 86% | buffer 200000 steps 62345 | 66.5 g/min eta 6.6h
[33750/60000] loss 2.033 (pi 1.631 v 0.081 q 0.028 c 0.043) | plies 101 decisive 85% | buffer 200000 steps 62387 | 66.5 g/min eta 6.6h
[33775/60000] loss 2.030 (pi 1.629 v 0.080 q 0.028 c 0.042) | plies 102 decisive 84% | buffer 200000 steps 62436 | 66.5 g/min eta 6.6h
[33800/60000] loss 2.028 (pi 1.626 v 0.081 q 0.028 c 0.041) | plies 104 decisive 80% | buffer 200000 steps 62488 | 66.5 g/min eta 6.6h
[33825/60000] loss 2.027 (pi 1.623 v 0.080 q 0.028 c 0.042) | plies 105 decisive 78% | buffer 200000 steps 62531 | 66.5 g/min eta 6.6h
[33850/60000] loss 2.028 (pi 1.622 v 0.080 q 0.028 c 0.042) | plies 105 decisive 78% | buffer 200000 steps 62576 | 66.6 g/min eta 6.5h
[33875/60000] loss 2.025 (pi 1.619 v 0.080 q 0.029 c 0.043) | plies 106 decisive 78% | buffer 200000 steps 62623 | 66.6 g/min eta 6.5h
[33900/60000] loss 2.024 (pi 1.615 v 0.081 q 0.029 c 0.044) | plies 105 decisive 77% | buffer 200000 steps 62668 | 66.6 g/min eta 6.5h
[33925/60000] loss 2.025 (pi 1.618 v 0.080 q 0.028 c 0.043) | plies 106 decisive 75% | buffer 200000 steps 62712 | 66.6 g/min eta 6.5h
[33950/60000] loss 2.030 (pi 1.624 v 0.080 q 0.028 c 0.042) | plies 106 decisive 75% | buffer 200000 steps 62755 | 66.6 g/min eta 6.5h
[33975/60000] loss 2.032 (pi 1.626 v 0.080 q 0.028 c 0.042) | plies 106 decisive 74% | buffer 200000 steps 62803 | 66.5 g/min eta 6.5h
[34000/60000] loss 2.027 (pi 1.621 v 0.080 q 0.028 c 0.043) | plies 104 decisive 77% | buffer 200000 steps 62849 | 66.5 g/min eta 6.5h
  EVAL @34000: q-greedy 3-21-0 | policy-greedy 13-11-0 | search 8-0-0 (eval 59s)
[34025/60000] loss 2.026 (pi 1.623 v 0.080 q 0.028 c 0.042) | plies 105 decisive 78% | buffer 200000 steps 62897 | 66.4 g/min eta 6.5h
[34050/60000] loss 2.025 (pi 1.620 v 0.080 q 0.028 c 0.042) | plies 103 decisive 78% | buffer 200000 steps 62942 | 66.5 g/min eta 6.5h
[34075/60000] loss 2.027 (pi 1.621 v 0.080 q 0.028 c 0.042) | plies 103 decisive 78% | buffer 200000 steps 62987 | 66.5 g/min eta 6.5h
[34100/60000] loss 2.025 (pi 1.618 v 0.080 q 0.028 c 0.042) | plies 103 decisive 78% | buffer 200000 steps 63033 | 66.5 g/min eta 6.5h
[34125/60000] loss 2.025 (pi 1.618 v 0.080 q 0.028 c 0.042) | plies 103 decisive 78% | buffer 200000 steps 63080 | 66.5 g/min eta 6.5h
[34150/60000] loss 2.024 (pi 1.617 v 0.080 q 0.028 c 0.042) | plies 105 decisive 76% | buffer 200000 steps 63128 | 66.5 g/min eta 6.5h
[34175/60000] loss 2.033 (pi 1.627 v 0.081 q 0.028 c 0.042) | plies 103 decisive 80% | buffer 200000 steps 63175 | 66.5 g/min eta 6.5h
[34200/60000] loss 2.037 (pi 1.627 v 0.082 q 0.029 c 0.043) | plies 105 decisive 80% | buffer 200000 steps 63222 | 66.5 g/min eta 6.5h
[34225/60000] loss 2.028 (pi 1.618 v 0.082 q 0.029 c 0.044) | plies 104 decisive 78% | buffer 200000 steps 63269 | 66.5 g/min eta 6.5h
[34250/60000] loss 2.027 (pi 1.620 v 0.082 q 0.028 c 0.043) | plies 105 decisive 78% | buffer 200000 steps 63313 | 66.5 g/min eta 6.5h
[34275/60000] loss 2.034 (pi 1.629 v 0.082 q 0.029 c 0.043) | plies 105 decisive 78% | buffer 200000 steps 63357 | 66.5 g/min eta 6.4h
[34300/60000] loss 2.032 (pi 1.627 v 0.081 q 0.029 c 0.043) | plies 104 decisive 78% | buffer 200000 steps 63406 | 66.5 g/min eta 6.4h
[34325/60000] loss 2.028 (pi 1.623 v 0.081 q 0.029 c 0.044) | plies 104 decisive 80% | buffer 200000 steps 63453 | 66.5 g/min eta 6.4h
[34350/60000] loss 2.024 (pi 1.619 v 0.081 q 0.029 c 0.043) | plies 103 decisive 82% | buffer 200000 steps 63504 | 66.5 g/min eta 6.4h
[34375/60000] loss 2.021 (pi 1.616 v 0.082 q 0.029 c 0.044) | plies 103 decisive 82% | buffer 200000 steps 63550 | 66.5 g/min eta 6.4h
[34400/60000] loss 2.022 (pi 1.616 v 0.081 q 0.028 c 0.045) | plies 102 decisive 82% | buffer 200000 steps 63596 | 66.5 g/min eta 6.4h
[34425/60000] loss 2.028 (pi 1.625 v 0.080 q 0.028 c 0.044) | plies 99 decisive 86% | buffer 200000 steps 63639 | 66.5 g/min eta 6.4h
[34450/60000] loss 2.034 (pi 1.629 v 0.081 q 0.028 c 0.043) | plies 100 decisive 85% | buffer 200000 steps 63683 | 66.5 g/min eta 6.4h
[34475/60000] loss 2.039 (pi 1.635 v 0.081 q 0.028 c 0.043) | plies 101 decisive 85% | buffer 200000 steps 63733 | 66.6 g/min eta 6.4h
[34500/60000] loss 2.034 (pi 1.632 v 0.081 q 0.028 c 0.043) | plies 102 decisive 84% | buffer 200000 steps 63781 | 66.5 g/min eta 6.4h
[34525/60000] loss 2.033 (pi 1.633 v 0.080 q 0.028 c 0.043) | plies 102 decisive 84% | buffer 200000 steps 63820 | 66.5 g/min eta 6.4h
[34550/60000] loss 2.035 (pi 1.634 v 0.080 q 0.028 c 0.043) | plies 102 decisive 82% | buffer 200000 steps 63870 | 66.5 g/min eta 6.4h
[34575/60000] loss 2.035 (pi 1.634 v 0.080 q 0.028 c 0.044) | plies 104 decisive 78% | buffer 200000 steps 63917 | 66.5 g/min eta 6.4h
[34600/60000] loss 2.029 (pi 1.629 v 0.080 q 0.028 c 0.044) | plies 104 decisive 80% | buffer 200000 steps 63966 | 66.6 g/min eta 6.4h
[34625/60000] loss 2.028 (pi 1.629 v 0.080 q 0.028 c 0.043) | plies 106 decisive 76% | buffer 200000 steps 64014 | 66.6 g/min eta 6.4h
[34650/60000] loss 2.030 (pi 1.633 v 0.079 q 0.028 c 0.043) | plies 107 decisive 76% | buffer 200000 steps 64060 | 66.6 g/min eta 6.3h
[34675/60000] loss 2.033 (pi 1.633 v 0.080 q 0.028 c 0.044) | plies 107 decisive 76% | buffer 200000 steps 64110 | 66.6 g/min eta 6.3h
[34700/60000] loss 2.032 (pi 1.632 v 0.080 q 0.028 c 0.044) | plies 106 decisive 76% | buffer 200000 steps 64153 | 66.6 g/min eta 6.3h
[34725/60000] loss 2.022 (pi 1.624 v 0.079 q 0.028 c 0.044) | plies 106 decisive 76% | buffer 200000 steps 64198 | 66.6 g/min eta 6.3h
[34750/60000] loss 2.022 (pi 1.625 v 0.080 q 0.028 c 0.044) | plies 105 decisive 78% | buffer 200000 steps 64240 | 66.6 g/min eta 6.3h
[34775/60000] loss 2.017 (pi 1.622 v 0.079 q 0.028 c 0.044) | plies 102 decisive 80% | buffer 200000 steps 64280 | 66.6 g/min eta 6.3h
[34800/60000] loss 2.017 (pi 1.625 v 0.079 q 0.028 c 0.043) | plies 102 decisive 80% | buffer 200000 steps 64326 | 66.6 g/min eta 6.3h
[34825/60000] loss 2.013 (pi 1.619 v 0.079 q 0.028 c 0.043) | plies 101 decisive 82% | buffer 200000 steps 64371 | 66.6 g/min eta 6.3h
[34850/60000] loss 2.019 (pi 1.624 v 0.080 q 0.028 c 0.044) | plies 97 decisive 86% | buffer 200000 steps 64412 | 66.6 g/min eta 6.3h
[34875/60000] loss 2.012 (pi 1.617 v 0.079 q 0.028 c 0.044) | plies 95 decisive 88% | buffer 200000 steps 64458 | 66.6 g/min eta 6.3h
[34900/60000] loss 2.029 (pi 1.632 v 0.080 q 0.028 c 0.045) | plies 96 decisive 88% | buffer 200000 steps 64506 | 66.6 g/min eta 6.3h
[34925/60000] loss 2.037 (pi 1.638 v 0.080 q 0.028 c 0.045) | plies 96 decisive 86% | buffer 200000 steps 64549 | 66.6 g/min eta 6.3h
[34950/60000] loss 2.041 (pi 1.643 v 0.080 q 0.028 c 0.045) | plies 97 decisive 86% | buffer 200000 steps 64597 | 66.6 g/min eta 6.3h
[34975/60000] loss 2.029 (pi 1.634 v 0.079 q 0.028 c 0.044) | plies 99 decisive 84% | buffer 200000 steps 64641 | 66.6 g/min eta 6.3h
[35000/60000] loss 2.025 (pi 1.631 v 0.080 q 0.027 c 0.044) | plies 98 decisive 84% | buffer 200000 steps 64688 | 66.6 g/min eta 6.3h
  EVAL @35000: q-greedy 3-21-0 | policy-greedy 9-15-0 | search 7-1-0 (eval 55s)
[35025/60000] loss 2.023 (pi 1.628 v 0.080 q 0.027 c 0.043) | plies 99 decisive 80% | buffer 200000 steps 64736 | 66.5 g/min eta 6.3h
[35050/60000] loss 2.022 (pi 1.630 v 0.080 q 0.028 c 0.043) | plies 101 decisive 80% | buffer 200000 steps 64778 | 66.5 g/min eta 6.3h
[35075/60000] loss 2.025 (pi 1.633 v 0.080 q 0.028 c 0.043) | plies 103 decisive 78% | buffer 200000 steps 64828 | 66.6 g/min eta 6.2h
[35100/60000] loss 2.023 (pi 1.632 v 0.079 q 0.028 c 0.043) | plies 103 decisive 76% | buffer 200000 steps 64875 | 66.6 g/min eta 6.2h
[35125/60000] loss 2.015 (pi 1.626 v 0.079 q 0.027 c 0.043) | plies 104 decisive 76% | buffer 200000 steps 64920 | 66.6 g/min eta 6.2h
[35150/60000] loss 2.016 (pi 1.626 v 0.079 q 0.027 c 0.043) | plies 103 decisive 76% | buffer 200000 steps 64963 | 66.6 g/min eta 6.2h
[35175/60000] loss 2.024 (pi 1.631 v 0.080 q 0.027 c 0.044) | plies 103 decisive 78% | buffer 200000 steps 65009 | 66.6 g/min eta 6.2h
[35200/60000] loss 2.017 (pi 1.626 v 0.080 q 0.027 c 0.044) | plies 103 decisive 78% | buffer 200000 steps 65050 | 66.6 g/min eta 6.2h
[35225/60000] loss 2.010 (pi 1.618 v 0.079 q 0.027 c 0.043) | plies 102 decisive 80% | buffer 200000 steps 65096 | 66.6 g/min eta 6.2h
[35250/60000] loss 2.011 (pi 1.617 v 0.079 q 0.027 c 0.044) | plies 103 decisive 79% | buffer 200000 steps 65140 | 66.6 g/min eta 6.2h
[35275/60000] loss 2.007 (pi 1.611 v 0.080 q 0.027 c 0.043) | plies 100 decisive 80% | buffer 200000 steps 65180 | 66.6 g/min eta 6.2h
[35300/60000] loss 2.011 (pi 1.616 v 0.080 q 0.027 c 0.043) | plies 99 decisive 82% | buffer 200000 steps 65230 | 66.6 g/min eta 6.2h
/opt/homebrew/Cellar/python@3.14/3.14.3_1/Frameworks/Python.framework/Versions/3.14/lib/python3.14/multiprocessing/resource_tracker.py:396: UserWarning: resource_tracker: There appear to be 8 leaked semaphore objects to clean up at shutdown: {'/mp-ue5gh1zg', '/mp-48elp6n6', '/mp-_uj3q16p', '/mp-eczw3eua', '/mp-x4px3j7l', '/mp-3k0q8usq', '/mp-y06a0t_v', '/mp-j6fzge5e'}
  warnings.warn(
