learner on mps, 6 workers x 48 games (cpu, 2 threads), sims=16, net 2,772,161 params, study=on, gate at 2000 games
[25/100000] warmup | plies 42 decisive 100% | buffer 1054 steps 0 | 19.0 g/min eta 87.6h
[50/100000] warmup | plies 66 decisive 100% | buffer 3283 steps 0 | 28.7 g/min eta 58.0h
[75/100000] loss 3.972 (pi 3.337 v 0.467 q 0.118 c 0.100) | plies 82 decisive 100% | buffer 6115 steps 19 | 34.2 g/min eta 48.8h
[100/100000] loss 3.835 (pi 3.316 v 0.388 q 0.097 c 0.067) | plies 94 decisive 100% | buffer 9384 steps 65 | 37.6 g/min eta 44.2h
[125/100000] loss 3.706 (pi 3.282 v 0.320 q 0.081 c 0.047) | plies 106 decisive 82% | buffer 13309 steps 114 | 45.3 g/min eta 36.7h
[150/100000] loss 3.594 (pi 3.255 v 0.255 q 0.067 c 0.035) | plies 115 decisive 69% | buffer 17309 steps 164 | 52.7 g/min eta 31.6h
[175/100000] loss 3.508 (pi 3.235 v 0.202 q 0.057 c 0.028) | plies 122 decisive 59% | buffer 21309 steps 214 | 59.6 g/min eta 27.9h
[200/100000] loss 3.438 (pi 3.216 v 0.160 q 0.050 c 0.023) | plies 127 decisive 52% | buffer 25309 steps 264 | 66.1 g/min eta 25.1h
[225/100000] loss 3.388 (pi 3.205 v 0.128 q 0.045 c 0.020) | plies 141 decisive 39% | buffer 29309 steps 314 | 72.2 g/min eta 23.0h
[250/100000] loss 3.354 (pi 3.198 v 0.105 q 0.042 c 0.017) | plies 150 decisive 26% | buffer 33309 steps 364 | 77.8 g/min eta 21.4h
[275/100000] loss 3.328 (pi 3.193 v 0.089 q 0.039 c 0.015) | plies 156 decisive 14% | buffer 37309 steps 414 | 83.1 g/min eta 20.0h
[300/100000] loss 3.312 (pi 3.192 v 0.077 q 0.037 c 0.014) | plies 157 decisive 4% | buffer 40801 steps 461 | 88.3 g/min eta 18.8h
[325/100000] loss 3.305 (pi 3.191 v 0.071 q 0.036 c 0.014) | plies 150 decisive 9% | buffer 43320 steps 498 | 84.7 g/min eta 19.6h
[350/100000] loss 3.301 (pi 3.192 v 0.068 q 0.035 c 0.013) | plies 143 decisive 17% | buffer 45915 steps 535 | 82.4 g/min eta 20.2h
[375/100000] loss 3.301 (pi 3.196 v 0.065 q 0.034 c 0.012) | plies 139 decisive 22% | buffer 49150 steps 578 | 78.2 g/min eta 21.2h
[400/100000] loss 3.302 (pi 3.200 v 0.064 q 0.033 c 0.012) | plies 136 decisive 28% | buffer 52453 steps 625 | 78.7 g/min eta 21.1h
[425/100000] loss 3.303 (pi 3.202 v 0.063 q 0.032 c 0.011) | plies 133 decisive 32% | buffer 55827 steps 671 | 77.6 g/min eta 21.4h
[450/100000] loss 3.296 (pi 3.198 v 0.063 q 0.030 c 0.010) | plies 132 decisive 34% | buffer 59777 steps 721 | 80.5 g/min eta 20.6h
[475/100000] loss 3.287 (pi 3.191 v 0.061 q 0.029 c 0.011) | plies 131 decisive 35% | buffer 63464 steps 769 | 82.0 g/min eta 20.2h
[500/100000] loss 3.279 (pi 3.187 v 0.059 q 0.028 c 0.010) | plies 131 decisive 36% | buffer 66956 steps 815 | 83.4 g/min eta 19.9h
[525/100000] loss 3.265 (pi 3.177 v 0.057 q 0.026 c 0.009) | plies 137 decisive 30% | buffer 70805 steps 864 | 86.2 g/min eta 19.2h
[550/100000] loss 3.249 (pi 3.165 v 0.054 q 0.025 c 0.009) | plies 144 decisive 22% | buffer 74805 steps 914 | 88.8 g/min eta 18.7h
[575/100000] loss 3.233 (pi 3.153 v 0.052 q 0.024 c 0.008) | plies 148 decisive 16% | buffer 78805 steps 964 | 91.4 g/min eta 18.1h
[600/100000] loss 3.216 (pi 3.139 v 0.050 q 0.023 c 0.008) | plies 151 decisive 11% | buffer 82695 steps 1014 | 94.0 g/min eta 17.6h
[625/100000] loss 3.199 (pi 3.125 v 0.048 q 0.022 c 0.008) | plies 151 decisive 11% | buffer 86110 steps 1059 | 96.3 g/min eta 17.2h
[650/100000] loss 3.188 (pi 3.116 v 0.047 q 0.021 c 0.008) | plies 147 decisive 16% | buffer 89104 steps 1100 | 93.8 g/min eta 17.7h
[675/100000] loss 3.176 (pi 3.104 v 0.047 q 0.020 c 0.007) | plies 144 decisive 20% | buffer 92201 steps 1142 | 94.1 g/min eta 17.6h
[700/100000] loss 3.164 (pi 3.093 v 0.047 q 0.020 c 0.007) | plies 142 decisive 24% | buffer 95310 steps 1181 | 93.0 g/min eta 17.8h
[725/100000] loss 3.155 (pi 3.083 v 0.048 q 0.019 c 0.007) | plies 137 decisive 33% | buffer 98115 steps 1222 | 92.9 g/min eta 17.8h
[750/100000] loss 3.145 (pi 3.072 v 0.050 q 0.019 c 0.007) | plies 133 decisive 38% | buffer 101431 steps 1269 | 93.6 g/min eta 17.7h
[775/100000] loss 3.141 (pi 3.067 v 0.051 q 0.018 c 0.007) | plies 129 decisive 46% | buffer 104615 steps 1315 | 92.8 g/min eta 17.8h
[800/100000] loss 3.135 (pi 3.061 v 0.053 q 0.018 c 0.007) | plies 128 decisive 50% | buffer 108195 steps 1363 | 94.0 g/min eta 17.6h
[825/100000] loss 3.128 (pi 3.053 v 0.054 q 0.018 c 0.007) | plies 127 decisive 52% | buffer 111478 steps 1408 | 94.5 g/min eta 17.5h
[850/100000] loss 3.118 (pi 3.043 v 0.055 q 0.017 c 0.007) | plies 129 decisive 52% | buffer 114857 steps 1454 | 96.1 g/min eta 17.2h
[875/100000] loss 3.117 (pi 3.041 v 0.055 q 0.017 c 0.007) | plies 132 decisive 49% | buffer 118544 steps 1501 | 97.1 g/min eta 17.0h
[900/100000] loss 3.107 (pi 3.033 v 0.055 q 0.016 c 0.007) | plies 136 decisive 44% | buffer 122453 steps 1550 | 98.8 g/min eta 16.7h
[925/100000] loss 3.097 (pi 3.023 v 0.054 q 0.016 c 0.006) | plies 140 decisive 35% | buffer 126148 steps 1598 | 100.6 g/min eta 16.4h
[950/100000] loss 3.095 (pi 3.022 v 0.054 q 0.016 c 0.006) | plies 140 decisive 34% | buffer 129530 steps 1644 | 101.5 g/min eta 16.3h
[975/100000] loss 3.091 (pi 3.018 v 0.054 q 0.015 c 0.006) | plies 138 decisive 34% | buffer 132224 steps 1682 | 100.2 g/min eta 16.5h
[1000/100000] loss 3.083 (pi 3.011 v 0.054 q 0.015 c 0.006) | plies 135 decisive 34% | buffer 135107 steps 1721 | 100.6 g/min eta 16.4h
  EVAL @1000: q-greedy 0-24-0 | policy-greedy 0-21-3 | search 5-3-0 (eval 37s)
[1025/100000] loss 3.078 (pi 3.006 v 0.054 q 0.015 c 0.006) | plies 132 decisive 35% | buffer 137900 steps 1760 | 93.5 g/min eta 17.6h
[1050/100000] loss 3.077 (pi 3.005 v 0.054 q 0.015 c 0.007) | plies 132 decisive 34% | buffer 141251 steps 1803 | 95.1 g/min eta 17.3h
[1075/100000] loss 3.068 (pi 2.997 v 0.054 q 0.015 c 0.006) | plies 131 decisive 35% | buffer 144663 steps 1848 | 96.6 g/min eta 17.1h
[1100/100000] loss 3.072 (pi 3.001 v 0.054 q 0.014 c 0.006) | plies 128 decisive 38% | buffer 148004 steps 1894 | 98.0 g/min eta 16.8h
[1125/100000] loss 3.065 (pi 2.994 v 0.054 q 0.014 c 0.006) | plies 126 decisive 44% | buffer 151281 steps 1941 | 98.4 g/min eta 16.8h
[1150/100000] loss 3.058 (pi 2.987 v 0.054 q 0.014 c 0.006) | plies 126 decisive 44% | buffer 154759 steps 1988 | 98.4 g/min eta 16.7h
[1175/100000] loss 3.060 (pi 2.989 v 0.054 q 0.014 c 0.006) | plies 128 decisive 44% | buffer 157862 steps 2031 | 99.0 g/min eta 16.6h
[1200/100000] loss 3.060 (pi 2.989 v 0.055 q 0.013 c 0.006) | plies 131 decisive 42% | buffer 161369 steps 2078 | 99.7 g/min eta 16.5h
[1225/100000] loss 3.053 (pi 2.982 v 0.055 q 0.013 c 0.006) | plies 136 decisive 40% | buffer 165032 steps 2127 | 100.1 g/min eta 16.4h
[1250/100000] loss 3.047 (pi 2.977 v 0.055 q 0.013 c 0.006) | plies 138 decisive 36% | buffer 168850 steps 2176 | 101.3 g/min eta 16.2h
[1275/100000] loss 3.045 (pi 2.974 v 0.055 q 0.013 c 0.006) | plies 139 decisive 36% | buffer 172487 steps 2224 | 102.5 g/min eta 16.0h
[1300/100000] loss 3.043 (pi 2.973 v 0.055 q 0.013 c 0.005) | plies 138 decisive 38% | buffer 175534 steps 2267 | 101.8 g/min eta 16.2h
[1325/100000] loss 3.044 (pi 2.974 v 0.055 q 0.013 c 0.005) | plies 137 decisive 37% | buffer 178779 steps 2311 | 101.6 g/min eta 16.2h
[1350/100000] loss 3.041 (pi 2.970 v 0.055 q 0.013 c 0.005) | plies 136 decisive 38% | buffer 181926 steps 2355 | 101.5 g/min eta 16.2h
[1375/100000] loss 3.036 (pi 2.966 v 0.055 q 0.012 c 0.005) | plies 136 decisive 36% | buffer 184986 steps 2398 | 102.0 g/min eta 16.1h
[1400/100000] loss 3.030 (pi 2.960 v 0.055 q 0.012 c 0.006) | plies 134 decisive 38% | buffer 188255 steps 2443 | 101.8 g/min eta 16.1h
[1425/100000] loss 3.024 (pi 2.953 v 0.056 q 0.012 c 0.005) | plies 133 decisive 39% | buffer 191582 steps 2489 | 102.3 g/min eta 16.1h
[1450/100000] loss 3.024 (pi 2.953 v 0.056 q 0.012 c 0.006) | plies 131 decisive 42% | buffer 195083 steps 2536 | 102.0 g/min eta 16.1h
[1475/100000] loss 3.020 (pi 2.949 v 0.056 q 0.012 c 0.006) | plies 130 decisive 43% | buffer 198439 steps 2582 | 101.9 g/min eta 16.1h
[1500/100000] loss 3.016 (pi 2.945 v 0.057 q 0.012 c 0.006) | plies 131 decisive 42% | buffer 200000 steps 2626 | 102.4 g/min eta 16.0h
[1525/100000] loss 3.001 (pi 2.932 v 0.055 q 0.011 c 0.006) | plies 132 decisive 40% | buffer 200000 steps 2672 | 102.8 g/min eta 16.0h
[1550/100000] loss 2.991 (pi 2.925 v 0.053 q 0.011 c 0.005) | plies 135 decisive 38% | buffer 200000 steps 2720 | 102.8 g/min eta 16.0h
[1575/100000] loss 2.977 (pi 2.913 v 0.051 q 0.010 c 0.005) | plies 138 decisive 36% | buffer 200000 steps 2767 | 103.5 g/min eta 15.8h
[1600/100000] loss 2.966 (pi 2.904 v 0.050 q 0.009 c 0.005) | plies 140 decisive 32% | buffer 200000 steps 2816 | 104.3 g/min eta 15.7h
[1625/100000] loss 2.955 (pi 2.894 v 0.050 q 0.009 c 0.005) | plies 141 decisive 32% | buffer 200000 steps 2863 | 104.0 g/min eta 15.8h
[1650/100000] loss 2.937 (pi 2.877 v 0.050 q 0.008 c 0.005) | plies 138 decisive 34% | buffer 200000 steps 2905 | 103.8 g/min eta 15.8h
[1675/100000] loss 2.925 (pi 2.866 v 0.050 q 0.008 c 0.005) | plies 139 decisive 31% | buffer 200000 steps 2950 | 103.8 g/min eta 15.8h
[1700/100000] loss 2.916 (pi 2.857 v 0.050 q 0.007 c 0.004) | plies 140 decisive 28% | buffer 200000 steps 2996 | 104.0 g/min eta 15.7h
[1725/100000] loss 2.907 (pi 2.848 v 0.051 q 0.007 c 0.004) | plies 139 decisive 30% | buffer 200000 steps 3039 | 104.0 g/min eta 15.8h
[1750/100000] loss 2.892 (pi 2.833 v 0.051 q 0.006 c 0.004) | plies 137 decisive 31% | buffer 200000 steps 3082 | 104.1 g/min eta 15.7h
[1775/100000] loss 2.878 (pi 2.818 v 0.051 q 0.006 c 0.004) | plies 136 decisive 32% | buffer 200000 steps 3128 | 104.4 g/min eta 15.7h
[1800/100000] loss 2.863 (pi 2.803 v 0.052 q 0.005 c 0.004) | plies 134 decisive 34% | buffer 200000 steps 3174 | 104.1 g/min eta 15.7h
[1825/100000] loss 2.850 (pi 2.791 v 0.052 q 0.005 c 0.004) | plies 133 decisive 34% | buffer 200000 steps 3218 | 104.4 g/min eta 15.7h
[1850/100000] loss 2.831 (pi 2.772 v 0.052 q 0.005 c 0.004) | plies 137 decisive 31% | buffer 200000 steps 3266 | 105.0 g/min eta 15.6h
[1875/100000] loss 2.816 (pi 2.758 v 0.051 q 0.005 c 0.004) | plies 136 decisive 32% | buffer 200000 steps 3313 | 105.4 g/min eta 15.5h
[1900/100000] loss 2.811 (pi 2.753 v 0.051 q 0.005 c 0.004) | plies 136 decisive 33% | buffer 200000 steps 3358 | 105.5 g/min eta 15.5h
[1925/100000] loss 2.793 (pi 2.735 v 0.051 q 0.004 c 0.005) | plies 137 decisive 32% | buffer 200000 steps 3403 | 105.8 g/min eta 15.5h
[1950/100000] loss 2.787 (pi 2.730 v 0.051 q 0.004 c 0.005) | plies 137 decisive 30% | buffer 200000 steps 3447 | 106.0 g/min eta 15.4h
[1975/100000] loss 2.781 (pi 2.724 v 0.051 q 0.004 c 0.004) | plies 136 decisive 32% | buffer 200000 steps 3493 | 106.0 g/min eta 15.4h
  GATE OPEN @2000: study/resignation enabled
[2000/100000] loss 2.775 (pi 2.717 v 0.051 q 0.004 c 0.005) | plies 136 decisive 30% | buffer 200000 steps 3538 | 106.2 g/min eta 15.4h
  EVAL @2000: q-greedy 1-23-0 | policy-greedy 0-24-0 | search 7-1-0 (eval 41s)
[2025/100000] loss 2.769 (pi 2.711 v 0.051 q 0.004 c 0.005) | plies 137 decisive 30% | buffer 200000 steps 3584 | 102.2 g/min eta 16.0h
[2050/100000] loss 2.760 (pi 2.702 v 0.052 q 0.004 c 0.004) | plies 135 decisive 31% | buffer 200000 steps 3627 | 103.0 g/min eta 15.8h
[2075/100000] loss 2.750 (pi 2.691 v 0.053 q 0.004 c 0.004) | plies 135 decisive 32% | buffer 200000 steps 3672 | 103.8 g/min eta 15.7h
[2100/100000] loss 2.741 (pi 2.681 v 0.053 q 0.004 c 0.004) | plies 136 decisive 30% | buffer 200000 steps 3719 | 104.4 g/min eta 15.6h
[2125/100000] loss 2.732 (pi 2.673 v 0.053 q 0.004 c 0.004) | plies 135 decisive 32% | buffer 200000 steps 3766 | 104.4 g/min eta 15.6h
[2150/100000] loss 2.725 (pi 2.666 v 0.053 q 0.004 c 0.004) | plies 138 decisive 30% | buffer 200000 steps 3815 | 104.5 g/min eta 15.6h
[2175/100000] loss 2.714 (pi 2.655 v 0.053 q 0.004 c 0.004) | plies 140 decisive 27% | buffer 200000 steps 3863 | 104.7 g/min eta 15.6h
[2200/100000] loss 2.702 (pi 2.644 v 0.052 q 0.004 c 0.004) | plies 142 decisive 25% | buffer 200000 steps 3910 | 104.9 g/min eta 15.5h
[2225/100000] loss 2.687 (pi 2.630 v 0.050 q 0.004 c 0.004) | plies 141 decisive 26% | buffer 200000 steps 3956 | 105.2 g/min eta 15.5h
[2250/100000] loss 2.676 (pi 2.620 v 0.049 q 0.004 c 0.004) | plies 143 decisive 23% | buffer 200000 steps 4004 | 105.0 g/min eta 15.5h
[2275/100000] loss 2.662 (pi 2.608 v 0.048 q 0.004 c 0.004) | plies 145 decisive 20% | buffer 200000 steps 4054 | 104.9 g/min eta 15.5h
[2300/100000] loss 2.648 (pi 2.595 v 0.048 q 0.004 c 0.004) | plies 144 decisive 21% | buffer 200000 steps 4101 | 105.0 g/min eta 15.5h
[2325/100000] loss 2.640 (pi 2.587 v 0.047 q 0.004 c 0.004) | plies 143 decisive 23% | buffer 200000 steps 4146 | 105.2 g/min eta 15.5h
[2350/100000] loss 2.627 (pi 2.575 v 0.046 q 0.004 c 0.004) | plies 141 decisive 24% | buffer 200000 steps 4193 | 105.0 g/min eta 15.5h
[2375/100000] loss 2.624 (pi 2.571 v 0.047 q 0.004 c 0.004) | plies 137 decisive 28% | buffer 200000 steps 4238 | 104.9 g/min eta 15.5h
[2400/100000] loss 2.617 (pi 2.564 v 0.047 q 0.004 c 0.004) | plies 135 decisive 30% | buffer 200000 steps 4287 | 104.8 g/min eta 15.5h
[2425/100000] loss 2.607 (pi 2.554 v 0.047 q 0.004 c 0.004) | plies 136 decisive 30% | buffer 200000 steps 4337 | 104.8 g/min eta 15.5h
[2450/100000] loss 2.591 (pi 2.538 v 0.047 q 0.004 c 0.004) | plies 134 decisive 34% | buffer 200000 steps 4387 | 104.9 g/min eta 15.5h
[2475/100000] loss 2.575 (pi 2.523 v 0.046 q 0.004 c 0.004) | plies 133 decisive 35% | buffer 200000 steps 4435 | 105.0 g/min eta 15.5h
[2500/100000] loss 2.564 (pi 2.512 v 0.046 q 0.004 c 0.004) | plies 134 decisive 34% | buffer 200000 steps 4487 | 104.9 g/min eta 15.5h
[2525/100000] loss 2.546 (pi 2.496 v 0.045 q 0.004 c 0.004) | plies 135 decisive 32% | buffer 200000 steps 4538 | 105.2 g/min eta 15.4h
[2550/100000] loss 2.534 (pi 2.484 v 0.045 q 0.004 c 0.004) | plies 135 decisive 34% | buffer 200000 steps 4591 | 105.1 g/min eta 15.5h
[2575/100000] loss 2.520 (pi 2.468 v 0.045 q 0.004 c 0.004) | plies 137 decisive 32% | buffer 200000 steps 4640 | 105.1 g/min eta 15.4h
[2600/100000] loss 2.511 (pi 2.461 v 0.045 q 0.004 c 0.004) | plies 138 decisive 30% | buffer 200000 steps 4691 | 105.3 g/min eta 15.4h
[2625/100000] loss 2.496 (pi 2.445 v 0.045 q 0.004 c 0.004) | plies 137 decisive 30% | buffer 200000 steps 4738 | 105.3 g/min eta 15.4h
[2650/100000] loss 2.482 (pi 2.432 v 0.044 q 0.004 c 0.004) | plies 137 decisive 29% | buffer 200000 steps 4786 | 105.1 g/min eta 15.4h
[2675/100000] loss 2.468 (pi 2.419 v 0.043 q 0.004 c 0.004) | plies 137 decisive 30% | buffer 200000 steps 4835 | 105.0 g/min eta 15.5h
[2700/100000] loss 2.456 (pi 2.408 v 0.043 q 0.004 c 0.004) | plies 136 decisive 32% | buffer 200000 steps 4885 | 104.7 g/min eta 15.5h
[2725/100000] loss 2.443 (pi 2.395 v 0.042 q 0.004 c 0.004) | plies 137 decisive 30% | buffer 200000 steps 4932 | 104.8 g/min eta 15.5h
[2750/100000] loss 2.429 (pi 2.382 v 0.042 q 0.004 c 0.004) | plies 136 decisive 29% | buffer 200000 steps 4983 | 105.0 g/min eta 15.4h
[2775/100000] loss 2.420 (pi 2.373 v 0.042 q 0.004 c 0.004) | plies 136 decisive 30% | buffer 200000 steps 5030 | 105.1 g/min eta 15.4h
[2800/100000] loss 2.408 (pi 2.361 v 0.042 q 0.004 c 0.004) | plies 135 decisive 31% | buffer 200000 steps 5081 | 105.3 g/min eta 15.4h
[2825/100000] loss 2.397 (pi 2.350 v 0.041 q 0.003 c 0.004) | plies 137 decisive 30% | buffer 200000 steps 5133 | 105.4 g/min eta 15.4h
[2850/100000] loss 2.387 (pi 2.341 v 0.041 q 0.003 c 0.004) | plies 136 decisive 30% | buffer 200000 steps 5183 | 105.2 g/min eta 15.4h
[2875/100000] loss 2.375 (pi 2.329 v 0.041 q 0.004 c 0.004) | plies 135 decisive 32% | buffer 200000 steps 5229 | 105.3 g/min eta 15.4h
[2900/100000] loss 2.364 (pi 2.318 v 0.040 q 0.004 c 0.004) | plies 135 decisive 33% | buffer 200000 steps 5284 | 105.2 g/min eta 15.4h
[2925/100000] loss 2.357 (pi 2.312 v 0.040 q 0.003 c 0.004) | plies 136 decisive 32% | buffer 200000 steps 5333 | 105.1 g/min eta 15.4h
[2950/100000] loss 2.347 (pi 2.302 v 0.040 q 0.003 c 0.003) | plies 134 decisive 36% | buffer 200000 steps 5384 | 105.1 g/min eta 15.4h
[2975/100000] loss 2.338 (pi 2.293 v 0.040 q 0.004 c 0.004) | plies 133 decisive 38% | buffer 200000 steps 5434 | 105.2 g/min eta 15.4h
[3000/100000] loss 2.336 (pi 2.290 v 0.040 q 0.003 c 0.004) | plies 135 decisive 38% | buffer 200000 steps 5484 | 104.8 g/min eta 15.4h
  EVAL @3000: q-greedy 2-22-0 | policy-greedy 0-24-0 | search 8-0-0 (eval 29s)
[3025/100000] loss 2.324 (pi 2.279 v 0.040 q 0.003 c 0.004) | plies 133 decisive 38% | buffer 200000 steps 5531 | 102.8 g/min eta 15.7h
[3050/100000] loss 2.312 (pi 2.266 v 0.040 q 0.003 c 0.003) | plies 133 decisive 36% | buffer 200000 steps 5582 | 103.3 g/min eta 15.6h
[3075/100000] loss 2.306 (pi 2.261 v 0.040 q 0.003 c 0.004) | plies 136 decisive 34% | buffer 200000 steps 5632 | 103.8 g/min eta 15.6h
[3100/100000] loss 2.296 (pi 2.251 v 0.040 q 0.004 c 0.004) | plies 137 decisive 32% | buffer 200000 steps 5685 | 104.3 g/min eta 15.5h
[3125/100000] loss 2.288 (pi 2.244 v 0.039 q 0.003 c 0.004) | plies 136 decisive 34% | buffer 200000 steps 5732 | 104.4 g/min eta 15.5h
[3150/100000] loss 2.277 (pi 2.233 v 0.038 q 0.003 c 0.004) | plies 137 decisive 29% | buffer 200000 steps 5782 | 104.4 g/min eta 15.5h
[3175/100000] loss 2.264 (pi 2.221 v 0.038 q 0.003 c 0.004) | plies 139 decisive 27% | buffer 200000 steps 5835 | 104.5 g/min eta 15.4h
[3200/100000] loss 2.261 (pi 2.218 v 0.038 q 0.003 c 0.004) | plies 136 decisive 30% | buffer 200000 steps 5880 | 104.6 g/min eta 15.4h
[3225/100000] loss 2.257 (pi 2.214 v 0.038 q 0.004 c 0.004) | plies 137 decisive 30% | buffer 200000 steps 5931 | 104.6 g/min eta 15.4h
[3250/100000] loss 2.252 (pi 2.209 v 0.038 q 0.003 c 0.003) | plies 134 decisive 33% | buffer 200000 steps 5975 | 104.8 g/min eta 15.4h
[3275/100000] loss 2.245 (pi 2.201 v 0.039 q 0.003 c 0.003) | plies 132 decisive 34% | buffer 200000 steps 6024 | 104.8 g/min eta 15.4h
[3300/100000] loss 2.249 (pi 2.206 v 0.038 q 0.003 c 0.004) | plies 131 decisive 34% | buffer 200000 steps 6073 | 104.5 g/min eta 15.4h
[3325/100000] loss 2.245 (pi 2.201 v 0.038 q 0.003 c 0.003) | plies 130 decisive 38% | buffer 200000 steps 6125 | 104.5 g/min eta 15.4h
[3350/100000] loss 2.234 (pi 2.190 v 0.039 q 0.003 c 0.003) | plies 132 decisive 38% | buffer 200000 steps 6178 | 104.5 g/min eta 15.4h
[3375/100000] loss 2.226 (pi 2.181 v 0.039 q 0.003 c 0.003) | plies 131 decisive 38% | buffer 200000 steps 6225 | 104.4 g/min eta 15.4h
[3400/100000] loss 2.216 (pi 2.172 v 0.039 q 0.003 c 0.003) | plies 134 decisive 34% | buffer 200000 steps 6275 | 104.4 g/min eta 15.4h
[3425/100000] loss 2.210 (pi 2.167 v 0.039 q 0.003 c 0.003) | plies 134 decisive 36% | buffer 200000 steps 6327 | 104.4 g/min eta 15.4h
[3450/100000] loss 2.209 (pi 2.165 v 0.039 q 0.003 c 0.003) | plies 135 decisive 38% | buffer 200000 steps 6375 | 104.5 g/min eta 15.4h
[3475/100000] loss 2.213 (pi 2.168 v 0.039 q 0.004 c 0.004) | plies 136 decisive 37% | buffer 200000 steps 6427 | 104.5 g/min eta 15.4h
[3500/100000] loss 2.200 (pi 2.156 v 0.039 q 0.003 c 0.004) | plies 136 decisive 37% | buffer 200000 steps 6478 | 104.7 g/min eta 15.4h
[3525/100000] loss 2.196 (pi 2.152 v 0.038 q 0.003 c 0.004) | plies 139 decisive 32% | buffer 200000 steps 6526 | 104.5 g/min eta 15.4h
[3550/100000] loss 2.195 (pi 2.150 v 0.039 q 0.003 c 0.004) | plies 136 decisive 34% | buffer 200000 steps 6575 | 104.6 g/min eta 15.4h
[3575/100000] loss 2.194 (pi 2.149 v 0.040 q 0.004 c 0.004) | plies 136 decisive 34% | buffer 200000 steps 6621 | 104.6 g/min eta 15.4h
[3600/100000] loss 2.188 (pi 2.144 v 0.039 q 0.004 c 0.004) | plies 135 decisive 36% | buffer 200000 steps 6673 | 104.8 g/min eta 15.3h
[3625/100000] loss 2.183 (pi 2.139 v 0.039 q 0.004 c 0.004) | plies 135 decisive 34% | buffer 200000 steps 6720 | 104.6 g/min eta 15.4h
[3650/100000] loss 2.176 (pi 2.132 v 0.039 q 0.004 c 0.004) | plies 136 decisive 32% | buffer 200000 steps 6771 | 104.5 g/min eta 15.4h
[3675/100000] loss 2.173 (pi 2.127 v 0.040 q 0.004 c 0.004) | plies 137 decisive 32% | buffer 200000 steps 6823 | 104.4 g/min eta 15.4h
[3700/100000] loss 2.167 (pi 2.121 v 0.041 q 0.004 c 0.004) | plies 136 decisive 32% | buffer 200000 steps 6874 | 104.3 g/min eta 15.4h
[3725/100000] loss 2.159 (pi 2.113 v 0.041 q 0.004 c 0.004) | plies 135 decisive 36% | buffer 200000 steps 6926 | 104.4 g/min eta 15.4h
[3750/100000] loss 2.158 (pi 2.111 v 0.040 q 0.004 c 0.004) | plies 137 decisive 34% | buffer 200000 steps 6975 | 104.4 g/min eta 15.4h
[3775/100000] loss 2.160 (pi 2.115 v 0.040 q 0.004 c 0.004) | plies 136 decisive 36% | buffer 200000 steps 7022 | 104.6 g/min eta 15.3h
[3800/100000] loss 2.157 (pi 2.111 v 0.040 q 0.004 c 0.004) | plies 135 decisive 35% | buffer 200000 steps 7071 | 104.7 g/min eta 15.3h
[3825/100000] loss 2.147 (pi 2.101 v 0.040 q 0.004 c 0.004) | plies 137 decisive 34% | buffer 200000 steps 7122 | 104.5 g/min eta 15.3h
[3850/100000] loss 2.143 (pi 2.097 v 0.040 q 0.004 c 0.004) | plies 138 decisive 33% | buffer 200000 steps 7172 | 104.5 g/min eta 15.3h
[3875/100000] loss 2.139 (pi 2.092 v 0.041 q 0.004 c 0.004) | plies 136 decisive 35% | buffer 200000 steps 7223 | 104.5 g/min eta 15.3h
[3900/100000] loss 2.137 (pi 2.090 v 0.041 q 0.004 c 0.004) | plies 137 decisive 35% | buffer 200000 steps 7274 | 104.7 g/min eta 15.3h
[3925/100000] loss 2.138 (pi 2.092 v 0.041 q 0.004 c 0.004) | plies 135 decisive 34% | buffer 200000 steps 7322 | 104.7 g/min eta 15.3h
[3950/100000] loss 2.141 (pi 2.094 v 0.042 q 0.004 c 0.004) | plies 132 decisive 39% | buffer 200000 steps 7370 | 104.5 g/min eta 15.3h
[3975/100000] loss 2.143 (pi 2.095 v 0.042 q 0.004 c 0.004) | plies 132 decisive 38% | buffer 200000 steps 7418 | 104.7 g/min eta 15.3h
[4000/100000] loss 2.143 (pi 2.095 v 0.042 q 0.004 c 0.004) | plies 131 decisive 40% | buffer 200000 steps 7466 | 104.7 g/min eta 15.3h
  EVAL @4000: q-greedy 3-21-0 | policy-greedy 0-24-0 | search 5-3-0 (eval 35s)
[4025/100000] loss 2.141 (pi 2.094 v 0.042 q 0.004 c 0.004) | plies 130 decisive 41% | buffer 200000 steps 7516 | 103.0 g/min eta 15.5h
[4050/100000] loss 2.141 (pi 2.093 v 0.042 q 0.004 c 0.004) | plies 129 decisive 42% | buffer 200000 steps 7568 | 103.4 g/min eta 15.5h
[4075/100000] loss 2.138 (pi 2.091 v 0.042 q 0.004 c 0.004) | plies 128 decisive 42% | buffer 200000 steps 7615 | 103.8 g/min eta 15.4h
[4100/100000] loss 2.139 (pi 2.091 v 0.043 q 0.004 c 0.004) | plies 127 decisive 42% | buffer 200000 steps 7660 | 104.2 g/min eta 15.3h
[4125/100000] loss 2.137 (pi 2.088 v 0.043 q 0.004 c 0.004) | plies 127 decisive 42% | buffer 200000 steps 7708 | 104.2 g/min eta 15.3h
[4150/100000] loss 2.134 (pi 2.085 v 0.043 q 0.004 c 0.004) | plies 130 decisive 40% | buffer 200000 steps 7760 | 104.3 g/min eta 15.3h
[4175/100000] loss 2.125 (pi 2.076 v 0.043 q 0.004 c 0.004) | plies 132 decisive 38% | buffer 200000 steps 7808 | 104.1 g/min eta 15.3h
[4200/100000] loss 2.121 (pi 2.071 v 0.044 q 0.004 c 0.004) | plies 133 decisive 36% | buffer 200000 steps 7859 | 104.2 g/min eta 15.3h
[4225/100000] loss 2.120 (pi 2.070 v 0.044 q 0.004 c 0.004) | plies 135 decisive 35% | buffer 200000 steps 7910 | 104.3 g/min eta 15.3h
[4250/100000] loss 2.119 (pi 2.069 v 0.044 q 0.004 c 0.004) | plies 133 decisive 38% | buffer 200000 steps 7957 | 104.1 g/min eta 15.3h
[4275/100000] loss 2.114 (pi 2.064 v 0.043 q 0.004 c 0.004) | plies 134 decisive 38% | buffer 200000 steps 8005 | 104.2 g/min eta 15.3h
[4300/100000] loss 2.112 (pi 2.062 v 0.044 q 0.004 c 0.004) | plies 136 decisive 37% | buffer 200000 steps 8059 | 104.2 g/min eta 15.3h
[4325/100000] loss 2.103 (pi 2.052 v 0.044 q 0.004 c 0.004) | plies 138 decisive 35% | buffer 200000 steps 8111 | 104.2 g/min eta 15.3h
[4350/100000] loss 2.099 (pi 2.048 v 0.045 q 0.004 c 0.005) | plies 137 decisive 36% | buffer 200000 steps 8161 | 104.4 g/min eta 15.3h
[4375/100000] loss 2.091 (pi 2.040 v 0.045 q 0.004 c 0.004) | plies 135 decisive 37% | buffer 200000 steps 8209 | 104.3 g/min eta 15.3h
[4400/100000] loss 2.095 (pi 2.045 v 0.044 q 0.004 c 0.004) | plies 135 decisive 38% | buffer 200000 steps 8255 | 104.4 g/min eta 15.3h
[4425/100000] loss 2.097 (pi 2.047 v 0.044 q 0.004 c 0.004) | plies 135 decisive 38% | buffer 200000 steps 8306 | 104.3 g/min eta 15.3h
[4450/100000] loss 2.090 (pi 2.040 v 0.044 q 0.004 c 0.004) | plies 137 decisive 34% | buffer 200000 steps 8356 | 104.2 g/min eta 15.3h
[4475/100000] loss 2.087 (pi 2.037 v 0.044 q 0.004 c 0.004) | plies 135 decisive 36% | buffer 200000 steps 8402 | 104.0 g/min eta 15.3h
[4500/100000] loss 2.093 (pi 2.042 v 0.045 q 0.004 c 0.004) | plies 134 decisive 38% | buffer 200000 steps 8455 | 104.2 g/min eta 15.3h
[4525/100000] loss 2.092 (pi 2.041 v 0.045 q 0.004 c 0.004) | plies 133 decisive 40% | buffer 200000 steps 8505 | 104.3 g/min eta 15.3h
[4550/100000] loss 2.094 (pi 2.042 v 0.046 q 0.004 c 0.004) | plies 133 decisive 40% | buffer 200000 steps 8554 | 104.2 g/min eta 15.3h
[4575/100000] loss 2.086 (pi 2.034 v 0.046 q 0.004 c 0.004) | plies 133 decisive 40% | buffer 200000 steps 8600 | 104.4 g/min eta 15.2h
[4600/100000] loss 2.083 (pi 2.032 v 0.046 q 0.004 c 0.004) | plies 134 decisive 40% | buffer 200000 steps 8650 | 104.4 g/min eta 15.2h
[4625/100000] loss 2.081 (pi 2.029 v 0.046 q 0.004 c 0.004) | plies 133 decisive 43% | buffer 200000 steps 8701 | 104.3 g/min eta 15.2h
[4650/100000] loss 2.081 (pi 2.028 v 0.046 q 0.004 c 0.004) | plies 132 decisive 44% | buffer 200000 steps 8752 | 104.4 g/min eta 15.2h
[4675/100000] loss 2.073 (pi 2.020 v 0.047 q 0.004 c 0.004) | plies 134 decisive 40% | buffer 200000 steps 8802 | 104.4 g/min eta 15.2h
[4700/100000] loss 2.073 (pi 2.021 v 0.046 q 0.004 c 0.004) | plies 134 decisive 40% | buffer 200000 steps 8856 | 104.5 g/min eta 15.2h
[4725/100000] loss 2.078 (pi 2.026 v 0.046 q 0.004 c 0.004) | plies 133 decisive 41% | buffer 200000 steps 8908 | 104.6 g/min eta 15.2h
[4750/100000] loss 2.073 (pi 2.021 v 0.046 q 0.004 c 0.004) | plies 133 decisive 42% | buffer 200000 steps 8955 | 104.3 g/min eta 15.2h
[4775/100000] loss 2.073 (pi 2.021 v 0.046 q 0.004 c 0.004) | plies 133 decisive 42% | buffer 200000 steps 9002 | 104.3 g/min eta 15.2h
[4800/100000] loss 2.066 (pi 2.014 v 0.047 q 0.004 c 0.004) | plies 133 decisive 42% | buffer 200000 steps 9054 | 104.4 g/min eta 15.2h
[4825/100000] loss 2.067 (pi 2.014 v 0.047 q 0.004 c 0.004) | plies 132 decisive 40% | buffer 200000 steps 9101 | 104.5 g/min eta 15.2h
[4850/100000] loss 2.069 (pi 2.017 v 0.047 q 0.004 c 0.004) | plies 131 decisive 40% | buffer 200000 steps 9147 | 104.6 g/min eta 15.2h
[4875/100000] loss 2.067 (pi 2.014 v 0.047 q 0.004 c 0.004) | plies 131 decisive 40% | buffer 200000 steps 9196 | 104.5 g/min eta 15.2h
[4900/100000] loss 2.068 (pi 2.015 v 0.046 q 0.004 c 0.004) | plies 132 decisive 39% | buffer 200000 steps 9247 | 104.4 g/min eta 15.2h
[4925/100000] loss 2.066 (pi 2.013 v 0.047 q 0.004 c 0.004) | plies 132 decisive 38% | buffer 200000 steps 9299 | 104.3 g/min eta 15.2h
[4950/100000] loss 2.061 (pi 2.008 v 0.047 q 0.004 c 0.004) | plies 132 decisive 37% | buffer 200000 steps 9348 | 104.5 g/min eta 15.2h
[4975/100000] loss 2.065 (pi 2.011 v 0.047 q 0.004 c 0.004) | plies 133 decisive 36% | buffer 200000 steps 9395 | 104.6 g/min eta 15.1h
[5000/100000] loss 2.063 (pi 2.010 v 0.048 q 0.004 c 0.004) | plies 132 decisive 36% | buffer 200000 steps 9444 | 104.7 g/min eta 15.1h
  EVAL @5000: q-greedy 5-18-1 | policy-greedy 1-22-1 | search 8-0-0 (eval 26s)
[5025/100000] loss 2.066 (pi 2.012 v 0.048 q 0.004 c 0.004) | plies 136 decisive 34% | buffer 200000 steps 9494 | 103.7 g/min eta 15.3h
[5050/100000] loss 2.069 (pi 2.015 v 0.048 q 0.004 c 0.004) | plies 135 decisive 36% | buffer 200000 steps 9540 | 104.0 g/min eta 15.2h
[5075/100000] loss 2.063 (pi 2.009 v 0.048 q 0.004 c 0.004) | plies 135 decisive 38% | buffer 200000 steps 9589 | 104.3 g/min eta 15.2h
[5100/100000] loss 2.063 (pi 2.008 v 0.049 q 0.004 c 0.004) | plies 132 decisive 41% | buffer 200000 steps 9636 | 104.4 g/min eta 15.2h
[5125/100000] loss 2.065 (pi 2.010 v 0.049 q 0.004 c 0.004) | plies 132 decisive 40% | buffer 200000 steps 9686 | 104.5 g/min eta 15.1h
[5150/100000] loss 2.066 (pi 2.011 v 0.049 q 0.004 c 0.004) | plies 132 decisive 41% | buffer 200000 steps 9734 | 104.7 g/min eta 15.1h
[5175/100000] loss 2.059 (pi 2.004 v 0.048 q 0.004 c 0.004) | plies 132 decisive 42% | buffer 200000 steps 9785 | 104.8 g/min eta 15.1h
[5200/100000] loss 2.054 (pi 1.999 v 0.049 q 0.004 c 0.004) | plies 132 decisive 42% | buffer 200000 steps 9834 | 104.7 g/min eta 15.1h
[5225/100000] loss 2.059 (pi 2.004 v 0.049 q 0.004 c 0.004) | plies 128 decisive 46% | buffer 200000 steps 9885 | 104.7 g/min eta 15.1h
[5250/100000] loss 2.061 (pi 2.006 v 0.049 q 0.004 c 0.004) | plies 129 decisive 46% | buffer 200000 steps 9935 | 104.7 g/min eta 15.1h
[5275/100000] loss 2.056 (pi 2.000 v 0.050 q 0.004 c 0.004) | plies 130 decisive 45% | buffer 200000 steps 9985 | 104.8 g/min eta 15.1h
[5300/100000] loss 2.055 (pi 1.999 v 0.050 q 0.004 c 0.004) | plies 131 decisive 43% | buffer 200000 steps 10035 | 104.7 g/min eta 15.1h
[5325/100000] loss 2.055 (pi 1.998 v 0.051 q 0.004 c 0.004) | plies 131 decisive 43% | buffer 200000 steps 10087 | 104.6 g/min eta 15.1h
[5350/100000] loss 2.056 (pi 1.999 v 0.051 q 0.004 c 0.004) | plies 128 decisive 44% | buffer 200000 steps 10133 | 104.7 g/min eta 15.1h
[5375/100000] loss 2.060 (pi 2.003 v 0.051 q 0.004 c 0.004) | plies 128 decisive 44% | buffer 200000 steps 10177 | 104.8 g/min eta 15.1h
[5400/100000] loss 2.060 (pi 2.002 v 0.051 q 0.004 c 0.004) | plies 128 decisive 43% | buffer 200000 steps 10229 | 104.7 g/min eta 15.1h
[5425/100000] loss 2.060 (pi 2.003 v 0.051 q 0.004 c 0.004) | plies 130 decisive 40% | buffer 200000 steps 10276 | 104.8 g/min eta 15.0h
[5450/100000] loss 2.057 (pi 2.000 v 0.051 q 0.004 c 0.004) | plies 129 decisive 41% | buffer 200000 steps 10322 | 104.9 g/min eta 15.0h
[5475/100000] loss 2.059 (pi 2.002 v 0.050 q 0.004 c 0.004) | plies 130 decisive 38% | buffer 200000 steps 10372 | 105.0 g/min eta 15.0h
[5500/100000] loss 2.066 (pi 2.009 v 0.051 q 0.004 c 0.004) | plies 128 decisive 40% | buffer 200000 steps 10420 | 104.8 g/min eta 15.0h
[5525/100000] loss 2.064 (pi 2.008 v 0.050 q 0.004 c 0.004) | plies 127 decisive 40% | buffer 200000 steps 10470 | 104.8 g/min eta 15.0h
[5550/100000] loss 2.061 (pi 2.005 v 0.050 q 0.004 c 0.004) | plies 130 decisive 39% | buffer 200000 steps 10520 | 104.8 g/min eta 15.0h
[5575/100000] loss 2.057 (pi 2.000 v 0.050 q 0.004 c 0.004) | plies 130 decisive 38% | buffer 200000 steps 10569 | 104.9 g/min eta 15.0h
[5600/100000] loss 2.055 (pi 1.998 v 0.050 q 0.004 c 0.004) | plies 128 decisive 41% | buffer 200000 steps 10615 | 105.0 g/min eta 15.0h
[5625/100000] loss 2.059 (pi 2.002 v 0.051 q 0.004 c 0.004) | plies 127 decisive 42% | buffer 200000 steps 10664 | 105.0 g/min eta 15.0h
[5650/100000] loss 2.060 (pi 2.003 v 0.051 q 0.004 c 0.004) | plies 129 decisive 42% | buffer 200000 steps 10714 | 105.0 g/min eta 15.0h
[5675/100000] loss 2.065 (pi 2.008 v 0.051 q 0.004 c 0.004) | plies 128 decisive 45% | buffer 200000 steps 10767 | 105.1 g/min eta 15.0h
[5700/100000] loss 2.066 (pi 2.009 v 0.051 q 0.005 c 0.004) | plies 131 decisive 42% | buffer 200000 steps 10817 | 105.1 g/min eta 14.9h
[5725/100000] loss 2.062 (pi 2.005 v 0.051 q 0.005 c 0.004) | plies 130 decisive 44% | buffer 200000 steps 10863 | 105.0 g/min eta 15.0h
[5750/100000] loss 2.065 (pi 2.008 v 0.051 q 0.005 c 0.004) | plies 130 decisive 44% | buffer 200000 steps 10913 | 105.2 g/min eta 14.9h
[5775/100000] loss 2.071 (pi 2.014 v 0.051 q 0.005 c 0.005) | plies 130 decisive 45% | buffer 200000 steps 10962 | 105.1 g/min eta 14.9h
[5800/100000] loss 2.075 (pi 2.017 v 0.051 q 0.005 c 0.004) | plies 131 decisive 43% | buffer 200000 steps 11009 | 105.2 g/min eta 14.9h
[5825/100000] loss 2.079 (pi 2.021 v 0.051 q 0.005 c 0.004) | plies 132 decisive 42% | buffer 200000 steps 11056 | 105.1 g/min eta 14.9h
[5850/100000] loss 2.075 (pi 2.017 v 0.052 q 0.005 c 0.004) | plies 130 decisive 42% | buffer 200000 steps 11101 | 105.1 g/min eta 14.9h
[5875/100000] loss 2.079 (pi 2.021 v 0.052 q 0.005 c 0.004) | plies 130 decisive 40% | buffer 200000 steps 11152 | 105.2 g/min eta 14.9h
[5900/100000] loss 2.080 (pi 2.021 v 0.052 q 0.005 c 0.005) | plies 129 decisive 42% | buffer 200000 steps 11199 | 105.3 g/min eta 14.9h
[5925/100000] loss 2.079 (pi 2.020 v 0.052 q 0.005 c 0.005) | plies 130 decisive 42% | buffer 200000 steps 11250 | 105.4 g/min eta 14.9h
[5950/100000] loss 2.077 (pi 2.017 v 0.052 q 0.005 c 0.005) | plies 131 decisive 40% | buffer 200000 steps 11302 | 105.3 g/min eta 14.9h
[5975/100000] loss 2.073 (pi 2.014 v 0.052 q 0.005 c 0.005) | plies 131 decisive 40% | buffer 200000 steps 11349 | 105.3 g/min eta 14.9h
[6000/100000] loss 2.073 (pi 2.014 v 0.052 q 0.005 c 0.005) | plies 133 decisive 38% | buffer 200000 steps 11397 | 105.3 g/min eta 14.9h
  EVAL @6000: q-greedy 4-20-0 | policy-greedy 0-24-0 | search 6-2-0 (eval 33s)
[6025/100000] loss 2.081 (pi 2.022 v 0.052 q 0.005 c 0.005) | plies 132 decisive 39% | buffer 200000 steps 11447 | 104.1 g/min eta 15.0h
[6050/100000] loss 2.089 (pi 2.031 v 0.051 q 0.005 c 0.005) | plies 135 decisive 37% | buffer 200000 steps 11494 | 104.4 g/min eta 15.0h
[6075/100000] loss 2.078 (pi 2.020 v 0.051 q 0.005 c 0.005) | plies 134 decisive 39% | buffer 200000 steps 11545 | 104.7 g/min eta 15.0h
[6100/100000] loss 2.085 (pi 2.027 v 0.051 q 0.005 c 0.004) | plies 135 decisive 38% | buffer 200000 steps 11593 | 104.9 g/min eta 14.9h
[6125/100000] loss 2.085 (pi 2.026 v 0.051 q 0.005 c 0.004) | plies 134 decisive 40% | buffer 200000 steps 11641 | 105.0 g/min eta 14.9h
[6150/100000] loss 2.082 (pi 2.024 v 0.051 q 0.005 c 0.004) | plies 133 decisive 41% | buffer 200000 steps 11692 | 105.0 g/min eta 14.9h
[6175/100000] loss 2.083 (pi 2.025 v 0.051 q 0.005 c 0.004) | plies 133 decisive 42% | buffer 200000 steps 11741 | 105.0 g/min eta 14.9h
[6200/100000] loss 2.085 (pi 2.027 v 0.051 q 0.005 c 0.004) | plies 134 decisive 43% | buffer 200000 steps 11792 | 105.0 g/min eta 14.9h
[6225/100000] loss 2.080 (pi 2.023 v 0.051 q 0.005 c 0.004) | plies 136 decisive 40% | buffer 200000 steps 11844 | 105.0 g/min eta 14.9h
[6250/100000] loss 2.084 (pi 2.026 v 0.051 q 0.005 c 0.004) | plies 135 decisive 43% | buffer 200000 steps 11894 | 105.0 g/min eta 14.9h
[6275/100000] loss 2.083 (pi 2.024 v 0.052 q 0.005 c 0.004) | plies 136 decisive 44% | buffer 200000 steps 11949 | 105.0 g/min eta 14.9h
[6300/100000] loss 2.089 (pi 2.030 v 0.052 q 0.005 c 0.005) | plies 134 decisive 45% | buffer 200000 steps 11996 | 105.0 g/min eta 14.9h
[6325/100000] loss 2.097 (pi 2.037 v 0.053 q 0.005 c 0.004) | plies 136 decisive 43% | buffer 200000 steps 12047 | 105.0 g/min eta 14.9h
[6350/100000] loss 2.093 (pi 2.034 v 0.052 q 0.005 c 0.004) | plies 135 decisive 44% | buffer 200000 steps 12096 | 105.1 g/min eta 14.9h
[6375/100000] loss 2.092 (pi 2.032 v 0.053 q 0.005 c 0.004) | plies 134 decisive 43% | buffer 200000 steps 12141 | 105.2 g/min eta 14.8h
[6400/100000] loss 2.096 (pi 2.036 v 0.053 q 0.005 c 0.004) | plies 134 decisive 42% | buffer 200000 steps 12190 | 105.3 g/min eta 14.8h
[6425/100000] loss 2.105 (pi 2.044 v 0.054 q 0.005 c 0.004) | plies 132 decisive 44% | buffer 200000 steps 12237 | 105.4 g/min eta 14.8h
[6450/100000] loss 2.103 (pi 2.043 v 0.053 q 0.005 c 0.004) | plies 130 decisive 44% | buffer 200000 steps 12283 | 105.4 g/min eta 14.8h
[6475/100000] loss 2.097 (pi 2.036 v 0.054 q 0.005 c 0.004) | plies 129 decisive 42% | buffer 200000 steps 12330 | 105.3 g/min eta 14.8h
[6500/100000] loss 2.096 (pi 2.035 v 0.054 q 0.005 c 0.004) | plies 130 decisive 40% | buffer 200000 steps 12377 | 105.3 g/min eta 14.8h
[6525/100000] loss 2.096 (pi 2.035 v 0.053 q 0.005 c 0.004) | plies 130 decisive 40% | buffer 200000 steps 12422 | 105.3 g/min eta 14.8h
[6550/100000] loss 2.093 (pi 2.033 v 0.054 q 0.005 c 0.004) | plies 130 decisive 40% | buffer 200000 steps 12468 | 105.3 g/min eta 14.8h
[6575/100000] loss 2.096 (pi 2.036 v 0.053 q 0.005 c 0.004) | plies 131 decisive 38% | buffer 200000 steps 12517 | 105.3 g/min eta 14.8h
[6600/100000] loss 2.097 (pi 2.037 v 0.053 q 0.005 c 0.004) | plies 130 decisive 40% | buffer 200000 steps 12571 | 105.2 g/min eta 14.8h
[6625/100000] loss 2.095 (pi 2.035 v 0.053 q 0.005 c 0.004) | plies 130 decisive 41% | buffer 200000 steps 12621 | 105.3 g/min eta 14.8h
[6650/100000] loss 2.098 (pi 2.038 v 0.053 q 0.005 c 0.004) | plies 129 decisive 42% | buffer 200000 steps 12669 | 105.4 g/min eta 14.8h
[6675/100000] loss 2.093 (pi 2.033 v 0.053 q 0.005 c 0.004) | plies 128 decisive 44% | buffer 200000 steps 12717 | 105.5 g/min eta 14.7h
[6700/100000] loss 2.092 (pi 2.032 v 0.053 q 0.005 c 0.004) | plies 129 decisive 43% | buffer 200000 steps 12764 | 105.5 g/min eta 14.7h
[6725/100000] loss 2.093 (pi 2.033 v 0.053 q 0.005 c 0.004) | plies 127 decisive 44% | buffer 200000 steps 12812 | 105.5 g/min eta 14.7h
[6750/100000] loss 2.096 (pi 2.037 v 0.052 q 0.005 c 0.004) | plies 129 decisive 44% | buffer 200000 steps 12865 | 105.6 g/min eta 14.7h
[6775/100000] loss 2.092 (pi 2.033 v 0.052 q 0.005 c 0.004) | plies 124 decisive 48% | buffer 200000 steps 12910 | 105.6 g/min eta 14.7h
[6800/100000] loss 2.096 (pi 2.037 v 0.052 q 0.005 c 0.004) | plies 125 decisive 48% | buffer 200000 steps 12963 | 105.6 g/min eta 14.7h
[6825/100000] loss 2.099 (pi 2.039 v 0.052 q 0.005 c 0.004) | plies 125 decisive 48% | buffer 200000 steps 13013 | 105.5 g/min eta 14.7h
[6850/100000] loss 2.093 (pi 2.033 v 0.053 q 0.005 c 0.004) | plies 126 decisive 48% | buffer 200000 steps 13065 | 105.6 g/min eta 14.7h
[6875/100000] loss 2.093 (pi 2.033 v 0.053 q 0.005 c 0.004) | plies 126 decisive 48% | buffer 200000 steps 13115 | 105.6 g/min eta 14.7h
[6900/100000] loss 2.096 (pi 2.036 v 0.053 q 0.005 c 0.004) | plies 125 decisive 51% | buffer 200000 steps 13161 | 105.5 g/min eta 14.7h
[6925/100000] loss 2.101 (pi 2.040 v 0.054 q 0.005 c 0.004) | plies 125 decisive 51% | buffer 200000 steps 13207 | 105.6 g/min eta 14.7h
[6950/100000] loss 2.101 (pi 2.039 v 0.055 q 0.005 c 0.004) | plies 123 decisive 52% | buffer 200000 steps 13251 | 105.6 g/min eta 14.7h
[6975/100000] loss 2.106 (pi 2.044 v 0.055 q 0.005 c 0.004) | plies 127 decisive 48% | buffer 200000 steps 13300 | 105.8 g/min eta 14.7h
[7000/100000] loss 2.105 (pi 2.042 v 0.056 q 0.005 c 0.004) | plies 127 decisive 46% | buffer 200000 steps 13348 | 105.8 g/min eta 14.6h
  EVAL @7000: q-greedy 7-17-0 | policy-greedy 1-23-0 | search 8-0-0 (eval 25s)
[7025/100000] loss 2.105 (pi 2.042 v 0.055 q 0.005 c 0.004) | plies 128 decisive 44% | buffer 200000 steps 13402 | 105.1 g/min eta 14.7h
[7050/100000] loss 2.107 (pi 2.045 v 0.056 q 0.005 c 0.004) | plies 129 decisive 44% | buffer 200000 steps 13452 | 105.3 g/min eta 14.7h
[7075/100000] loss 2.106 (pi 2.044 v 0.055 q 0.005 c 0.004) | plies 130 decisive 42% | buffer 200000 steps 13499 | 105.6 g/min eta 14.7h
[7100/100000] loss 2.109 (pi 2.047 v 0.055 q 0.005 c 0.004) | plies 128 decisive 43% | buffer 200000 steps 13542 | 105.8 g/min eta 14.6h
[7125/100000] loss 2.105 (pi 2.043 v 0.055 q 0.005 c 0.004) | plies 126 decisive 45% | buffer 200000 steps 13586 | 105.9 g/min eta 14.6h
[7150/100000] loss 2.112 (pi 2.048 v 0.056 q 0.006 c 0.004) | plies 127 decisive 46% | buffer 200000 steps 13633 | 105.8 g/min eta 14.6h
[7175/100000] loss 2.105 (pi 2.042 v 0.055 q 0.005 c 0.004) | plies 127 decisive 46% | buffer 200000 steps 13679 | 105.9 g/min eta 14.6h
[7200/100000] loss 2.104 (pi 2.041 v 0.056 q 0.005 c 0.004) | plies 125 decisive 48% | buffer 200000 steps 13724 | 105.8 g/min eta 14.6h
[7225/100000] loss 2.104 (pi 2.041 v 0.056 q 0.005 c 0.005) | plies 124 decisive 48% | buffer 200000 steps 13771 | 105.8 g/min eta 14.6h
[7250/100000] loss 2.103 (pi 2.039 v 0.056 q 0.005 c 0.005) | plies 124 decisive 48% | buffer 200000 steps 13821 | 105.8 g/min eta 14.6h
[7275/100000] loss 2.102 (pi 2.040 v 0.055 q 0.005 c 0.004) | plies 125 decisive 47% | buffer 200000 steps 13870 | 105.9 g/min eta 14.6h
[7300/100000] loss 2.105 (pi 2.041 v 0.056 q 0.005 c 0.004) | plies 128 decisive 44% | buffer 200000 steps 13923 | 106.0 g/min eta 14.6h
[7325/100000] loss 2.103 (pi 2.039 v 0.056 q 0.005 c 0.004) | plies 131 decisive 42% | buffer 200000 steps 13972 | 106.0 g/min eta 14.6h
[7350/100000] loss 2.103 (pi 2.039 v 0.056 q 0.005 c 0.004) | plies 131 decisive 43% | buffer 200000 steps 14019 | 106.0 g/min eta 14.6h
[7375/100000] loss 2.110 (pi 2.047 v 0.056 q 0.005 c 0.004) | plies 131 decisive 41% | buffer 200000 steps 14068 | 105.9 g/min eta 14.6h
[7400/100000] loss 2.108 (pi 2.045 v 0.055 q 0.005 c 0.004) | plies 134 decisive 39% | buffer 200000 steps 14118 | 106.0 g/min eta 14.6h
[7425/100000] loss 2.100 (pi 2.038 v 0.055 q 0.005 c 0.004) | plies 134 decisive 38% | buffer 200000 steps 14169 | 106.0 g/min eta 14.6h
[7450/100000] loss 2.103 (pi 2.041 v 0.054 q 0.005 c 0.004) | plies 134 decisive 39% | buffer 200000 steps 14215 | 106.1 g/min eta 14.5h
[7475/100000] loss 2.105 (pi 2.042 v 0.055 q 0.005 c 0.004) | plies 132 decisive 41% | buffer 200000 steps 14263 | 106.0 g/min eta 14.5h
[7500/100000] loss 2.104 (pi 2.041 v 0.056 q 0.005 c 0.004) | plies 130 decisive 40% | buffer 200000 steps 14310 | 106.1 g/min eta 14.5h
[7525/100000] loss 2.104 (pi 2.041 v 0.056 q 0.006 c 0.005) | plies 130 decisive 40% | buffer 200000 steps 14359 | 106.1 g/min eta 14.5h
[7550/100000] loss 2.102 (pi 2.038 v 0.055 q 0.006 c 0.005) | plies 131 decisive 38% | buffer 200000 steps 14407 | 106.0 g/min eta 14.5h
[7575/100000] loss 2.101 (pi 2.038 v 0.055 q 0.006 c 0.005) | plies 129 decisive 39% | buffer 200000 steps 14453 | 106.1 g/min eta 14.5h
[7600/100000] loss 2.103 (pi 2.040 v 0.055 q 0.005 c 0.005) | plies 130 decisive 41% | buffer 200000 steps 14506 | 106.2 g/min eta 14.5h
[7625/100000] loss 2.105 (pi 2.041 v 0.056 q 0.006 c 0.006) | plies 128 decisive 42% | buffer 200000 steps 14550 | 106.2 g/min eta 14.5h
[7650/100000] loss 2.098 (pi 2.035 v 0.055 q 0.006 c 0.005) | plies 129 decisive 41% | buffer 200000 steps 14600 | 106.2 g/min eta 14.5h
[7675/100000] loss 2.102 (pi 2.039 v 0.055 q 0.006 c 0.005) | plies 128 decisive 42% | buffer 200000 steps 14648 | 106.3 g/min eta 14.5h
[7700/100000] loss 2.098 (pi 2.036 v 0.055 q 0.005 c 0.004) | plies 128 decisive 42% | buffer 200000 steps 14696 | 106.3 g/min eta 14.5h
[7725/100000] loss 2.096 (pi 2.034 v 0.055 q 0.005 c 0.004) | plies 129 decisive 40% | buffer 200000 steps 14745 | 106.2 g/min eta 14.5h
[7750/100000] loss 2.093 (pi 2.031 v 0.054 q 0.005 c 0.004) | plies 128 decisive 41% | buffer 200000 steps 14793 | 106.2 g/min eta 14.5h
[7775/100000] loss 2.097 (pi 2.035 v 0.054 q 0.006 c 0.004) | plies 129 decisive 42% | buffer 200000 steps 14845 | 106.4 g/min eta 14.4h
[7800/100000] loss 2.097 (pi 2.036 v 0.054 q 0.006 c 0.004) | plies 126 decisive 44% | buffer 200000 steps 14893 | 106.4 g/min eta 14.4h
[7825/100000] loss 2.098 (pi 2.036 v 0.054 q 0.006 c 0.004) | plies 125 decisive 46% | buffer 200000 steps 14937 | 106.3 g/min eta 14.4h
[7850/100000] loss 2.094 (pi 2.032 v 0.054 q 0.006 c 0.004) | plies 124 decisive 46% | buffer 200000 steps 14984 | 106.4 g/min eta 14.4h
[7875/100000] loss 2.090 (pi 2.028 v 0.054 q 0.006 c 0.004) | plies 125 decisive 46% | buffer 200000 steps 15034 | 106.3 g/min eta 14.5h
[7900/100000] loss 2.089 (pi 2.028 v 0.054 q 0.006 c 0.004) | plies 125 decisive 48% | buffer 200000 steps 15082 | 106.4 g/min eta 14.4h
[7925/100000] loss 2.088 (pi 2.025 v 0.054 q 0.006 c 0.004) | plies 125 decisive 50% | buffer 200000 steps 15133 | 106.4 g/min eta 14.4h
[7950/100000] loss 2.089 (pi 2.027 v 0.054 q 0.006 c 0.004) | plies 123 decisive 54% | buffer 200000 steps 15180 | 106.4 g/min eta 14.4h
[7975/100000] loss 2.089 (pi 2.026 v 0.055 q 0.006 c 0.004) | plies 124 decisive 54% | buffer 200000 steps 15230 | 106.5 g/min eta 14.4h
[8000/100000] loss 2.089 (pi 2.026 v 0.056 q 0.006 c 0.004) | plies 127 decisive 50% | buffer 200000 steps 15280 | 106.5 g/min eta 14.4h
  EVAL @8000: q-greedy 3-21-0 | policy-greedy 3-21-0 | search 8-0-0 (eval 28s)
[8025/100000] loss 2.088 (pi 2.024 v 0.056 q 0.006 c 0.004) | plies 129 decisive 50% | buffer 200000 steps 15333 | 105.8 g/min eta 14.5h
[8050/100000] loss 2.084 (pi 2.020 v 0.056 q 0.006 c 0.005) | plies 129 decisive 50% | buffer 200000 steps 15381 | 106.0 g/min eta 14.5h
[8075/100000] loss 2.087 (pi 2.022 v 0.056 q 0.006 c 0.004) | plies 131 decisive 46% | buffer 200000 steps 15430 | 106.2 g/min eta 14.4h
[8100/100000] loss 2.092 (pi 2.028 v 0.056 q 0.006 c 0.004) | plies 133 decisive 42% | buffer 200000 steps 15482 | 106.4 g/min eta 14.4h
[8125/100000] loss 2.091 (pi 2.027 v 0.056 q 0.006 c 0.004) | plies 132 decisive 42% | buffer 200000 steps 15527 | 106.4 g/min eta 14.4h
[8150/100000] loss 2.090 (pi 2.027 v 0.056 q 0.006 c 0.005) | plies 132 decisive 40% | buffer 200000 steps 15572 | 106.4 g/min eta 14.4h
[8175/100000] loss 2.092 (pi 2.029 v 0.055 q 0.006 c 0.005) | plies 130 decisive 42% | buffer 200000 steps 15624 | 106.3 g/min eta 14.4h
[8200/100000] loss 2.094 (pi 2.031 v 0.055 q 0.006 c 0.005) | plies 131 decisive 42% | buffer 200000 steps 15677 | 106.4 g/min eta 14.4h
[8225/100000] loss 2.089 (pi 2.025 v 0.055 q 0.006 c 0.005) | plies 129 decisive 41% | buffer 200000 steps 15726 | 106.5 g/min eta 14.4h
[8250/100000] loss 2.091 (pi 2.027 v 0.055 q 0.006 c 0.005) | plies 131 decisive 38% | buffer 200000 steps 15775 | 106.5 g/min eta 14.4h
[8275/100000] loss 2.088 (pi 2.025 v 0.055 q 0.006 c 0.005) | plies 131 decisive 40% | buffer 200000 steps 15825 | 106.5 g/min eta 14.4h
[8300/100000] loss 2.082 (pi 2.018 v 0.055 q 0.006 c 0.005) | plies 130 decisive 42% | buffer 200000 steps 15876 | 106.5 g/min eta 14.3h
[8325/100000] loss 2.081 (pi 2.017 v 0.055 q 0.006 c 0.005) | plies 131 decisive 42% | buffer 200000 steps 15928 | 106.5 g/min eta 14.3h
[8350/100000] loss 2.080 (pi 2.017 v 0.054 q 0.006 c 0.005) | plies 132 decisive 42% | buffer 200000 steps 15976 | 106.5 g/min eta 14.3h
[8375/100000] loss 2.075 (pi 2.014 v 0.054 q 0.006 c 0.005) | plies 131 decisive 44% | buffer 200000 steps 16021 | 106.4 g/min eta 14.3h
[8400/100000] loss 2.073 (pi 2.011 v 0.053 q 0.006 c 0.005) | plies 130 decisive 44% | buffer 200000 steps 16071 | 106.5 g/min eta 14.3h
[8425/100000] loss 2.077 (pi 2.015 v 0.053 q 0.006 c 0.005) | plies 129 decisive 44% | buffer 200000 steps 16118 | 106.6 g/min eta 14.3h
[8450/100000] loss 2.075 (pi 2.013 v 0.054 q 0.006 c 0.005) | plies 127 decisive 47% | buffer 200000 steps 16166 | 106.6 g/min eta 14.3h
[8475/100000] loss 2.076 (pi 2.013 v 0.054 q 0.006 c 0.005) | plies 127 decisive 48% | buffer 200000 steps 16219 | 106.5 g/min eta 14.3h
[8500/100000] loss 2.075 (pi 2.013 v 0.054 q 0.006 c 0.004) | plies 127 decisive 46% | buffer 200000 steps 16268 | 106.5 g/min eta 14.3h
[8525/100000] loss 2.080 (pi 2.018 v 0.054 q 0.006 c 0.004) | plies 128 decisive 44% | buffer 200000 steps 16320 | 106.6 g/min eta 14.3h
[8550/100000] loss 2.076 (pi 2.014 v 0.054 q 0.006 c 0.005) | plies 128 decisive 44% | buffer 200000 steps 16364 | 106.6 g/min eta 14.3h
[8575/100000] loss 2.072 (pi 2.009 v 0.054 q 0.006 c 0.005) | plies 131 decisive 42% | buffer 200000 steps 16416 | 106.6 g/min eta 14.3h
[8600/100000] loss 2.073 (pi 2.010 v 0.054 q 0.006 c 0.005) | plies 129 decisive 45% | buffer 200000 steps 16468 | 106.7 g/min eta 14.3h
[8625/100000] loss 2.073 (pi 2.010 v 0.055 q 0.006 c 0.005) | plies 130 decisive 45% | buffer 200000 steps 16519 | 106.6 g/min eta 14.3h
[8650/100000] loss 2.073 (pi 2.010 v 0.055 q 0.006 c 0.004) | plies 131 decisive 46% | buffer 200000 steps 16570 | 106.7 g/min eta 14.3h
[8675/100000] loss 2.069 (pi 2.005 v 0.055 q 0.006 c 0.004) | plies 131 decisive 44% | buffer 200000 steps 16620 | 106.6 g/min eta 14.3h
[8700/100000] loss 2.073 (pi 2.010 v 0.055 q 0.006 c 0.005) | plies 130 decisive 46% | buffer 200000 steps 16670 | 106.6 g/min eta 14.3h
[8725/100000] loss 2.072 (pi 2.009 v 0.054 q 0.006 c 0.005) | plies 128 decisive 49% | buffer 200000 steps 16720 | 106.6 g/min eta 14.3h
[8750/100000] loss 2.074 (pi 2.010 v 0.055 q 0.006 c 0.005) | plies 129 decisive 49% | buffer 200000 steps 16770 | 106.6 g/min eta 14.3h
[8775/100000] loss 2.073 (pi 2.010 v 0.055 q 0.006 c 0.005) | plies 128 decisive 50% | buffer 200000 steps 16825 | 106.7 g/min eta 14.3h
[8800/100000] loss 2.071 (pi 2.007 v 0.056 q 0.006 c 0.005) | plies 128 decisive 52% | buffer 200000 steps 16875 | 106.6 g/min eta 14.3h
[8825/100000] loss 2.071 (pi 2.007 v 0.056 q 0.006 c 0.005) | plies 128 decisive 52% | buffer 200000 steps 16920 | 106.7 g/min eta 14.2h
[8850/100000] loss 2.065 (pi 2.000 v 0.057 q 0.006 c 0.005) | plies 129 decisive 50% | buffer 200000 steps 16967 | 106.7 g/min eta 14.2h
[8875/100000] loss 2.064 (pi 1.999 v 0.057 q 0.006 c 0.005) | plies 126 decisive 52% | buffer 200000 steps 17013 | 106.8 g/min eta 14.2h
[8900/100000] loss 2.066 (pi 2.000 v 0.057 q 0.006 c 0.005) | plies 126 decisive 52% | buffer 200000 steps 17063 | 106.8 g/min eta 14.2h
[8925/100000] loss 2.066 (pi 2.000 v 0.058 q 0.006 c 0.005) | plies 126 decisive 52% | buffer 200000 steps 17116 | 106.8 g/min eta 14.2h
[8950/100000] loss 2.061 (pi 1.995 v 0.057 q 0.006 c 0.005) | plies 125 decisive 52% | buffer 200000 steps 17163 | 106.8 g/min eta 14.2h
[8975/100000] loss 2.064 (pi 1.998 v 0.057 q 0.006 c 0.005) | plies 126 decisive 50% | buffer 200000 steps 17214 | 106.7 g/min eta 14.2h
[9000/100000] loss 2.063 (pi 1.997 v 0.057 q 0.006 c 0.005) | plies 127 decisive 49% | buffer 200000 steps 17265 | 106.7 g/min eta 14.2h
  EVAL @9000: q-greedy 6-18-0 | policy-greedy 2-22-0 | search 8-0-0 (eval 18s)
[9025/100000] loss 2.061 (pi 1.995 v 0.058 q 0.006 c 0.005) | plies 126 decisive 50% | buffer 200000 steps 17310 | 106.3 g/min eta 14.3h
[9050/100000] loss 2.068 (pi 2.001 v 0.058 q 0.006 c 0.005) | plies 124 decisive 52% | buffer 200000 steps 17359 | 106.5 g/min eta 14.2h
[9075/100000] loss 2.065 (pi 1.997 v 0.059 q 0.006 c 0.005) | plies 126 decisive 51% | buffer 200000 steps 17408 | 106.7 g/min eta 14.2h
[9100/100000] loss 2.067 (pi 2.000 v 0.059 q 0.006 c 0.005) | plies 125 decisive 51% | buffer 200000 steps 17456 | 106.8 g/min eta 14.2h
[9125/100000] loss 2.066 (pi 1.998 v 0.059 q 0.006 c 0.005) | plies 126 decisive 50% | buffer 200000 steps 17508 | 106.8 g/min eta 14.2h
[9150/100000] loss 2.071 (pi 2.003 v 0.059 q 0.006 c 0.005) | plies 125 decisive 52% | buffer 200000 steps 17557 | 106.8 g/min eta 14.2h
[9175/100000] loss 2.071 (pi 2.002 v 0.060 q 0.006 c 0.005) | plies 125 decisive 53% | buffer 200000 steps 17607 | 106.9 g/min eta 14.2h
[9200/100000] loss 2.072 (pi 2.003 v 0.060 q 0.006 c 0.005) | plies 127 decisive 50% | buffer 200000 steps 17661 | 106.8 g/min eta 14.2h
[9225/100000] loss 2.074 (pi 2.005 v 0.060 q 0.006 c 0.006) | plies 130 decisive 47% | buffer 200000 steps 17715 | 106.9 g/min eta 14.2h
[9250/100000] loss 2.072 (pi 2.002 v 0.060 q 0.007 c 0.006) | plies 130 decisive 46% | buffer 200000 steps 17759 | 106.8 g/min eta 14.2h
[9275/100000] loss 2.061 (pi 1.992 v 0.059 q 0.006 c 0.006) | plies 130 decisive 46% | buffer 200000 steps 17809 | 106.9 g/min eta 14.2h
[9300/100000] loss 2.056 (pi 1.988 v 0.059 q 0.006 c 0.006) | plies 129 decisive 48% | buffer 200000 steps 17855 | 106.9 g/min eta 14.1h
[9325/100000] loss 2.054 (pi 1.985 v 0.059 q 0.006 c 0.006) | plies 128 decisive 49% | buffer 200000 steps 17905 | 106.9 g/min eta 14.1h
[9350/100000] loss 2.055 (pi 1.987 v 0.059 q 0.006 c 0.006) | plies 129 decisive 46% | buffer 200000 steps 17949 | 106.9 g/min eta 14.1h
[9375/100000] loss 2.053 (pi 1.985 v 0.059 q 0.006 c 0.005) | plies 128 decisive 46% | buffer 200000 steps 17997 | 106.9 g/min eta 14.1h
[9400/100000] loss 2.055 (pi 1.986 v 0.059 q 0.006 c 0.005) | plies 127 decisive 48% | buffer 200000 steps 18046 | 106.9 g/min eta 14.1h
[9425/100000] loss 2.053 (pi 1.985 v 0.059 q 0.007 c 0.006) | plies 125 decisive 49% | buffer 200000 steps 18095 | 106.9 g/min eta 14.1h
[9450/100000] loss 2.051 (pi 1.983 v 0.059 q 0.007 c 0.006) | plies 126 decisive 50% | buffer 200000 steps 18150 | 107.0 g/min eta 14.1h
[9475/100000] loss 2.045 (pi 1.976 v 0.059 q 0.006 c 0.006) | plies 126 decisive 47% | buffer 200000 steps 18200 | 107.0 g/min eta 14.1h
[9500/100000] loss 2.048 (pi 1.979 v 0.059 q 0.006 c 0.006) | plies 129 decisive 45% | buffer 200000 steps 18249 | 107.0 g/min eta 14.1h
[9525/100000] loss 2.045 (pi 1.976 v 0.059 q 0.006 c 0.006) | plies 127 decisive 45% | buffer 200000 steps 18295 | 107.0 g/min eta 14.1h
[9550/100000] loss 2.041 (pi 1.973 v 0.059 q 0.006 c 0.006) | plies 126 decisive 48% | buffer 200000 steps 18345 | 107.1 g/min eta 14.1h
[9575/100000] loss 2.047 (pi 1.977 v 0.060 q 0.006 c 0.006) | plies 124 decisive 51% | buffer 200000 steps 18392 | 107.1 g/min eta 14.1h
[9600/100000] loss 2.049 (pi 1.978 v 0.061 q 0.007 c 0.006) | plies 123 decisive 52% | buffer 200000 steps 18439 | 107.1 g/min eta 14.1h
[9625/100000] loss 2.048 (pi 1.977 v 0.061 q 0.007 c 0.006) | plies 122 decisive 52% | buffer 200000 steps 18488 | 107.1 g/min eta 14.1h
[9650/100000] loss 2.051 (pi 1.980 v 0.061 q 0.007 c 0.006) | plies 120 decisive 53% | buffer 200000 steps 18533 | 107.1 g/min eta 14.1h
[9675/100000] loss 2.055 (pi 1.985 v 0.061 q 0.007 c 0.006) | plies 118 decisive 55% | buffer 200000 steps 18578 | 107.1 g/min eta 14.1h
[9700/100000] loss 2.056 (pi 1.985 v 0.062 q 0.007 c 0.006) | plies 117 decisive 59% | buffer 200000 steps 18630 | 107.2 g/min eta 14.0h
[9725/100000] loss 2.051 (pi 1.979 v 0.062 q 0.007 c 0.006) | plies 118 decisive 58% | buffer 200000 steps 18680 | 107.2 g/min eta 14.0h
[9750/100000] loss 2.051 (pi 1.978 v 0.062 q 0.007 c 0.007) | plies 119 decisive 57% | buffer 200000 steps 18729 | 107.2 g/min eta 14.0h
[9775/100000] loss 2.048 (pi 1.974 v 0.063 q 0.007 c 0.006) | plies 121 decisive 55% | buffer 200000 steps 18775 | 107.2 g/min eta 14.0h
[9800/100000] loss 2.049 (pi 1.976 v 0.063 q 0.007 c 0.006) | plies 120 decisive 56% | buffer 200000 steps 18821 | 107.1 g/min eta 14.0h
[9825/100000] loss 2.047 (pi 1.974 v 0.063 q 0.007 c 0.007) | plies 120 decisive 56% | buffer 200000 steps 18869 | 107.2 g/min eta 14.0h
[9850/100000] loss 2.045 (pi 1.973 v 0.063 q 0.007 c 0.006) | plies 122 decisive 56% | buffer 200000 steps 18919 | 107.2 g/min eta 14.0h
[9875/100000] loss 2.034 (pi 1.962 v 0.062 q 0.007 c 0.006) | plies 122 decisive 58% | buffer 200000 steps 18966 | 107.3 g/min eta 14.0h
[9900/100000] loss 2.035 (pi 1.962 v 0.062 q 0.007 c 0.006) | plies 123 decisive 55% | buffer 200000 steps 19014 | 107.3 g/min eta 14.0h
[9925/100000] loss 2.038 (pi 1.966 v 0.062 q 0.007 c 0.006) | plies 120 decisive 57% | buffer 200000 steps 19063 | 107.3 g/min eta 14.0h
[9950/100000] loss 2.037 (pi 1.964 v 0.062 q 0.007 c 0.006) | plies 121 decisive 56% | buffer 200000 steps 19115 | 107.3 g/min eta 14.0h
[9975/100000] loss 2.045 (pi 1.972 v 0.063 q 0.007 c 0.006) | plies 121 decisive 56% | buffer 200000 steps 19162 | 107.4 g/min eta 14.0h
[10000/100000] loss 2.047 (pi 1.974 v 0.064 q 0.007 c 0.006) | plies 123 decisive 52% | buffer 200000 steps 19208 | 107.3 g/min eta 14.0h
  EVAL @10000: q-greedy 6-18-0 | policy-greedy 6-18-0 | search 8-0-0 (eval 22s)
[10025/100000] loss 2.040 (pi 1.967 v 0.063 q 0.007 c 0.006) | plies 123 decisive 52% | buffer 200000 steps 19255 | 106.9 g/min eta 14.0h
[10050/100000] loss 2.037 (pi 1.964 v 0.063 q 0.007 c 0.006) | plies 124 decisive 50% | buffer 200000 steps 19303 | 107.0 g/min eta 14.0h
[10075/100000] loss 2.040 (pi 1.967 v 0.063 q 0.007 c 0.006) | plies 124 decisive 50% | buffer 200000 steps 19351 | 107.2 g/min eta 14.0h
[10100/100000] loss 2.041 (pi 1.968 v 0.063 q 0.007 c 0.006) | plies 123 decisive 53% | buffer 200000 steps 19400 | 107.3 g/min eta 14.0h
[10125/100000] loss 2.041 (pi 1.967 v 0.064 q 0.007 c 0.006) | plies 123 decisive 52% | buffer 200000 steps 19446 | 107.2 g/min eta 14.0h
[10150/100000] loss 2.040 (pi 1.965 v 0.064 q 0.007 c 0.007) | plies 124 decisive 52% | buffer 200000 steps 19497 | 107.3 g/min eta 14.0h
[10175/100000] loss 2.044 (pi 1.970 v 0.064 q 0.007 c 0.007) | plies 124 decisive 53% | buffer 200000 steps 19546 | 107.3 g/min eta 14.0h
[10200/100000] loss 2.044 (pi 1.970 v 0.064 q 0.007 c 0.007) | plies 124 decisive 54% | buffer 200000 steps 19595 | 107.3 g/min eta 14.0h
[10225/100000] loss 2.042 (pi 1.969 v 0.063 q 0.007 c 0.007) | plies 123 decisive 55% | buffer 200000 steps 19641 | 107.3 g/min eta 13.9h
[10250/100000] loss 2.040 (pi 1.967 v 0.063 q 0.007 c 0.007) | plies 125 decisive 54% | buffer 200000 steps 19696 | 107.4 g/min eta 13.9h
[10275/100000] loss 2.039 (pi 1.967 v 0.062 q 0.007 c 0.007) | plies 126 decisive 52% | buffer 200000 steps 19744 | 107.4 g/min eta 13.9h
[10300/100000] loss 2.034 (pi 1.962 v 0.062 q 0.007 c 0.007) | plies 127 decisive 49% | buffer 200000 steps 19794 | 107.5 g/min eta 13.9h
[10325/100000] loss 2.027 (pi 1.956 v 0.061 q 0.007 c 0.007) | plies 128 decisive 48% | buffer 200000 steps 19841 | 107.4 g/min eta 13.9h
[10350/100000] loss 2.035 (pi 1.962 v 0.062 q 0.007 c 0.007) | plies 126 decisive 50% | buffer 200000 steps 19892 | 107.4 g/min eta 13.9h
[10375/100000] loss 2.031 (pi 1.958 v 0.062 q 0.007 c 0.006) | plies 129 decisive 46% | buffer 200000 steps 19945 | 107.4 g/min eta 13.9h
[10400/100000] loss 2.029 (pi 1.956 v 0.062 q 0.007 c 0.006) | plies 128 decisive 46% | buffer 200000 steps 19989 | 107.4 g/min eta 13.9h
[10425/100000] loss 2.022 (pi 1.950 v 0.062 q 0.007 c 0.007) | plies 127 decisive 48% | buffer 200000 steps 20041 | 107.4 g/min eta 13.9h
[10450/100000] loss 2.025 (pi 1.952 v 0.062 q 0.007 c 0.007) | plies 124 decisive 51% | buffer 200000 steps 20091 | 107.4 g/min eta 13.9h
[10475/100000] loss 2.030 (pi 1.957 v 0.062 q 0.007 c 0.007) | plies 122 decisive 52% | buffer 200000 steps 20138 | 107.5 g/min eta 13.9h
[10500/100000] loss 2.030 (pi 1.958 v 0.062 q 0.007 c 0.007) | plies 122 decisive 54% | buffer 200000 steps 20186 | 107.5 g/min eta 13.9h
[10525/100000] loss 2.030 (pi 1.957 v 0.062 q 0.007 c 0.007) | plies 122 decisive 53% | buffer 200000 steps 20232 | 107.4 g/min eta 13.9h
[10550/100000] loss 2.022 (pi 1.948 v 0.062 q 0.007 c 0.007) | plies 123 decisive 52% | buffer 200000 steps 20280 | 107.5 g/min eta 13.9h
[10575/100000] loss 2.023 (pi 1.949 v 0.063 q 0.007 c 0.007) | plies 122 decisive 55% | buffer 200000 steps 20332 | 107.5 g/min eta 13.9h
[10600/100000] loss 2.013 (pi 1.940 v 0.062 q 0.007 c 0.007) | plies 123 decisive 55% | buffer 200000 steps 20383 | 107.5 g/min eta 13.9h
[10625/100000] loss 2.014 (pi 1.941 v 0.062 q 0.008 c 0.007) | plies 124 decisive 54% | buffer 200000 steps 20432 | 107.5 g/min eta 13.9h
[10650/100000] loss 2.011 (pi 1.938 v 0.062 q 0.007 c 0.007) | plies 125 decisive 50% | buffer 200000 steps 20482 | 107.6 g/min eta 13.8h
[10675/100000] loss 2.014 (pi 1.941 v 0.062 q 0.007 c 0.007) | plies 126 decisive 50% | buffer 200000 steps 20527 | 107.6 g/min eta 13.8h
[10700/100000] loss 2.010 (pi 1.937 v 0.062 q 0.008 c 0.007) | plies 125 decisive 52% | buffer 200000 steps 20578 | 107.6 g/min eta 13.8h
[10725/100000] loss 2.011 (pi 1.938 v 0.062 q 0.008 c 0.007) | plies 126 decisive 52% | buffer 200000 steps 20630 | 107.5 g/min eta 13.8h
[10750/100000] loss 2.007 (pi 1.935 v 0.062 q 0.008 c 0.007) | plies 125 decisive 54% | buffer 200000 steps 20677 | 107.6 g/min eta 13.8h
[10775/100000] loss 2.014 (pi 1.941 v 0.062 q 0.007 c 0.007) | plies 125 decisive 54% | buffer 200000 steps 20730 | 107.5 g/min eta 13.8h
[10800/100000] loss 2.010 (pi 1.936 v 0.063 q 0.008 c 0.007) | plies 124 decisive 55% | buffer 200000 steps 20779 | 107.5 g/min eta 13.8h
[10825/100000] loss 2.010 (pi 1.935 v 0.063 q 0.008 c 0.007) | plies 124 decisive 57% | buffer 200000 steps 20827 | 107.5 g/min eta 13.8h
[10850/100000] loss 2.015 (pi 1.940 v 0.064 q 0.008 c 0.007) | plies 123 decisive 60% | buffer 200000 steps 20877 | 107.5 g/min eta 13.8h
[10875/100000] loss 2.014 (pi 1.938 v 0.064 q 0.008 c 0.008) | plies 122 decisive 62% | buffer 200000 steps 20930 | 107.6 g/min eta 13.8h
[10900/100000] loss 2.009 (pi 1.933 v 0.064 q 0.008 c 0.008) | plies 123 decisive 60% | buffer 200000 steps 20979 | 107.6 g/min eta 13.8h
[10925/100000] loss 2.016 (pi 1.941 v 0.064 q 0.008 c 0.008) | plies 123 decisive 58% | buffer 200000 steps 21029 | 107.7 g/min eta 13.8h
[10950/100000] loss 2.019 (pi 1.944 v 0.064 q 0.008 c 0.007) | plies 124 decisive 58% | buffer 200000 steps 21079 | 107.7 g/min eta 13.8h
[10975/100000] loss 2.019 (pi 1.943 v 0.064 q 0.008 c 0.007) | plies 121 decisive 59% | buffer 200000 steps 21121 | 107.7 g/min eta 13.8h
[11000/100000] loss 2.019 (pi 1.943 v 0.064 q 0.008 c 0.007) | plies 120 decisive 58% | buffer 200000 steps 21169 | 107.8 g/min eta 13.8h
  EVAL @11000: q-greedy 2-22-0 | policy-greedy 1-23-0 | search 8-0-0 (eval 25s)
[11025/100000] loss 2.020 (pi 1.944 v 0.065 q 0.008 c 0.007) | plies 120 decisive 56% | buffer 200000 steps 21212 | 107.3 g/min eta 13.8h
[11050/100000] loss 2.020 (pi 1.944 v 0.064 q 0.008 c 0.007) | plies 118 decisive 56% | buffer 200000 steps 21257 | 107.5 g/min eta 13.8h
[11075/100000] loss 2.019 (pi 1.943 v 0.064 q 0.008 c 0.007) | plies 119 decisive 54% | buffer 200000 steps 21305 | 107.6 g/min eta 13.8h
[11100/100000] loss 2.015 (pi 1.940 v 0.064 q 0.008 c 0.007) | plies 118 decisive 54% | buffer 200000 steps 21351 | 107.8 g/min eta 13.8h
[11125/100000] loss 2.014 (pi 1.937 v 0.065 q 0.008 c 0.007) | plies 117 decisive 55% | buffer 200000 steps 21397 | 107.7 g/min eta 13.8h
[11150/100000] loss 2.016 (pi 1.940 v 0.064 q 0.008 c 0.007) | plies 115 decisive 56% | buffer 200000 steps 21440 | 107.8 g/min eta 13.7h
[11175/100000] loss 2.016 (pi 1.940 v 0.064 q 0.008 c 0.007) | plies 115 decisive 57% | buffer 200000 steps 21484 | 107.8 g/min eta 13.7h
[11200/100000] loss 2.016 (pi 1.941 v 0.064 q 0.008 c 0.007) | plies 117 decisive 57% | buffer 200000 steps 21536 | 107.8 g/min eta 13.7h
[11225/100000] loss 2.016 (pi 1.941 v 0.064 q 0.008 c 0.007) | plies 117 decisive 58% | buffer 200000 steps 21584 | 107.8 g/min eta 13.7h
[11250/100000] loss 2.013 (pi 1.937 v 0.064 q 0.008 c 0.007) | plies 119 decisive 58% | buffer 200000 steps 21632 | 107.8 g/min eta 13.7h
[11275/100000] loss 2.010 (pi 1.934 v 0.064 q 0.008 c 0.007) | plies 119 decisive 60% | buffer 200000 steps 21677 | 107.8 g/min eta 13.7h
[11300/100000] loss 2.013 (pi 1.937 v 0.064 q 0.008 c 0.007) | plies 119 decisive 60% | buffer 200000 steps 21727 | 107.9 g/min eta 13.7h
[11325/100000] loss 2.010 (pi 1.935 v 0.064 q 0.008 c 0.007) | plies 121 decisive 60% | buffer 200000 steps 21778 | 107.9 g/min eta 13.7h
[11350/100000] loss 2.010 (pi 1.933 v 0.065 q 0.008 c 0.007) | plies 121 decisive 60% | buffer 200000 steps 21824 | 107.9 g/min eta 13.7h
[11375/100000] loss 2.015 (pi 1.938 v 0.066 q 0.008 c 0.007) | plies 123 decisive 60% | buffer 200000 steps 21875 | 107.9 g/min eta 13.7h
[11400/100000] loss 2.019 (pi 1.943 v 0.065 q 0.008 c 0.007) | plies 121 decisive 61% | buffer 200000 steps 21920 | 107.9 g/min eta 13.7h
[11425/100000] loss 2.017 (pi 1.940 v 0.066 q 0.008 c 0.007) | plies 121 decisive 60% | buffer 200000 steps 21965 | 107.9 g/min eta 13.7h
[11450/100000] loss 2.011 (pi 1.933 v 0.067 q 0.008 c 0.007) | plies 120 decisive 62% | buffer 200000 steps 22015 | 107.9 g/min eta 13.7h
[11475/100000] loss 2.005 (pi 1.927 v 0.067 q 0.008 c 0.007) | plies 122 decisive 59% | buffer 200000 steps 22066 | 107.9 g/min eta 13.7h
[11500/100000] loss 2.004 (pi 1.926 v 0.067 q 0.008 c 0.007) | plies 121 decisive 58% | buffer 200000 steps 22112 | 107.9 g/min eta 13.7h
[11525/100000] loss 2.007 (pi 1.928 v 0.067 q 0.008 c 0.006) | plies 119 decisive 60% | buffer 200000 steps 22160 | 108.0 g/min eta 13.7h
[11550/100000] loss 2.007 (pi 1.929 v 0.067 q 0.008 c 0.007) | plies 120 decisive 59% | buffer 200000 steps 22210 | 108.0 g/min eta 13.7h
[11575/100000] loss 2.007 (pi 1.928 v 0.067 q 0.008 c 0.007) | plies 117 decisive 60% | buffer 200000 steps 22253 | 108.1 g/min eta 13.6h
[11600/100000] loss 2.007 (pi 1.929 v 0.066 q 0.008 c 0.007) | plies 119 decisive 58% | buffer 200000 steps 22302 | 108.0 g/min eta 13.6h
[11625/100000] loss 2.012 (pi 1.934 v 0.066 q 0.008 c 0.007) | plies 121 decisive 57% | buffer 200000 steps 22352 | 108.1 g/min eta 13.6h
[11650/100000] loss 2.011 (pi 1.933 v 0.066 q 0.008 c 0.007) | plies 121 decisive 55% | buffer 200000 steps 22401 | 108.0 g/min eta 13.6h
[11675/100000] loss 2.011 (pi 1.933 v 0.066 q 0.008 c 0.007) | plies 122 decisive 56% | buffer 200000 steps 22451 | 108.0 g/min eta 13.6h
[11700/100000] loss 2.008 (pi 1.930 v 0.066 q 0.008 c 0.008) | plies 122 decisive 56% | buffer 200000 steps 22500 | 108.0 g/min eta 13.6h
[11725/100000] loss 2.003 (pi 1.926 v 0.065 q 0.008 c 0.008) | plies 123 decisive 56% | buffer 200000 steps 22548 | 108.1 g/min eta 13.6h
[11750/100000] loss 2.005 (pi 1.927 v 0.066 q 0.008 c 0.008) | plies 121 decisive 57% | buffer 200000 steps 22594 | 108.0 g/min eta 13.6h
[11775/100000] loss 2.007 (pi 1.928 v 0.067 q 0.008 c 0.008) | plies 123 decisive 56% | buffer 200000 steps 22641 | 108.0 g/min eta 13.6h
[11800/100000] loss 2.014 (pi 1.935 v 0.067 q 0.008 c 0.008) | plies 122 decisive 57% | buffer 200000 steps 22690 | 108.1 g/min eta 13.6h
[11825/100000] loss 2.016 (pi 1.937 v 0.068 q 0.008 c 0.007) | plies 121 decisive 57% | buffer 200000 steps 22739 | 108.1 g/min eta 13.6h
[11850/100000] loss 2.018 (pi 1.938 v 0.068 q 0.008 c 0.007) | plies 120 decisive 58% | buffer 200000 steps 22784 | 108.1 g/min eta 13.6h
[11875/100000] loss 2.022 (pi 1.942 v 0.068 q 0.008 c 0.008) | plies 120 decisive 59% | buffer 200000 steps 22835 | 108.2 g/min eta 13.6h
[11900/100000] loss 2.020 (pi 1.940 v 0.067 q 0.008 c 0.008) | plies 122 decisive 57% | buffer 200000 steps 22884 | 108.2 g/min eta 13.6h
[11925/100000] loss 2.020 (pi 1.940 v 0.068 q 0.008 c 0.008) | plies 119 decisive 60% | buffer 200000 steps 22932 | 108.2 g/min eta 13.6h
[11950/100000] loss 2.017 (pi 1.937 v 0.068 q 0.008 c 0.008) | plies 120 decisive 57% | buffer 200000 steps 22975 | 108.2 g/min eta 13.6h
[11975/100000] loss 2.015 (pi 1.934 v 0.068 q 0.008 c 0.007) | plies 120 decisive 57% | buffer 200000 steps 23028 | 108.2 g/min eta 13.6h
[12000/100000] loss 2.012 (pi 1.932 v 0.068 q 0.009 c 0.008) | plies 120 decisive 60% | buffer 200000 steps 23075 | 108.2 g/min eta 13.6h
  EVAL @12000: q-greedy 7-17-0 | policy-greedy 6-18-0 | search 8-0-0 (eval 25s)
[12025/100000] loss 2.012 (pi 1.932 v 0.068 q 0.008 c 0.008) | plies 118 decisive 60% | buffer 200000 steps 23117 | 107.8 g/min eta 13.6h
[12050/100000] loss 2.010 (pi 1.929 v 0.068 q 0.009 c 0.008) | plies 119 decisive 58% | buffer 200000 steps 23165 | 107.9 g/min eta 13.6h
[12075/100000] loss 2.014 (pi 1.933 v 0.068 q 0.008 c 0.008) | plies 119 decisive 57% | buffer 200000 steps 23215 | 108.1 g/min eta 13.6h
[12100/100000] loss 2.011 (pi 1.931 v 0.068 q 0.008 c 0.008) | plies 117 decisive 60% | buffer 200000 steps 23262 | 108.2 g/min eta 13.5h
[12125/100000] loss 2.009 (pi 1.928 v 0.069 q 0.008 c 0.008) | plies 119 decisive 57% | buffer 200000 steps 23311 | 108.3 g/min eta 13.5h
[12150/100000] loss 2.007 (pi 1.926 v 0.069 q 0.008 c 0.007) | plies 119 decisive 58% | buffer 200000 steps 23355 | 108.3 g/min eta 13.5h
[12175/100000] loss 2.011 (pi 1.930 v 0.069 q 0.008 c 0.007) | plies 118 decisive 59% | buffer 200000 steps 23403 | 108.3 g/min eta 13.5h
[12200/100000] loss 2.007 (pi 1.925 v 0.069 q 0.008 c 0.007) | plies 118 decisive 57% | buffer 200000 steps 23448 | 108.4 g/min eta 13.5h
[12225/100000] loss 2.013 (pi 1.932 v 0.069 q 0.008 c 0.008) | plies 120 decisive 55% | buffer 200000 steps 23497 | 108.4 g/min eta 13.5h
[12250/100000] loss 2.011 (pi 1.930 v 0.069 q 0.008 c 0.007) | plies 118 decisive 58% | buffer 200000 steps 23544 | 108.4 g/min eta 13.5h
[12275/100000] loss 2.015 (pi 1.933 v 0.069 q 0.008 c 0.008) | plies 116 decisive 62% | buffer 200000 steps 23591 | 108.4 g/min eta 13.5h
[12300/100000] loss 2.015 (pi 1.934 v 0.069 q 0.009 c 0.008) | plies 115 decisive 62% | buffer 200000 steps 23637 | 108.4 g/min eta 13.5h
[12325/100000] loss 2.007 (pi 1.925 v 0.069 q 0.009 c 0.008) | plies 113 decisive 62% | buffer 200000 steps 23682 | 108.4 g/min eta 13.5h
[12350/100000] loss 2.001 (pi 1.920 v 0.068 q 0.008 c 0.008) | plies 114 decisive 62% | buffer 200000 steps 23729 | 108.4 g/min eta 13.5h
[12375/100000] loss 2.003 (pi 1.922 v 0.068 q 0.008 c 0.008) | plies 114 decisive 61% | buffer 200000 steps 23775 | 108.4 g/min eta 13.5h
[12400/100000] loss 2.003 (pi 1.922 v 0.068 q 0.008 c 0.008) | plies 115 decisive 62% | buffer 200000 steps 23821 | 108.4 g/min eta 13.5h
[12425/100000] loss 2.002 (pi 1.923 v 0.067 q 0.008 c 0.008) | plies 113 decisive 62% | buffer 200000 steps 23869 | 108.4 g/min eta 13.5h
[12450/100000] loss 2.003 (pi 1.923 v 0.068 q 0.008 c 0.008) | plies 117 decisive 57% | buffer 200000 steps 23917 | 108.5 g/min eta 13.5h
[12475/100000] loss 2.009 (pi 1.928 v 0.068 q 0.008 c 0.008) | plies 116 decisive 56% | buffer 200000 steps 23961 | 108.5 g/min eta 13.4h
[12500/100000] loss 2.010 (pi 1.930 v 0.068 q 0.008 c 0.008) | plies 117 decisive 56% | buffer 200000 steps 24009 | 108.5 g/min eta 13.4h
[12525/100000] loss 2.006 (pi 1.925 v 0.068 q 0.008 c 0.008) | plies 119 decisive 55% | buffer 200000 steps 24058 | 108.5 g/min eta 13.4h
[12550/100000] loss 2.000 (pi 1.919 v 0.069 q 0.008 c 0.008) | plies 119 decisive 56% | buffer 200000 steps 24105 | 108.5 g/min eta 13.4h
[12575/100000] loss 1.998 (pi 1.917 v 0.068 q 0.008 c 0.008) | plies 120 decisive 54% | buffer 200000 steps 24152 | 108.5 g/min eta 13.4h
[12600/100000] loss 1.997 (pi 1.916 v 0.068 q 0.009 c 0.009) | plies 121 decisive 55% | buffer 200000 steps 24201 | 108.5 g/min eta 13.4h
[12625/100000] loss 1.996 (pi 1.916 v 0.067 q 0.008 c 0.008) | plies 123 decisive 53% | buffer 200000 steps 24251 | 108.5 g/min eta 13.4h
[12650/100000] loss 1.994 (pi 1.914 v 0.068 q 0.008 c 0.008) | plies 119 decisive 59% | buffer 200000 steps 24300 | 108.5 g/min eta 13.4h
[12675/100000] loss 1.996 (pi 1.915 v 0.068 q 0.009 c 0.009) | plies 121 decisive 58% | buffer 200000 steps 24347 | 108.6 g/min eta 13.4h
[12700/100000] loss 1.993 (pi 1.913 v 0.067 q 0.008 c 0.009) | plies 120 decisive 58% | buffer 200000 steps 24394 | 108.6 g/min eta 13.4h
[12725/100000] loss 1.998 (pi 1.919 v 0.067 q 0.008 c 0.008) | plies 121 decisive 58% | buffer 200000 steps 24446 | 108.5 g/min eta 13.4h
[12750/100000] loss 1.995 (pi 1.916 v 0.067 q 0.008 c 0.008) | plies 122 decisive 56% | buffer 200000 steps 24493 | 108.6 g/min eta 13.4h
[12775/100000] loss 2.001 (pi 1.921 v 0.067 q 0.008 c 0.008) | plies 121 decisive 59% | buffer 200000 steps 24542 | 108.6 g/min eta 13.4h
[12800/100000] loss 1.995 (pi 1.914 v 0.068 q 0.009 c 0.008) | plies 121 decisive 56% | buffer 200000 steps 24588 | 108.7 g/min eta 13.4h
[12825/100000] loss 1.988 (pi 1.907 v 0.068 q 0.009 c 0.008) | plies 119 decisive 59% | buffer 200000 steps 24637 | 108.7 g/min eta 13.4h
[12850/100000] loss 1.986 (pi 1.905 v 0.068 q 0.009 c 0.008) | plies 120 decisive 57% | buffer 200000 steps 24682 | 108.7 g/min eta 13.4h
[12875/100000] loss 1.988 (pi 1.908 v 0.068 q 0.009 c 0.008) | plies 120 decisive 57% | buffer 200000 steps 24731 | 108.7 g/min eta 13.4h
[12900/100000] loss 1.993 (pi 1.913 v 0.067 q 0.009 c 0.008) | plies 122 decisive 56% | buffer 200000 steps 24782 | 108.7 g/min eta 13.4h
[12925/100000] loss 1.992 (pi 1.911 v 0.068 q 0.009 c 0.008) | plies 121 decisive 56% | buffer 200000 steps 24830 | 108.7 g/min eta 13.4h
[12950/100000] loss 1.989 (pi 1.908 v 0.068 q 0.009 c 0.008) | plies 120 decisive 57% | buffer 200000 steps 24879 | 108.7 g/min eta 13.3h
[12975/100000] loss 1.989 (pi 1.908 v 0.068 q 0.009 c 0.008) | plies 120 decisive 56% | buffer 200000 steps 24927 | 108.7 g/min eta 13.3h
[13000/100000] loss 1.988 (pi 1.909 v 0.067 q 0.009 c 0.008) | plies 118 decisive 58% | buffer 200000 steps 24971 | 108.7 g/min eta 13.3h
  EVAL @13000: q-greedy 3-21-0 | policy-greedy 5-19-0 | search 8-0-0 (eval 25s)
[13025/100000] loss 1.985 (pi 1.906 v 0.066 q 0.009 c 0.008) | plies 119 decisive 57% | buffer 200000 steps 25017 | 108.3 g/min eta 13.4h
[13050/100000] loss 1.982 (pi 1.903 v 0.066 q 0.009 c 0.008) | plies 119 decisive 58% | buffer 200000 steps 25069 | 108.4 g/min eta 13.4h
[13075/100000] loss 1.983 (pi 1.904 v 0.066 q 0.009 c 0.008) | plies 117 decisive 61% | buffer 200000 steps 25115 | 108.5 g/min eta 13.3h
[13100/100000] loss 1.988 (pi 1.909 v 0.066 q 0.009 c 0.008) | plies 116 decisive 61% | buffer 200000 steps 25159 | 108.7 g/min eta 13.3h
[13125/100000] loss 1.980 (pi 1.901 v 0.066 q 0.009 c 0.008) | plies 117 decisive 61% | buffer 200000 steps 25206 | 108.8 g/min eta 13.3h
[13150/100000] loss 1.980 (pi 1.902 v 0.066 q 0.009 c 0.008) | plies 117 decisive 60% | buffer 200000 steps 25253 | 108.8 g/min eta 13.3h
[13175/100000] loss 1.975 (pi 1.896 v 0.066 q 0.009 c 0.008) | plies 117 decisive 60% | buffer 200000 steps 25299 | 108.8 g/min eta 13.3h
[13200/100000] loss 1.977 (pi 1.897 v 0.067 q 0.009 c 0.008) | plies 122 decisive 56% | buffer 200000 steps 25352 | 108.8 g/min eta 13.3h
[13225/100000] loss 1.974 (pi 1.894 v 0.068 q 0.009 c 0.008) | plies 120 decisive 57% | buffer 200000 steps 25398 | 108.8 g/min eta 13.3h
[13250/100000] loss 1.966 (pi 1.886 v 0.067 q 0.009 c 0.009) | plies 117 decisive 57% | buffer 200000 steps 25440 | 108.8 g/min eta 13.3h
[13275/100000] loss 1.965 (pi 1.885 v 0.066 q 0.009 c 0.009) | plies 119 decisive 55% | buffer 200000 steps 25488 | 108.7 g/min eta 13.3h
[13300/100000] loss 1.965 (pi 1.886 v 0.067 q 0.009 c 0.008) | plies 117 decisive 57% | buffer 200000 steps 25536 | 108.8 g/min eta 13.3h
[13325/100000] loss 1.963 (pi 1.884 v 0.066 q 0.009 c 0.008) | plies 117 decisive 56% | buffer 200000 steps 25583 | 108.8 g/min eta 13.3h
[13350/100000] loss 1.975 (pi 1.895 v 0.066 q 0.009 c 0.008) | plies 118 decisive 56% | buffer 200000 steps 25635 | 108.9 g/min eta 13.3h
[13375/100000] loss 1.971 (pi 1.892 v 0.066 q 0.009 c 0.008) | plies 118 decisive 56% | buffer 200000 steps 25684 | 108.9 g/min eta 13.3h
[13400/100000] loss 1.971 (pi 1.891 v 0.067 q 0.009 c 0.008) | plies 115 decisive 61% | buffer 200000 steps 25731 | 108.9 g/min eta 13.3h
[13425/100000] loss 1.963 (pi 1.883 v 0.067 q 0.009 c 0.008) | plies 115 decisive 60% | buffer 200000 steps 25775 | 108.9 g/min eta 13.3h
[13450/100000] loss 1.964 (pi 1.884 v 0.067 q 0.009 c 0.008) | plies 118 decisive 58% | buffer 200000 steps 25820 | 108.9 g/min eta 13.2h
[13475/100000] loss 1.964 (pi 1.884 v 0.067 q 0.009 c 0.008) | plies 120 decisive 56% | buffer 200000 steps 25873 | 108.9 g/min eta 13.2h
[13500/100000] loss 1.962 (pi 1.883 v 0.067 q 0.009 c 0.008) | plies 121 decisive 54% | buffer 200000 steps 25919 | 108.9 g/min eta 13.2h
[13525/100000] loss 1.958 (pi 1.879 v 0.066 q 0.009 c 0.008) | plies 119 decisive 57% | buffer 200000 steps 25966 | 109.0 g/min eta 13.2h
[13550/100000] loss 1.954 (pi 1.875 v 0.066 q 0.009 c 0.008) | plies 116 decisive 59% | buffer 200000 steps 26011 | 109.0 g/min eta 13.2h
[13575/100000] loss 1.957 (pi 1.877 v 0.066 q 0.009 c 0.009) | plies 114 decisive 60% | buffer 200000 steps 26053 | 109.0 g/min eta 13.2h
[13600/100000] loss 1.956 (pi 1.876 v 0.066 q 0.009 c 0.009) | plies 113 decisive 60% | buffer 200000 steps 26101 | 109.0 g/min eta 13.2h
[13625/100000] loss 1.956 (pi 1.876 v 0.068 q 0.009 c 0.009) | plies 115 decisive 58% | buffer 200000 steps 26151 | 109.0 g/min eta 13.2h
[13650/100000] loss 1.953 (pi 1.873 v 0.067 q 0.009 c 0.008) | plies 115 decisive 60% | buffer 200000 steps 26199 | 109.0 g/min eta 13.2h
[13675/100000] loss 1.948 (pi 1.869 v 0.066 q 0.009 c 0.008) | plies 114 decisive 62% | buffer 200000 steps 26245 | 109.1 g/min eta 13.2h
[13700/100000] loss 1.949 (pi 1.870 v 0.066 q 0.009 c 0.009) | plies 115 decisive 62% | buffer 200000 steps 26293 | 109.1 g/min eta 13.2h
[13725/100000] loss 1.952 (pi 1.872 v 0.066 q 0.009 c 0.008) | plies 114 decisive 61% | buffer 200000 steps 26339 | 109.1 g/min eta 13.2h
[13750/100000] loss 1.955 (pi 1.874 v 0.067 q 0.009 c 0.008) | plies 116 decisive 60% | buffer 200000 steps 26389 | 109.1 g/min eta 13.2h
[13775/100000] loss 1.952 (pi 1.871 v 0.068 q 0.009 c 0.008) | plies 118 decisive 59% | buffer 200000 steps 26437 | 109.1 g/min eta 13.2h
[13800/100000] loss 1.946 (pi 1.865 v 0.068 q 0.009 c 0.008) | plies 119 decisive 58% | buffer 200000 steps 26482 | 109.1 g/min eta 13.2h
[13825/100000] loss 1.941 (pi 1.861 v 0.067 q 0.009 c 0.008) | plies 117 decisive 60% | buffer 200000 steps 26526 | 109.1 g/min eta 13.2h
[13850/100000] loss 1.941 (pi 1.861 v 0.067 q 0.009 c 0.008) | plies 117 decisive 59% | buffer 200000 steps 26572 | 109.1 g/min eta 13.2h
[13875/100000] loss 1.943 (pi 1.864 v 0.066 q 0.009 c 0.008) | plies 116 decisive 59% | buffer 200000 steps 26619 | 109.1 g/min eta 13.2h
[13900/100000] loss 1.948 (pi 1.867 v 0.068 q 0.009 c 0.008) | plies 114 decisive 62% | buffer 200000 steps 26662 | 109.2 g/min eta 13.1h
[13925/100000] loss 1.947 (pi 1.866 v 0.068 q 0.009 c 0.008) | plies 114 decisive 61% | buffer 200000 steps 26708 | 109.2 g/min eta 13.1h
[13950/100000] loss 1.945 (pi 1.864 v 0.067 q 0.009 c 0.009) | plies 114 decisive 62% | buffer 200000 steps 26758 | 109.2 g/min eta 13.1h
[13975/100000] loss 1.950 (pi 1.868 v 0.068 q 0.009 c 0.009) | plies 115 decisive 62% | buffer 200000 steps 26808 | 109.2 g/min eta 13.1h
[14000/100000] loss 1.944 (pi 1.862 v 0.068 q 0.009 c 0.009) | plies 116 decisive 60% | buffer 200000 steps 26858 | 109.2 g/min eta 13.1h
  EVAL @14000: q-greedy 5-19-0 | policy-greedy 7-17-0 | search 8-0-0 (eval 30s)
[14025/100000] loss 1.946 (pi 1.865 v 0.068 q 0.009 c 0.009) | plies 117 decisive 59% | buffer 200000 steps 26908 | 108.8 g/min eta 13.2h
[14050/100000] loss 1.941 (pi 1.860 v 0.068 q 0.009 c 0.009) | plies 116 decisive 59% | buffer 200000 steps 26952 | 108.9 g/min eta 13.2h
[14075/100000] loss 1.935 (pi 1.854 v 0.068 q 0.009 c 0.009) | plies 117 decisive 60% | buffer 200000 steps 26999 | 109.0 g/min eta 13.1h
[14100/100000] loss 1.934 (pi 1.853 v 0.067 q 0.009 c 0.009) | plies 119 decisive 57% | buffer 200000 steps 27046 | 109.1 g/min eta 13.1h
[14125/100000] loss 1.937 (pi 1.856 v 0.067 q 0.009 c 0.009) | plies 118 decisive 60% | buffer 200000 steps 27088 | 109.1 g/min eta 13.1h
[14150/100000] loss 1.938 (pi 1.857 v 0.067 q 0.009 c 0.009) | plies 119 decisive 58% | buffer 200000 steps 27141 | 109.2 g/min eta 13.1h
[14175/100000] loss 1.942 (pi 1.860 v 0.068 q 0.009 c 0.009) | plies 118 decisive 60% | buffer 200000 steps 27190 | 109.2 g/min eta 13.1h
[14200/100000] loss 1.941 (pi 1.859 v 0.068 q 0.009 c 0.009) | plies 119 decisive 60% | buffer 200000 steps 27238 | 109.2 g/min eta 13.1h
[14225/100000] loss 1.940 (pi 1.858 v 0.068 q 0.010 c 0.009) | plies 118 decisive 59% | buffer 200000 steps 27284 | 109.2 g/min eta 13.1h
[14250/100000] loss 1.939 (pi 1.857 v 0.068 q 0.009 c 0.009) | plies 121 decisive 59% | buffer 200000 steps 27333 | 109.3 g/min eta 13.1h
[14275/100000] loss 1.937 (pi 1.856 v 0.068 q 0.009 c 0.009) | plies 120 decisive 60% | buffer 200000 steps 27379 | 109.3 g/min eta 13.1h
[14300/100000] loss 1.936 (pi 1.854 v 0.068 q 0.009 c 0.009) | plies 120 decisive 60% | buffer 200000 steps 27426 | 109.3 g/min eta 13.1h
[14325/100000] loss 1.935 (pi 1.854 v 0.068 q 0.009 c 0.009) | plies 122 decisive 57% | buffer 200000 steps 27471 | 109.3 g/min eta 13.1h
[14350/100000] loss 1.932 (pi 1.850 v 0.068 q 0.009 c 0.009) | plies 118 decisive 60% | buffer 200000 steps 27514 | 109.4 g/min eta 13.1h
[14375/100000] loss 1.934 (pi 1.851 v 0.069 q 0.010 c 0.009) | plies 117 decisive 60% | buffer 200000 steps 27560 | 109.4 g/min eta 13.0h
[14400/100000] loss 1.941 (pi 1.859 v 0.068 q 0.009 c 0.009) | plies 116 decisive 63% | buffer 200000 steps 27608 | 109.3 g/min eta 13.1h
[14425/100000] loss 1.937 (pi 1.854 v 0.069 q 0.009 c 0.009) | plies 116 decisive 63% | buffer 200000 steps 27656 | 109.3 g/min eta 13.0h
[14450/100000] loss 1.932 (pi 1.849 v 0.069 q 0.009 c 0.009) | plies 112 decisive 66% | buffer 200000 steps 27700 | 109.3 g/min eta 13.0h
[14475/100000] loss 1.929 (pi 1.846 v 0.069 q 0.010 c 0.009) | plies 113 decisive 66% | buffer 200000 steps 27746 | 109.4 g/min eta 13.0h
[14500/100000] loss 1.937 (pi 1.854 v 0.069 q 0.010 c 0.010) | plies 111 decisive 67% | buffer 200000 steps 27792 | 109.4 g/min eta 13.0h
[14525/100000] loss 1.939 (pi 1.855 v 0.069 q 0.010 c 0.009) | plies 110 decisive 68% | buffer 200000 steps 27837 | 109.4 g/min eta 13.0h
[14550/100000] loss 1.939 (pi 1.856 v 0.069 q 0.010 c 0.009) | plies 113 decisive 68% | buffer 200000 steps 27888 | 109.5 g/min eta 13.0h
[14575/100000] loss 1.945 (pi 1.862 v 0.069 q 0.010 c 0.009) | plies 110 decisive 68% | buffer 200000 steps 27927 | 109.5 g/min eta 13.0h
[14600/100000] loss 1.939 (pi 1.857 v 0.068 q 0.009 c 0.009) | plies 110 decisive 68% | buffer 200000 steps 27979 | 109.6 g/min eta 13.0h
[14625/100000] loss 1.941 (pi 1.858 v 0.068 q 0.009 c 0.009) | plies 110 decisive 68% | buffer 200000 steps 28022 | 109.6 g/min eta 13.0h
[14650/100000] loss 1.940 (pi 1.858 v 0.069 q 0.009 c 0.009) | plies 110 decisive 67% | buffer 200000 steps 28066 | 109.6 g/min eta 13.0h
[14675/100000] loss 1.933 (pi 1.849 v 0.070 q 0.009 c 0.009) | plies 111 decisive 66% | buffer 200000 steps 28115 | 109.6 g/min eta 13.0h
[14700/100000] loss 1.930 (pi 1.846 v 0.069 q 0.010 c 0.009) | plies 111 decisive 66% | buffer 200000 steps 28160 | 109.6 g/min eta 13.0h
[14725/100000] loss 1.931 (pi 1.846 v 0.070 q 0.010 c 0.009) | plies 109 decisive 68% | buffer 200000 steps 28202 | 109.6 g/min eta 13.0h
[14750/100000] loss 1.933 (pi 1.847 v 0.071 q 0.010 c 0.009) | plies 106 decisive 68% | buffer 200000 steps 28249 | 109.6 g/min eta 13.0h
[14775/100000] loss 1.933 (pi 1.846 v 0.073 q 0.010 c 0.010) | plies 107 decisive 69% | buffer 200000 steps 28289 | 109.7 g/min eta 13.0h
[14800/100000] loss 1.930 (pi 1.843 v 0.072 q 0.010 c 0.009) | plies 106 decisive 70% | buffer 200000 steps 28337 | 109.7 g/min eta 12.9h
[14825/100000] loss 1.931 (pi 1.844 v 0.073 q 0.010 c 0.009) | plies 105 decisive 71% | buffer 200000 steps 28379 | 109.7 g/min eta 12.9h
[14850/100000] loss 1.938 (pi 1.850 v 0.073 q 0.010 c 0.009) | plies 105 decisive 72% | buffer 200000 steps 28421 | 109.7 g/min eta 12.9h
[14875/100000] loss 1.939 (pi 1.851 v 0.073 q 0.010 c 0.010) | plies 105 decisive 71% | buffer 200000 steps 28468 | 109.8 g/min eta 12.9h
[14900/100000] loss 1.928 (pi 1.840 v 0.073 q 0.010 c 0.010) | plies 105 decisive 71% | buffer 200000 steps 28514 | 109.8 g/min eta 12.9h
[14925/100000] loss 1.940 (pi 1.852 v 0.073 q 0.010 c 0.010) | plies 106 decisive 70% | buffer 200000 steps 28559 | 109.8 g/min eta 12.9h
[14950/100000] loss 1.935 (pi 1.847 v 0.073 q 0.010 c 0.009) | plies 107 decisive 70% | buffer 200000 steps 28605 | 109.8 g/min eta 12.9h
[14975/100000] loss 1.939 (pi 1.851 v 0.074 q 0.010 c 0.010) | plies 109 decisive 68% | buffer 200000 steps 28652 | 109.8 g/min eta 12.9h
[15000/100000] loss 1.937 (pi 1.849 v 0.073 q 0.010 c 0.010) | plies 109 decisive 67% | buffer 200000 steps 28697 | 109.8 g/min eta 12.9h
  EVAL @15000: q-greedy 2-22-0 | policy-greedy 3-21-0 | search 8-0-0 (eval 27s)
[15025/100000] loss 1.936 (pi 1.849 v 0.073 q 0.010 c 0.009) | plies 108 decisive 68% | buffer 200000 steps 28741 | 109.5 g/min eta 12.9h
[15050/100000] loss 1.933 (pi 1.846 v 0.073 q 0.010 c 0.009) | plies 109 decisive 67% | buffer 200000 steps 28787 | 109.6 g/min eta 12.9h
[15075/100000] loss 1.931 (pi 1.844 v 0.073 q 0.010 c 0.009) | plies 108 decisive 69% | buffer 200000 steps 28830 | 109.7 g/min eta 12.9h
[15100/100000] loss 1.932 (pi 1.846 v 0.072 q 0.010 c 0.009) | plies 106 decisive 70% | buffer 200000 steps 28871 | 109.8 g/min eta 12.9h
[15125/100000] loss 1.934 (pi 1.847 v 0.073 q 0.010 c 0.009) | plies 106 decisive 69% | buffer 200000 steps 28916 | 109.8 g/min eta 12.9h
[15150/100000] loss 1.933 (pi 1.845 v 0.073 q 0.010 c 0.009) | plies 106 decisive 70% | buffer 200000 steps 28964 | 109.9 g/min eta 12.9h
[15175/100000] loss 1.927 (pi 1.839 v 0.074 q 0.010 c 0.010) | plies 106 decisive 70% | buffer 200000 steps 29005 | 109.9 g/min eta 12.9h
[15200/100000] loss 1.931 (pi 1.842 v 0.074 q 0.010 c 0.010) | plies 105 decisive 70% | buffer 200000 steps 29049 | 109.8 g/min eta 12.9h
[15225/100000] loss 1.939 (pi 1.850 v 0.075 q 0.010 c 0.010) | plies 109 decisive 67% | buffer 200000 steps 29101 | 109.9 g/min eta 12.9h
[15250/100000] loss 1.936 (pi 1.847 v 0.074 q 0.010 c 0.010) | plies 107 decisive 67% | buffer 200000 steps 29142 | 109.9 g/min eta 12.9h
[15275/100000] loss 1.937 (pi 1.849 v 0.073 q 0.010 c 0.010) | plies 107 decisive 66% | buffer 200000 steps 29192 | 109.9 g/min eta 12.8h
[15300/100000] loss 1.941 (pi 1.852 v 0.074 q 0.010 c 0.010) | plies 110 decisive 66% | buffer 200000 steps 29240 | 109.9 g/min eta 12.8h
[15325/100000] loss 1.940 (pi 1.851 v 0.074 q 0.010 c 0.010) | plies 112 decisive 66% | buffer 200000 steps 29286 | 110.0 g/min eta 12.8h
[15350/100000] loss 1.943 (pi 1.853 v 0.075 q 0.010 c 0.010) | plies 111 decisive 64% | buffer 200000 steps 29333 | 110.0 g/min eta 12.8h
[15375/100000] loss 1.941 (pi 1.851 v 0.075 q 0.010 c 0.010) | plies 110 decisive 65% | buffer 200000 steps 29374 | 110.0 g/min eta 12.8h
[15400/100000] loss 1.940 (pi 1.848 v 0.076 q 0.010 c 0.010) | plies 112 decisive 64% | buffer 200000 steps 29426 | 110.0 g/min eta 12.8h
[15425/100000] loss 1.934 (pi 1.843 v 0.076 q 0.010 c 0.010) | plies 110 decisive 66% | buffer 200000 steps 29470 | 110.0 g/min eta 12.8h
[15450/100000] loss 1.938 (pi 1.847 v 0.076 q 0.010 c 0.010) | plies 111 decisive 66% | buffer 200000 steps 29513 | 110.0 g/min eta 12.8h
[15475/100000] loss 1.933 (pi 1.842 v 0.076 q 0.010 c 0.010) | plies 112 decisive 66% | buffer 200000 steps 29561 | 110.0 g/min eta 12.8h
[15500/100000] loss 1.934 (pi 1.844 v 0.076 q 0.010 c 0.010) | plies 112 decisive 66% | buffer 200000 steps 29610 | 110.1 g/min eta 12.8h
[15525/100000] loss 1.938 (pi 1.846 v 0.077 q 0.010 c 0.010) | plies 110 decisive 67% | buffer 200000 steps 29653 | 110.1 g/min eta 12.8h
[15550/100000] loss 1.941 (pi 1.849 v 0.077 q 0.010 c 0.010) | plies 110 decisive 68% | buffer 200000 steps 29697 | 110.1 g/min eta 12.8h
[15575/100000] loss 1.938 (pi 1.845 v 0.077 q 0.010 c 0.010) | plies 111 decisive 66% | buffer 200000 steps 29739 | 110.1 g/min eta 12.8h
[15600/100000] loss 1.933 (pi 1.841 v 0.077 q 0.010 c 0.010) | plies 110 decisive 66% | buffer 200000 steps 29783 | 110.1 g/min eta 12.8h
[15625/100000] loss 1.932 (pi 1.840 v 0.077 q 0.011 c 0.010) | plies 111 decisive 65% | buffer 200000 steps 29825 | 110.2 g/min eta 12.8h
[15650/100000] loss 1.928 (pi 1.836 v 0.076 q 0.010 c 0.010) | plies 112 decisive 64% | buffer 200000 steps 29870 | 110.2 g/min eta 12.8h
[15675/100000] loss 1.924 (pi 1.832 v 0.076 q 0.011 c 0.011) | plies 110 decisive 65% | buffer 200000 steps 29916 | 110.2 g/min eta 12.8h
[15700/100000] loss 1.925 (pi 1.833 v 0.076 q 0.010 c 0.011) | plies 108 decisive 64% | buffer 200000 steps 29958 | 110.2 g/min eta 12.7h
[15725/100000] loss 1.922 (pi 1.831 v 0.076 q 0.010 c 0.010) | plies 110 decisive 62% | buffer 200000 steps 30006 | 110.2 g/min eta 12.7h
[15750/100000] loss 1.929 (pi 1.837 v 0.076 q 0.010 c 0.010) | plies 110 decisive 64% | buffer 200000 steps 30051 | 110.3 g/min eta 12.7h
[15775/100000] loss 1.930 (pi 1.837 v 0.077 q 0.010 c 0.010) | plies 111 decisive 62% | buffer 200000 steps 30092 | 110.3 g/min eta 12.7h
[15800/100000] loss 1.941 (pi 1.848 v 0.078 q 0.010 c 0.010) | plies 109 decisive 64% | buffer 200000 steps 30138 | 110.2 g/min eta 12.7h
[15825/100000] loss 1.937 (pi 1.844 v 0.077 q 0.010 c 0.010) | plies 108 decisive 66% | buffer 200000 steps 30184 | 110.3 g/min eta 12.7h
[15850/100000] loss 1.931 (pi 1.839 v 0.077 q 0.011 c 0.010) | plies 109 decisive 66% | buffer 200000 steps 30236 | 110.3 g/min eta 12.7h
[15875/100000] loss 1.933 (pi 1.840 v 0.078 q 0.011 c 0.010) | plies 109 decisive 66% | buffer 200000 steps 30281 | 110.3 g/min eta 12.7h
[15900/100000] loss 1.926 (pi 1.832 v 0.078 q 0.011 c 0.010) | plies 108 decisive 67% | buffer 200000 steps 30320 | 110.4 g/min eta 12.7h
[15925/100000] loss 1.925 (pi 1.830 v 0.079 q 0.011 c 0.010) | plies 108 decisive 66% | buffer 200000 steps 30367 | 110.4 g/min eta 12.7h
[15950/100000] loss 1.923 (pi 1.828 v 0.079 q 0.011 c 0.010) | plies 108 decisive 65% | buffer 200000 steps 30410 | 110.4 g/min eta 12.7h
[15975/100000] loss 1.926 (pi 1.831 v 0.079 q 0.011 c 0.010) | plies 109 decisive 66% | buffer 200000 steps 30455 | 110.4 g/min eta 12.7h
[16000/100000] loss 1.926 (pi 1.831 v 0.079 q 0.011 c 0.010) | plies 109 decisive 66% | buffer 200000 steps 30495 | 110.5 g/min eta 12.7h
  EVAL @16000: q-greedy 6-18-0 | policy-greedy 6-18-0 | search 8-0-0 (eval 22s)
[16025/100000] loss 1.931 (pi 1.837 v 0.078 q 0.011 c 0.010) | plies 108 decisive 66% | buffer 200000 steps 30536 | 110.2 g/min eta 12.7h
[16050/100000] loss 1.929 (pi 1.835 v 0.078 q 0.010 c 0.010) | plies 108 decisive 66% | buffer 200000 steps 30584 | 110.3 g/min eta 12.7h
[16075/100000] loss 1.926 (pi 1.834 v 0.078 q 0.010 c 0.010) | plies 109 decisive 66% | buffer 200000 steps 30630 | 110.4 g/min eta 12.7h
[16100/100000] loss 1.926 (pi 1.833 v 0.079 q 0.010 c 0.010) | plies 113 decisive 64% | buffer 200000 steps 30676 | 110.5 g/min eta 12.7h
[16125/100000] loss 1.930 (pi 1.837 v 0.078 q 0.010 c 0.010) | plies 109 decisive 66% | buffer 200000 steps 30719 | 110.5 g/min eta 12.7h
[16150/100000] loss 1.928 (pi 1.834 v 0.078 q 0.011 c 0.010) | plies 108 decisive 68% | buffer 200000 steps 30763 | 110.5 g/min eta 12.6h
[16175/100000] loss 1.928 (pi 1.833 v 0.079 q 0.011 c 0.010) | plies 107 decisive 69% | buffer 200000 steps 30811 | 110.5 g/min eta 12.6h
[16200/100000] loss 1.933 (pi 1.838 v 0.079 q 0.011 c 0.010) | plies 108 decisive 68% | buffer 200000 steps 30852 | 110.5 g/min eta 12.6h
[16225/100000] loss 1.932 (pi 1.838 v 0.078 q 0.011 c 0.010) | plies 107 decisive 70% | buffer 200000 steps 30894 | 110.6 g/min eta 12.6h
[16250/100000] loss 1.928 (pi 1.833 v 0.079 q 0.011 c 0.011) | plies 107 decisive 71% | buffer 200000 steps 30940 | 110.6 g/min eta 12.6h
[16275/100000] loss 1.931 (pi 1.836 v 0.080 q 0.011 c 0.010) | plies 106 decisive 68% | buffer 200000 steps 30983 | 110.6 g/min eta 12.6h
[16300/100000] loss 1.928 (pi 1.834 v 0.079 q 0.010 c 0.010) | plies 105 decisive 70% | buffer 200000 steps 31030 | 110.6 g/min eta 12.6h
[16325/100000] loss 1.931 (pi 1.837 v 0.079 q 0.010 c 0.010) | plies 107 decisive 68% | buffer 200000 steps 31074 | 110.6 g/min eta 12.6h
[16350/100000] loss 1.935 (pi 1.840 v 0.080 q 0.010 c 0.010) | plies 111 decisive 64% | buffer 200000 steps 31126 | 110.6 g/min eta 12.6h
[16375/100000] loss 1.931 (pi 1.837 v 0.079 q 0.010 c 0.009) | plies 111 decisive 64% | buffer 200000 steps 31169 | 110.6 g/min eta 12.6h
[16400/100000] loss 1.934 (pi 1.839 v 0.079 q 0.010 c 0.009) | plies 112 decisive 62% | buffer 200000 steps 31215 | 110.6 g/min eta 12.6h
[16425/100000] loss 1.931 (pi 1.837 v 0.078 q 0.010 c 0.010) | plies 112 decisive 63% | buffer 200000 steps 31260 | 110.6 g/min eta 12.6h
[16450/100000] loss 1.925 (pi 1.831 v 0.078 q 0.010 c 0.010) | plies 111 decisive 64% | buffer 200000 steps 31304 | 110.7 g/min eta 12.6h
[16475/100000] loss 1.921 (pi 1.828 v 0.078 q 0.010 c 0.010) | plies 112 decisive 66% | buffer 200000 steps 31351 | 110.7 g/min eta 12.6h
[16500/100000] loss 1.923 (pi 1.830 v 0.078 q 0.010 c 0.010) | plies 113 decisive 64% | buffer 200000 steps 31399 | 110.7 g/min eta 12.6h
[16525/100000] loss 1.922 (pi 1.828 v 0.078 q 0.011 c 0.010) | plies 113 decisive 64% | buffer 200000 steps 31445 | 110.7 g/min eta 12.6h
[16550/100000] loss 1.925 (pi 1.832 v 0.078 q 0.011 c 0.010) | plies 110 decisive 68% | buffer 200000 steps 31494 | 110.7 g/min eta 12.6h
[16575/100000] loss 1.925 (pi 1.831 v 0.078 q 0.011 c 0.010) | plies 111 decisive 68% | buffer 200000 steps 31538 | 110.7 g/min eta 12.6h
[16600/100000] loss 1.923 (pi 1.829 v 0.078 q 0.011 c 0.010) | plies 110 decisive 70% | buffer 200000 steps 31580 | 110.7 g/min eta 12.6h
[16625/100000] loss 1.922 (pi 1.829 v 0.078 q 0.011 c 0.010) | plies 111 decisive 68% | buffer 200000 steps 31625 | 110.8 g/min eta 12.5h
[16650/100000] loss 1.928 (pi 1.833 v 0.079 q 0.011 c 0.010) | plies 112 decisive 68% | buffer 200000 steps 31673 | 110.8 g/min eta 12.5h
[16675/100000] loss 1.921 (pi 1.827 v 0.078 q 0.011 c 0.010) | plies 112 decisive 68% | buffer 200000 steps 31717 | 110.8 g/min eta 12.5h
[16700/100000] loss 1.918 (pi 1.824 v 0.079 q 0.011 c 0.010) | plies 109 decisive 73% | buffer 200000 steps 31764 | 110.8 g/min eta 12.5h
[16725/100000] loss 1.924 (pi 1.830 v 0.079 q 0.011 c 0.010) | plies 109 decisive 74% | buffer 200000 steps 31811 | 110.8 g/min eta 12.5h
[16750/100000] loss 1.928 (pi 1.833 v 0.079 q 0.011 c 0.010) | plies 109 decisive 70% | buffer 200000 steps 31859 | 110.9 g/min eta 12.5h
[16775/100000] loss 1.925 (pi 1.830 v 0.079 q 0.011 c 0.010) | plies 107 decisive 70% | buffer 200000 steps 31899 | 110.9 g/min eta 12.5h
[16800/100000] loss 1.928 (pi 1.833 v 0.079 q 0.011 c 0.010) | plies 109 decisive 69% | buffer 200000 steps 31946 | 110.9 g/min eta 12.5h
[16825/100000] loss 1.922 (pi 1.827 v 0.079 q 0.011 c 0.010) | plies 109 decisive 69% | buffer 200000 steps 31991 | 110.9 g/min eta 12.5h
[16850/100000] loss 1.916 (pi 1.821 v 0.079 q 0.011 c 0.010) | plies 107 decisive 70% | buffer 200000 steps 32034 | 110.9 g/min eta 12.5h
[16875/100000] loss 1.925 (pi 1.830 v 0.079 q 0.011 c 0.010) | plies 107 decisive 70% | buffer 200000 steps 32079 | 110.9 g/min eta 12.5h
[16900/100000] loss 1.927 (pi 1.831 v 0.080 q 0.011 c 0.010) | plies 109 decisive 65% | buffer 200000 steps 32129 | 110.9 g/min eta 12.5h
[16925/100000] loss 1.929 (pi 1.834 v 0.079 q 0.011 c 0.010) | plies 109 decisive 66% | buffer 200000 steps 32170 | 111.0 g/min eta 12.5h
[16950/100000] loss 1.923 (pi 1.828 v 0.079 q 0.011 c 0.010) | plies 108 decisive 66% | buffer 200000 steps 32215 | 111.0 g/min eta 12.5h
[16975/100000] loss 1.918 (pi 1.824 v 0.079 q 0.011 c 0.010) | plies 108 decisive 68% | buffer 200000 steps 32255 | 111.1 g/min eta 12.5h
[17000/100000] loss 1.917 (pi 1.822 v 0.079 q 0.011 c 0.011) | plies 107 decisive 68% | buffer 200000 steps 32299 | 111.1 g/min eta 12.5h
  EVAL @17000: q-greedy 4-20-0 | policy-greedy 6-18-0 | search 8-0-0 (eval 19s)
[17025/100000] loss 1.923 (pi 1.828 v 0.079 q 0.011 c 0.011) | plies 105 decisive 68% | buffer 200000 steps 32340 | 110.8 g/min eta 12.5h
[17050/100000] loss 1.920 (pi 1.824 v 0.079 q 0.011 c 0.011) | plies 106 decisive 68% | buffer 200000 steps 32385 | 110.9 g/min eta 12.5h
[17075/100000] loss 1.914 (pi 1.819 v 0.079 q 0.011 c 0.011) | plies 106 decisive 68% | buffer 200000 steps 32430 | 111.0 g/min eta 12.4h
[17100/100000] loss 1.917 (pi 1.822 v 0.079 q 0.011 c 0.010) | plies 105 decisive 70% | buffer 200000 steps 32474 | 111.1 g/min eta 12.4h
[17125/100000] loss 1.921 (pi 1.826 v 0.079 q 0.011 c 0.010) | plies 107 decisive 68% | buffer 200000 steps 32521 | 111.0 g/min eta 12.4h
[17150/100000] loss 1.921 (pi 1.828 v 0.078 q 0.011 c 0.010) | plies 106 decisive 70% | buffer 200000 steps 32560 | 111.1 g/min eta 12.4h
[17175/100000] loss 1.925 (pi 1.830 v 0.079 q 0.011 c 0.010) | plies 107 decisive 70% | buffer 200000 steps 32606 | 111.1 g/min eta 12.4h
[17200/100000] loss 1.922 (pi 1.827 v 0.079 q 0.011 c 0.010) | plies 106 decisive 72% | buffer 200000 steps 32649 | 111.1 g/min eta 12.4h
[17225/100000] loss 1.922 (pi 1.828 v 0.079 q 0.011 c 0.010) | plies 107 decisive 72% | buffer 200000 steps 32696 | 111.1 g/min eta 12.4h
[17250/100000] loss 1.925 (pi 1.830 v 0.079 q 0.011 c 0.010) | plies 108 decisive 72% | buffer 200000 steps 32741 | 111.2 g/min eta 12.4h
[17275/100000] loss 1.921 (pi 1.826 v 0.078 q 0.011 c 0.010) | plies 108 decisive 70% | buffer 200000 steps 32785 | 111.2 g/min eta 12.4h
[17300/100000] loss 1.922 (pi 1.827 v 0.079 q 0.011 c 0.010) | plies 109 decisive 69% | buffer 200000 steps 32833 | 111.2 g/min eta 12.4h
[17325/100000] loss 1.922 (pi 1.827 v 0.080 q 0.011 c 0.010) | plies 107 decisive 70% | buffer 200000 steps 32877 | 111.3 g/min eta 12.4h
[17350/100000] loss 1.928 (pi 1.833 v 0.079 q 0.011 c 0.010) | plies 106 decisive 70% | buffer 200000 steps 32916 | 111.3 g/min eta 12.4h
[17375/100000] loss 1.928 (pi 1.833 v 0.079 q 0.011 c 0.011) | plies 105 decisive 70% | buffer 200000 steps 32960 | 111.3 g/min eta 12.4h
[17400/100000] loss 1.931 (pi 1.835 v 0.080 q 0.011 c 0.010) | plies 105 decisive 70% | buffer 200000 steps 33004 | 111.3 g/min eta 12.4h
[17425/100000] loss 1.929 (pi 1.832 v 0.081 q 0.011 c 0.010) | plies 105 decisive 70% | buffer 200000 steps 33048 | 111.3 g/min eta 12.4h
[17450/100000] loss 1.927 (pi 1.830 v 0.080 q 0.011 c 0.010) | plies 104 decisive 70% | buffer 200000 steps 33093 | 111.3 g/min eta 12.4h
[17475/100000] loss 1.928 (pi 1.832 v 0.080 q 0.011 c 0.011) | plies 104 decisive 72% | buffer 200000 steps 33134 | 111.3 g/min eta 12.4h
[17500/100000] loss 1.925 (pi 1.829 v 0.080 q 0.011 c 0.011) | plies 100 decisive 74% | buffer 200000 steps 33177 | 111.3 g/min eta 12.4h
[17525/100000] loss 1.920 (pi 1.824 v 0.080 q 0.011 c 0.011) | plies 101 decisive 72% | buffer 200000 steps 33225 | 111.3 g/min eta 12.3h
[17550/100000] loss 1.923 (pi 1.826 v 0.080 q 0.011 c 0.012) | plies 102 decisive 72% | buffer 200000 steps 33267 | 111.4 g/min eta 12.3h
[17575/100000] loss 1.915 (pi 1.818 v 0.080 q 0.011 c 0.012) | plies 103 decisive 70% | buffer 200000 steps 33315 | 111.4 g/min eta 12.3h
[17600/100000] loss 1.914 (pi 1.816 v 0.081 q 0.011 c 0.012) | plies 102 decisive 72% | buffer 200000 steps 33362 | 111.4 g/min eta 12.3h
[17625/100000] loss 1.925 (pi 1.827 v 0.081 q 0.011 c 0.011) | plies 103 decisive 72% | buffer 200000 steps 33404 | 111.4 g/min eta 12.3h
[17650/100000] loss 1.933 (pi 1.834 v 0.081 q 0.011 c 0.012) | plies 102 decisive 73% | buffer 200000 steps 33449 | 111.5 g/min eta 12.3h
[17675/100000] loss 1.941 (pi 1.842 v 0.082 q 0.011 c 0.011) | plies 103 decisive 72% | buffer 200000 steps 33496 | 111.5 g/min eta 12.3h
[17700/100000] loss 1.931 (pi 1.833 v 0.081 q 0.011 c 0.011) | plies 105 decisive 71% | buffer 200000 steps 33543 | 111.5 g/min eta 12.3h
[17725/100000] loss 1.929 (pi 1.832 v 0.081 q 0.011 c 0.011) | plies 105 decisive 72% | buffer 200000 steps 33590 | 111.5 g/min eta 12.3h
[17750/100000] loss 1.926 (pi 1.828 v 0.081 q 0.011 c 0.011) | plies 107 decisive 71% | buffer 200000 steps 33634 | 111.5 g/min eta 12.3h
[17775/100000] loss 1.926 (pi 1.829 v 0.081 q 0.011 c 0.011) | plies 109 decisive 68% | buffer 200000 steps 33683 | 111.5 g/min eta 12.3h
[17800/100000] loss 1.932 (pi 1.836 v 0.080 q 0.011 c 0.011) | plies 112 decisive 65% | buffer 200000 steps 33730 | 111.4 g/min eta 12.3h
[17825/100000] loss 1.930 (pi 1.833 v 0.080 q 0.011 c 0.011) | plies 112 decisive 65% | buffer 200000 steps 33776 | 111.4 g/min eta 12.3h
[17850/100000] loss 1.931 (pi 1.834 v 0.080 q 0.011 c 0.011) | plies 112 decisive 64% | buffer 200000 steps 33819 | 111.5 g/min eta 12.3h
[17875/100000] loss 1.930 (pi 1.833 v 0.080 q 0.011 c 0.011) | plies 113 decisive 64% | buffer 200000 steps 33870 | 111.5 g/min eta 12.3h
[17900/100000] loss 1.933 (pi 1.835 v 0.081 q 0.011 c 0.011) | plies 113 decisive 65% | buffer 200000 steps 33918 | 111.6 g/min eta 12.3h
[17925/100000] loss 1.934 (pi 1.836 v 0.081 q 0.011 c 0.011) | plies 113 decisive 65% | buffer 200000 steps 33963 | 111.6 g/min eta 12.3h
[17950/100000] loss 1.940 (pi 1.843 v 0.080 q 0.011 c 0.011) | plies 112 decisive 64% | buffer 200000 steps 34011 | 111.6 g/min eta 12.3h
[17975/100000] loss 1.941 (pi 1.845 v 0.080 q 0.011 c 0.011) | plies 112 decisive 68% | buffer 200000 steps 34058 | 111.6 g/min eta 12.3h
[18000/100000] loss 1.931 (pi 1.835 v 0.079 q 0.011 c 0.011) | plies 108 decisive 69% | buffer 200000 steps 34102 | 111.5 g/min eta 12.3h
  EVAL @18000: q-greedy 2-22-0 | policy-greedy 11-13-0 | search 7-1-0 (eval 29s)
[18025/100000] loss 1.936 (pi 1.838 v 0.080 q 0.011 c 0.011) | plies 111 decisive 68% | buffer 200000 steps 34156 | 111.2 g/min eta 12.3h
[18050/100000] loss 1.934 (pi 1.836 v 0.080 q 0.011 c 0.011) | plies 113 decisive 67% | buffer 200000 steps 34206 | 111.3 g/min eta 12.3h
[18075/100000] loss 1.931 (pi 1.834 v 0.080 q 0.011 c 0.011) | plies 113 decisive 67% | buffer 200000 steps 34252 | 111.4 g/min eta 12.3h
[18100/100000] loss 1.936 (pi 1.838 v 0.081 q 0.012 c 0.012) | plies 110 decisive 68% | buffer 200000 steps 34294 | 111.5 g/min eta 12.2h
[18125/100000] loss 1.938 (pi 1.840 v 0.080 q 0.012 c 0.012) | plies 109 decisive 69% | buffer 200000 steps 34341 | 111.5 g/min eta 12.2h
[18150/100000] loss 1.944 (pi 1.846 v 0.081 q 0.011 c 0.012) | plies 110 decisive 71% | buffer 200000 steps 34391 | 111.5 g/min eta 12.2h
[18175/100000] loss 1.951 (pi 1.853 v 0.080 q 0.012 c 0.012) | plies 109 decisive 72% | buffer 200000 steps 34437 | 111.5 g/min eta 12.2h
[18200/100000] loss 1.952 (pi 1.854 v 0.080 q 0.012 c 0.012) | plies 110 decisive 70% | buffer 200000 steps 34483 | 111.5 g/min eta 12.2h
[18225/100000] loss 1.947 (pi 1.849 v 0.080 q 0.011 c 0.011) | plies 108 decisive 72% | buffer 200000 steps 34529 | 111.6 g/min eta 12.2h
[18250/100000] loss 1.942 (pi 1.845 v 0.080 q 0.011 c 0.011) | plies 107 decisive 70% | buffer 200000 steps 34572 | 111.6 g/min eta 12.2h
[18275/100000] loss 1.940 (pi 1.842 v 0.080 q 0.012 c 0.011) | plies 107 decisive 70% | buffer 200000 steps 34620 | 111.6 g/min eta 12.2h
[18300/100000] loss 1.945 (pi 1.847 v 0.081 q 0.012 c 0.012) | plies 108 decisive 70% | buffer 200000 steps 34664 | 111.6 g/min eta 12.2h
[18325/100000] loss 1.947 (pi 1.848 v 0.081 q 0.012 c 0.012) | plies 107 decisive 71% | buffer 200000 steps 34705 | 111.6 g/min eta 12.2h
[18350/100000] loss 1.944 (pi 1.845 v 0.081 q 0.012 c 0.012) | plies 107 decisive 69% | buffer 200000 steps 34756 | 111.6 g/min eta 12.2h
[18375/100000] loss 1.944 (pi 1.845 v 0.081 q 0.012 c 0.012) | plies 108 decisive 68% | buffer 200000 steps 34803 | 111.7 g/min eta 12.2h
[18400/100000] loss 1.935 (pi 1.836 v 0.081 q 0.012 c 0.012) | plies 107 decisive 69% | buffer 200000 steps 34847 | 111.6 g/min eta 12.2h
[18425/100000] loss 1.941 (pi 1.843 v 0.081 q 0.012 c 0.012) | plies 107 decisive 69% | buffer 200000 steps 34890 | 111.7 g/min eta 12.2h
[18450/100000] loss 1.940 (pi 1.841 v 0.081 q 0.012 c 0.012) | plies 108 decisive 68% | buffer 200000 steps 34938 | 111.7 g/min eta 12.2h
[18475/100000] loss 1.938 (pi 1.840 v 0.081 q 0.012 c 0.012) | plies 108 decisive 71% | buffer 200000 steps 34983 | 111.7 g/min eta 12.2h
[18500/100000] loss 1.946 (pi 1.848 v 0.081 q 0.012 c 0.012) | plies 108 decisive 73% | buffer 200000 steps 35030 | 111.7 g/min eta 12.2h
[18525/100000] loss 1.946 (pi 1.846 v 0.081 q 0.012 c 0.012) | plies 107 decisive 72% | buffer 200000 steps 35071 | 111.7 g/min eta 12.2h
[18550/100000] loss 1.945 (pi 1.845 v 0.082 q 0.012 c 0.012) | plies 106 decisive 72% | buffer 200000 steps 35119 | 111.7 g/min eta 12.2h
[18575/100000] loss 1.946 (pi 1.847 v 0.082 q 0.012 c 0.012) | plies 106 decisive 72% | buffer 200000 steps 35167 | 111.7 g/min eta 12.1h
[18600/100000] loss 1.946 (pi 1.846 v 0.082 q 0.012 c 0.012) | plies 108 decisive 74% | buffer 200000 steps 35214 | 111.8 g/min eta 12.1h
[18625/100000] loss 1.947 (pi 1.848 v 0.082 q 0.012 c 0.012) | plies 108 decisive 76% | buffer 200000 steps 35259 | 111.8 g/min eta 12.1h
[18650/100000] loss 1.948 (pi 1.847 v 0.082 q 0.012 c 0.012) | plies 109 decisive 74% | buffer 200000 steps 35308 | 111.8 g/min eta 12.1h
[18675/100000] loss 1.943 (pi 1.843 v 0.082 q 0.012 c 0.012) | plies 109 decisive 72% | buffer 200000 steps 35352 | 111.8 g/min eta 12.1h
[18700/100000] loss 1.944 (pi 1.844 v 0.082 q 0.012 c 0.012) | plies 109 decisive 70% | buffer 200000 steps 35391 | 111.8 g/min eta 12.1h
[18725/100000] loss 1.952 (pi 1.852 v 0.082 q 0.012 c 0.012) | plies 112 decisive 66% | buffer 200000 steps 35439 | 111.8 g/min eta 12.1h
[18750/100000] loss 1.952 (pi 1.853 v 0.081 q 0.012 c 0.012) | plies 112 decisive 67% | buffer 200000 steps 35485 | 111.8 g/min eta 12.1h
[18775/100000] loss 1.950 (pi 1.851 v 0.081 q 0.012 c 0.013) | plies 112 decisive 66% | buffer 200000 steps 35532 | 111.8 g/min eta 12.1h
[18800/100000] loss 1.947 (pi 1.847 v 0.081 q 0.012 c 0.014) | plies 112 decisive 64% | buffer 200000 steps 35573 | 111.8 g/min eta 12.1h
[18825/100000] loss 1.948 (pi 1.848 v 0.081 q 0.012 c 0.013) | plies 112 decisive 61% | buffer 200000 steps 35619 | 111.8 g/min eta 12.1h
[18850/100000] loss 1.949 (pi 1.849 v 0.081 q 0.012 c 0.013) | plies 109 decisive 64% | buffer 200000 steps 35662 | 111.9 g/min eta 12.1h
[18875/100000] loss 1.948 (pi 1.848 v 0.082 q 0.012 c 0.012) | plies 109 decisive 64% | buffer 200000 steps 35708 | 111.9 g/min eta 12.1h
[18900/100000] loss 1.944 (pi 1.844 v 0.081 q 0.012 c 0.013) | plies 110 decisive 64% | buffer 200000 steps 35748 | 111.9 g/min eta 12.1h
[18925/100000] loss 1.941 (pi 1.842 v 0.081 q 0.012 c 0.012) | plies 109 decisive 68% | buffer 200000 steps 35792 | 111.9 g/min eta 12.1h
[18950/100000] loss 1.939 (pi 1.840 v 0.081 q 0.012 c 0.012) | plies 109 decisive 66% | buffer 200000 steps 35841 | 112.0 g/min eta 12.1h
[18975/100000] loss 1.936 (pi 1.837 v 0.081 q 0.012 c 0.012) | plies 108 decisive 68% | buffer 200000 steps 35885 | 111.9 g/min eta 12.1h
[19000/100000] loss 1.935 (pi 1.835 v 0.081 q 0.012 c 0.012) | plies 107 decisive 68% | buffer 200000 steps 35928 | 112.0 g/min eta 12.1h
  EVAL @19000: q-greedy 9-15-0 | policy-greedy 6-18-0 | search 8-0-0 (eval 28s)
[19025/100000] loss 1.935 (pi 1.835 v 0.082 q 0.012 c 0.013) | plies 108 decisive 68% | buffer 200000 steps 35975 | 111.6 g/min eta 12.1h
[19050/100000] loss 1.929 (pi 1.830 v 0.081 q 0.012 c 0.012) | plies 108 decisive 68% | buffer 200000 steps 36019 | 111.7 g/min eta 12.1h
[19075/100000] loss 1.931 (pi 1.833 v 0.080 q 0.012 c 0.012) | plies 108 decisive 68% | buffer 200000 steps 36066 | 111.8 g/min eta 12.1h
[19100/100000] loss 1.934 (pi 1.836 v 0.080 q 0.012 c 0.012) | plies 110 decisive 66% | buffer 200000 steps 36112 | 111.9 g/min eta 12.0h
[19125/100000] loss 1.944 (pi 1.846 v 0.080 q 0.012 c 0.012) | plies 110 decisive 64% | buffer 200000 steps 36158 | 112.0 g/min eta 12.0h
[19150/100000] loss 1.939 (pi 1.840 v 0.081 q 0.012 c 0.012) | plies 110 decisive 67% | buffer 200000 steps 36205 | 112.0 g/min eta 12.0h
[19175/100000] loss 1.943 (pi 1.843 v 0.081 q 0.012 c 0.012) | plies 109 decisive 67% | buffer 200000 steps 36249 | 111.9 g/min eta 12.0h
[19200/100000] loss 1.936 (pi 1.837 v 0.081 q 0.012 c 0.012) | plies 112 decisive 64% | buffer 200000 steps 36297 | 111.9 g/min eta 12.0h
[19225/100000] loss 1.929 (pi 1.830 v 0.081 q 0.012 c 0.012) | plies 112 decisive 66% | buffer 200000 steps 36343 | 111.9 g/min eta 12.0h
[19250/100000] loss 1.931 (pi 1.831 v 0.081 q 0.012 c 0.013) | plies 113 decisive 66% | buffer 200000 steps 36389 | 112.0 g/min eta 12.0h
[19275/100000] loss 1.934 (pi 1.835 v 0.080 q 0.012 c 0.013) | plies 114 decisive 65% | buffer 200000 steps 36437 | 112.0 g/min eta 12.0h
[19300/100000] loss 1.943 (pi 1.844 v 0.081 q 0.012 c 0.013) | plies 114 decisive 64% | buffer 200000 steps 36485 | 112.0 g/min eta 12.0h
[19325/100000] loss 1.940 (pi 1.842 v 0.080 q 0.012 c 0.013) | plies 113 decisive 67% | buffer 200000 steps 36524 | 112.1 g/min eta 12.0h
[19350/100000] loss 1.934 (pi 1.835 v 0.080 q 0.012 c 0.012) | plies 110 decisive 69% | buffer 200000 steps 36562 | 112.1 g/min eta 12.0h
[19375/100000] loss 1.942 (pi 1.843 v 0.080 q 0.012 c 0.012) | plies 111 decisive 67% | buffer 200000 steps 36605 | 112.1 g/min eta 12.0h
[19400/100000] loss 1.941 (pi 1.842 v 0.081 q 0.012 c 0.012) | plies 107 decisive 72% | buffer 200000 steps 36646 | 112.1 g/min eta 12.0h
[19425/100000] loss 1.939 (pi 1.839 v 0.082 q 0.012 c 0.012) | plies 107 decisive 69% | buffer 200000 steps 36691 | 112.1 g/min eta 12.0h
[19450/100000] loss 1.933 (pi 1.833 v 0.082 q 0.012 c 0.012) | plies 109 decisive 66% | buffer 200000 steps 36735 | 112.1 g/min eta 12.0h
[19475/100000] loss 1.933 (pi 1.833 v 0.082 q 0.012 c 0.012) | plies 107 decisive 68% | buffer 200000 steps 36778 | 112.1 g/min eta 12.0h
[19500/100000] loss 1.936 (pi 1.834 v 0.083 q 0.012 c 0.012) | plies 106 decisive 68% | buffer 200000 steps 36820 | 112.1 g/min eta 12.0h
[19525/100000] loss 1.930 (pi 1.830 v 0.081 q 0.012 c 0.012) | plies 107 decisive 66% | buffer 200000 steps 36864 | 112.1 g/min eta 12.0h
[19550/100000] loss 1.931 (pi 1.832 v 0.081 q 0.012 c 0.012) | plies 109 decisive 64% | buffer 200000 steps 36909 | 112.2 g/min eta 12.0h
[19575/100000] loss 1.935 (pi 1.836 v 0.081 q 0.012 c 0.012) | plies 109 decisive 64% | buffer 200000 steps 36957 | 112.2 g/min eta 11.9h
[19600/100000] loss 1.930 (pi 1.831 v 0.081 q 0.012 c 0.012) | plies 111 decisive 62% | buffer 200000 steps 37001 | 112.2 g/min eta 11.9h
[19625/100000] loss 1.928 (pi 1.830 v 0.080 q 0.012 c 0.012) | plies 109 decisive 63% | buffer 200000 steps 37040 | 112.2 g/min eta 11.9h
[19650/100000] loss 1.930 (pi 1.831 v 0.080 q 0.012 c 0.013) | plies 107 decisive 66% | buffer 200000 steps 37086 | 112.2 g/min eta 11.9h
[19675/100000] loss 1.928 (pi 1.829 v 0.080 q 0.012 c 0.013) | plies 108 decisive 66% | buffer 200000 steps 37133 | 112.3 g/min eta 11.9h
[19700/100000] loss 1.928 (pi 1.830 v 0.080 q 0.012 c 0.012) | plies 108 decisive 66% | buffer 200000 steps 37179 | 112.2 g/min eta 11.9h
[19725/100000] loss 1.930 (pi 1.831 v 0.080 q 0.012 c 0.012) | plies 107 decisive 68% | buffer 200000 steps 37223 | 112.2 g/min eta 11.9h
[19750/100000] loss 1.920 (pi 1.822 v 0.080 q 0.012 c 0.012) | plies 107 decisive 68% | buffer 200000 steps 37263 | 112.3 g/min eta 11.9h
[19775/100000] loss 1.924 (pi 1.824 v 0.081 q 0.012 c 0.013) | plies 106 decisive 68% | buffer 200000 steps 37310 | 112.3 g/min eta 11.9h
[19800/100000] loss 1.921 (pi 1.822 v 0.080 q 0.012 c 0.013) | plies 107 decisive 69% | buffer 200000 steps 37356 | 112.3 g/min eta 11.9h
[19825/100000] loss 1.921 (pi 1.823 v 0.079 q 0.012 c 0.013) | plies 109 decisive 69% | buffer 200000 steps 37404 | 112.3 g/min eta 11.9h
[19850/100000] loss 1.918 (pi 1.821 v 0.078 q 0.012 c 0.013) | plies 109 decisive 68% | buffer 200000 steps 37449 | 112.3 g/min eta 11.9h
[19875/100000] loss 1.923 (pi 1.826 v 0.079 q 0.012 c 0.012) | plies 109 decisive 68% | buffer 200000 steps 37497 | 112.3 g/min eta 11.9h
[19900/100000] loss 1.919 (pi 1.822 v 0.079 q 0.012 c 0.012) | plies 109 decisive 68% | buffer 200000 steps 37543 | 112.3 g/min eta 11.9h
[19925/100000] loss 1.916 (pi 1.818 v 0.079 q 0.012 c 0.012) | plies 111 decisive 66% | buffer 200000 steps 37591 | 112.3 g/min eta 11.9h
[19950/100000] loss 1.922 (pi 1.824 v 0.079 q 0.012 c 0.012) | plies 111 decisive 65% | buffer 200000 steps 37633 | 112.4 g/min eta 11.9h
[19975/100000] loss 1.928 (pi 1.830 v 0.079 q 0.012 c 0.012) | plies 110 decisive 67% | buffer 200000 steps 37676 | 112.4 g/min eta 11.9h
[20000/100000] loss 1.931 (pi 1.834 v 0.078 q 0.012 c 0.012) | plies 111 decisive 68% | buffer 200000 steps 37725 | 112.4 g/min eta 11.9h
  EVAL @20000: q-greedy 6-18-0 | policy-greedy 10-14-0 | search 8-0-0 (eval 27s)
[20025/100000] loss 1.918 (pi 1.822 v 0.079 q 0.012 c 0.012) | plies 110 decisive 68% | buffer 200000 steps 37772 | 112.1 g/min eta 11.9h
[20050/100000] loss 1.917 (pi 1.821 v 0.079 q 0.012 c 0.012) | plies 108 decisive 70% | buffer 200000 steps 37813 | 112.2 g/min eta 11.9h
[20075/100000] loss 1.914 (pi 1.818 v 0.078 q 0.012 c 0.012) | plies 108 decisive 70% | buffer 200000 steps 37858 | 112.3 g/min eta 11.9h
[20100/100000] loss 1.919 (pi 1.822 v 0.078 q 0.012 c 0.012) | plies 107 decisive 70% | buffer 200000 steps 37899 | 112.4 g/min eta 11.8h
[20125/100000] loss 1.921 (pi 1.824 v 0.078 q 0.012 c 0.012) | plies 106 decisive 72% | buffer 200000 steps 37945 | 112.4 g/min eta 11.8h
[20150/100000] loss 1.918 (pi 1.821 v 0.079 q 0.012 c 0.012) | plies 105 decisive 74% | buffer 200000 steps 37987 | 112.5 g/min eta 11.8h
[20175/100000] loss 1.918 (pi 1.821 v 0.078 q 0.012 c 0.012) | plies 105 decisive 74% | buffer 200000 steps 38031 | 112.5 g/min eta 11.8h
[20200/100000] loss 1.918 (pi 1.821 v 0.079 q 0.012 c 0.013) | plies 102 decisive 76% | buffer 200000 steps 38072 | 112.5 g/min eta 11.8h
[20225/100000] loss 1.917 (pi 1.820 v 0.079 q 0.012 c 0.012) | plies 101 decisive 78% | buffer 200000 steps 38119 | 112.5 g/min eta 11.8h
[20250/100000] loss 1.907 (pi 1.810 v 0.079 q 0.012 c 0.012) | plies 104 decisive 74% | buffer 200000 steps 38167 | 112.5 g/min eta 11.8h
[20275/100000] loss 1.909 (pi 1.811 v 0.080 q 0.012 c 0.012) | plies 102 decisive 76% | buffer 200000 steps 38211 | 112.5 g/min eta 11.8h
[20300/100000] loss 1.907 (pi 1.808 v 0.080 q 0.012 c 0.012) | plies 102 decisive 76% | buffer 200000 steps 38252 | 112.5 g/min eta 11.8h
[20325/100000] loss 1.909 (pi 1.810 v 0.080 q 0.012 c 0.012) | plies 102 decisive 77% | buffer 200000 steps 38293 | 112.5 g/min eta 11.8h
[20350/100000] loss 1.916 (pi 1.818 v 0.080 q 0.012 c 0.012) | plies 101 decisive 78% | buffer 200000 steps 38334 | 112.5 g/min eta 11.8h
[20375/100000] loss 1.915 (pi 1.817 v 0.081 q 0.012 c 0.012) | plies 102 decisive 76% | buffer 200000 steps 38380 | 112.6 g/min eta 11.8h
[20400/100000] loss 1.916 (pi 1.817 v 0.081 q 0.012 c 0.012) | plies 105 decisive 73% | buffer 200000 steps 38425 | 112.6 g/min eta 11.8h
[20425/100000] loss 1.913 (pi 1.813 v 0.082 q 0.012 c 0.012) | plies 105 decisive 74% | buffer 200000 steps 38470 | 112.6 g/min eta 11.8h
[20450/100000] loss 1.911 (pi 1.811 v 0.081 q 0.012 c 0.012) | plies 104 decisive 75% | buffer 200000 steps 38512 | 112.6 g/min eta 11.8h
[20475/100000] loss 1.911 (pi 1.811 v 0.081 q 0.012 c 0.013) | plies 104 decisive 74% | buffer 200000 steps 38555 | 112.6 g/min eta 11.8h
[20500/100000] loss 1.912 (pi 1.812 v 0.081 q 0.012 c 0.013) | plies 105 decisive 73% | buffer 200000 steps 38598 | 112.6 g/min eta 11.8h
[20525/100000] loss 1.910 (pi 1.810 v 0.081 q 0.012 c 0.013) | plies 106 decisive 72% | buffer 200000 steps 38642 | 112.7 g/min eta 11.8h
[20550/100000] loss 1.912 (pi 1.812 v 0.081 q 0.012 c 0.012) | plies 107 decisive 72% | buffer 200000 steps 38690 | 112.7 g/min eta 11.8h
[20575/100000] loss 1.909 (pi 1.809 v 0.081 q 0.012 c 0.013) | plies 107 decisive 71% | buffer 200000 steps 38736 | 112.7 g/min eta 11.7h
[20600/100000] loss 1.909 (pi 1.809 v 0.081 q 0.012 c 0.012) | plies 105 decisive 73% | buffer 200000 steps 38777 | 112.7 g/min eta 11.7h
[20625/100000] loss 1.909 (pi 1.808 v 0.082 q 0.012 c 0.013) | plies 103 decisive 73% | buffer 200000 steps 38818 | 112.7 g/min eta 11.7h
[20650/100000] loss 1.904 (pi 1.804 v 0.082 q 0.012 c 0.012) | plies 102 decisive 74% | buffer 200000 steps 38861 | 112.8 g/min eta 11.7h
[20675/100000] loss 1.904 (pi 1.803 v 0.083 q 0.012 c 0.012) | plies 102 decisive 73% | buffer 200000 steps 38906 | 112.8 g/min eta 11.7h
[20700/100000] loss 1.905 (pi 1.804 v 0.083 q 0.012 c 0.013) | plies 102 decisive 75% | buffer 200000 steps 38951 | 112.7 g/min eta 11.7h
[20725/100000] loss 1.906 (pi 1.805 v 0.083 q 0.012 c 0.012) | plies 102 decisive 74% | buffer 200000 steps 38997 | 112.8 g/min eta 11.7h
[20750/100000] loss 1.913 (pi 1.811 v 0.084 q 0.012 c 0.012) | plies 103 decisive 72% | buffer 200000 steps 39039 | 112.8 g/min eta 11.7h
[20775/100000] loss 1.911 (pi 1.808 v 0.084 q 0.012 c 0.012) | plies 102 decisive 74% | buffer 200000 steps 39080 | 112.8 g/min eta 11.7h
[20800/100000] loss 1.909 (pi 1.808 v 0.083 q 0.012 c 0.012) | plies 103 decisive 72% | buffer 200000 steps 39122 | 112.8 g/min eta 11.7h
[20825/100000] loss 1.909 (pi 1.807 v 0.083 q 0.013 c 0.013) | plies 105 decisive 70% | buffer 200000 steps 39167 | 112.8 g/min eta 11.7h
[20850/100000] loss 1.908 (pi 1.807 v 0.083 q 0.012 c 0.012) | plies 106 decisive 69% | buffer 200000 steps 39211 | 112.8 g/min eta 11.7h
[20875/100000] loss 1.903 (pi 1.802 v 0.083 q 0.012 c 0.013) | plies 106 decisive 70% | buffer 200000 steps 39257 | 112.8 g/min eta 11.7h
[20900/100000] loss 1.900 (pi 1.799 v 0.083 q 0.012 c 0.012) | plies 109 decisive 67% | buffer 200000 steps 39309 | 112.8 g/min eta 11.7h
[20925/100000] loss 1.897 (pi 1.796 v 0.082 q 0.013 c 0.012) | plies 109 decisive 68% | buffer 200000 steps 39355 | 112.8 g/min eta 11.7h
[20950/100000] loss 1.902 (pi 1.801 v 0.082 q 0.012 c 0.012) | plies 110 decisive 67% | buffer 200000 steps 39399 | 112.8 g/min eta 11.7h
[20975/100000] loss 1.893 (pi 1.792 v 0.082 q 0.012 c 0.012) | plies 111 decisive 67% | buffer 200000 steps 39445 | 112.9 g/min eta 11.7h
[21000/100000] loss 1.898 (pi 1.798 v 0.082 q 0.012 c 0.012) | plies 112 decisive 68% | buffer 200000 steps 39493 | 112.9 g/min eta 11.7h
  EVAL @21000: q-greedy 7-17-0 | policy-greedy 10-14-0 | search 8-0-0 (eval 25s)
[21025/100000] loss 1.886 (pi 1.785 v 0.083 q 0.012 c 0.012) | plies 110 decisive 70% | buffer 200000 steps 39535 | 112.7 g/min eta 11.7h
[21050/100000] loss 1.886 (pi 1.783 v 0.084 q 0.013 c 0.012) | plies 109 decisive 71% | buffer 200000 steps 39577 | 112.7 g/min eta 11.7h
[21075/100000] loss 1.887 (pi 1.785 v 0.084 q 0.012 c 0.012) | plies 108 decisive 71% | buffer 200000 steps 39621 | 112.8 g/min eta 11.7h
[21100/100000] loss 1.896 (pi 1.793 v 0.084 q 0.013 c 0.012) | plies 105 decisive 73% | buffer 200000 steps 39663 | 112.9 g/min eta 11.6h
[21125/100000] loss 1.896 (pi 1.793 v 0.084 q 0.012 c 0.012) | plies 104 decisive 73% | buffer 200000 steps 39705 | 112.9 g/min eta 11.6h
[21150/100000] loss 1.894 (pi 1.791 v 0.084 q 0.012 c 0.012) | plies 104 decisive 72% | buffer 200000 steps 39750 | 112.9 g/min eta 11.6h
[21175/100000] loss 1.900 (pi 1.798 v 0.084 q 0.012 c 0.012) | plies 103 decisive 72% | buffer 200000 steps 39794 | 112.8 g/min eta 11.6h
[21200/100000] loss 1.899 (pi 1.797 v 0.084 q 0.012 c 0.012) | plies 102 decisive 71% | buffer 200000 steps 39835 | 112.9 g/min eta 11.6h
[21225/100000] loss 1.900 (pi 1.797 v 0.084 q 0.013 c 0.013) | plies 103 decisive 70% | buffer 200000 steps 39879 | 112.9 g/min eta 11.6h
[21250/100000] loss 1.899 (pi 1.795 v 0.085 q 0.013 c 0.013) | plies 104 decisive 71% | buffer 200000 steps 39923 | 112.9 g/min eta 11.6h
[21275/100000] loss 1.907 (pi 1.803 v 0.084 q 0.013 c 0.013) | plies 103 decisive 72% | buffer 200000 steps 39966 | 112.9 g/min eta 11.6h
[21300/100000] loss 1.905 (pi 1.802 v 0.084 q 0.013 c 0.013) | plies 105 decisive 71% | buffer 200000 steps 40016 | 113.0 g/min eta 11.6h
[21325/100000] loss 1.902 (pi 1.798 v 0.085 q 0.013 c 0.013) | plies 106 decisive 72% | buffer 200000 steps 40065 | 113.0 g/min eta 11.6h
[21350/100000] loss 1.905 (pi 1.800 v 0.086 q 0.013 c 0.013) | plies 104 decisive 74% | buffer 200000 steps 40111 | 113.0 g/min eta 11.6h
[21375/100000] loss 1.902 (pi 1.797 v 0.086 q 0.013 c 0.014) | plies 105 decisive 74% | buffer 200000 steps 40157 | 113.0 g/min eta 11.6h
[21400/100000] loss 1.898 (pi 1.792 v 0.086 q 0.013 c 0.014) | plies 106 decisive 74% | buffer 200000 steps 40205 | 113.0 g/min eta 11.6h
[21425/100000] loss 1.905 (pi 1.798 v 0.086 q 0.013 c 0.014) | plies 106 decisive 74% | buffer 200000 steps 40245 | 113.0 g/min eta 11.6h
[21450/100000] loss 1.901 (pi 1.795 v 0.086 q 0.013 c 0.014) | plies 105 decisive 74% | buffer 200000 steps 40281 | 113.0 g/min eta 11.6h
[21475/100000] loss 1.897 (pi 1.791 v 0.086 q 0.013 c 0.013) | plies 106 decisive 72% | buffer 200000 steps 40325 | 113.0 g/min eta 11.6h
[21500/100000] loss 1.896 (pi 1.789 v 0.087 q 0.013 c 0.013) | plies 106 decisive 72% | buffer 200000 steps 40373 | 113.0 g/min eta 11.6h
[21525/100000] loss 1.896 (pi 1.789 v 0.088 q 0.013 c 0.014) | plies 104 decisive 72% | buffer 200000 steps 40417 | 113.0 g/min eta 11.6h
[21550/100000] loss 1.901 (pi 1.793 v 0.088 q 0.013 c 0.014) | plies 105 decisive 72% | buffer 200000 steps 40461 | 113.0 g/min eta 11.6h
[21575/100000] loss 1.905 (pi 1.796 v 0.088 q 0.013 c 0.014) | plies 104 decisive 70% | buffer 200000 steps 40505 | 113.1 g/min eta 11.6h
[21600/100000] loss 1.900 (pi 1.792 v 0.088 q 0.013 c 0.014) | plies 105 decisive 70% | buffer 200000 steps 40552 | 113.1 g/min eta 11.6h
[21625/100000] loss 1.899 (pi 1.792 v 0.088 q 0.013 c 0.014) | plies 106 decisive 70% | buffer 200000 steps 40600 | 113.1 g/min eta 11.6h
[21650/100000] loss 1.907 (pi 1.799 v 0.088 q 0.013 c 0.014) | plies 109 decisive 68% | buffer 200000 steps 40649 | 113.1 g/min eta 11.5h
[21675/100000] loss 1.907 (pi 1.800 v 0.087 q 0.013 c 0.013) | plies 110 decisive 66% | buffer 200000 steps 40694 | 113.1 g/min eta 11.5h
[21700/100000] loss 1.905 (pi 1.799 v 0.087 q 0.013 c 0.013) | plies 110 decisive 67% | buffer 200000 steps 40744 | 113.1 g/min eta 11.5h
[21725/100000] loss 1.905 (pi 1.799 v 0.086 q 0.013 c 0.013) | plies 111 decisive 66% | buffer 200000 steps 40793 | 113.1 g/min eta 11.5h
[21750/100000] loss 1.901 (pi 1.794 v 0.086 q 0.013 c 0.014) | plies 110 decisive 68% | buffer 200000 steps 40834 | 113.1 g/min eta 11.5h
[21775/100000] loss 1.899 (pi 1.792 v 0.087 q 0.013 c 0.013) | plies 113 decisive 64% | buffer 200000 steps 40882 | 113.1 g/min eta 11.5h
[21800/100000] loss 1.900 (pi 1.793 v 0.086 q 0.013 c 0.013) | plies 112 decisive 64% | buffer 200000 steps 40925 | 113.1 g/min eta 11.5h
[21825/100000] loss 1.906 (pi 1.799 v 0.086 q 0.013 c 0.013) | plies 109 decisive 68% | buffer 200000 steps 40967 | 113.1 g/min eta 11.5h
[21850/100000] loss 1.905 (pi 1.799 v 0.086 q 0.013 c 0.014) | plies 109 decisive 68% | buffer 200000 steps 41015 | 113.2 g/min eta 11.5h
[21875/100000] loss 1.906 (pi 1.800 v 0.086 q 0.013 c 0.014) | plies 108 decisive 68% | buffer 200000 steps 41063 | 113.2 g/min eta 11.5h
[21900/100000] loss 1.907 (pi 1.801 v 0.086 q 0.013 c 0.014) | plies 108 decisive 67% | buffer 200000 steps 41104 | 113.2 g/min eta 11.5h
[21925/100000] loss 1.911 (pi 1.806 v 0.085 q 0.013 c 0.014) | plies 106 decisive 69% | buffer 200000 steps 41147 | 113.2 g/min eta 11.5h
[21950/100000] loss 1.913 (pi 1.809 v 0.084 q 0.013 c 0.014) | plies 108 decisive 68% | buffer 200000 steps 41191 | 113.2 g/min eta 11.5h
[21975/100000] loss 1.919 (pi 1.815 v 0.084 q 0.013 c 0.014) | plies 107 decisive 72% | buffer 200000 steps 41242 | 113.2 g/min eta 11.5h
[22000/100000] loss 1.919 (pi 1.813 v 0.086 q 0.013 c 0.014) | plies 108 decisive 72% | buffer 200000 steps 41286 | 113.2 g/min eta 11.5h
  EVAL @22000: q-greedy 3-21-0 | policy-greedy 8-16-0 | search 8-0-0 (eval 21s)
[22025/100000] loss 1.917 (pi 1.812 v 0.086 q 0.013 c 0.014) | plies 111 decisive 70% | buffer 200000 steps 41337 | 113.0 g/min eta 11.5h
[22050/100000] loss 1.913 (pi 1.808 v 0.086 q 0.013 c 0.014) | plies 109 decisive 72% | buffer 200000 steps 41378 | 113.1 g/min eta 11.5h
[22075/100000] loss 1.917 (pi 1.811 v 0.086 q 0.013 c 0.014) | plies 108 decisive 74% | buffer 200000 steps 41425 | 113.1 g/min eta 11.5h
[22100/100000] loss 1.917 (pi 1.810 v 0.087 q 0.013 c 0.013) | plies 108 decisive 74% | buffer 200000 steps 41471 | 113.2 g/min eta 11.5h
[22125/100000] loss 1.927 (pi 1.820 v 0.087 q 0.013 c 0.014) | plies 107 decisive 75% | buffer 200000 steps 41515 | 113.3 g/min eta 11.5h
[22150/100000] loss 1.919 (pi 1.813 v 0.087 q 0.013 c 0.014) | plies 106 decisive 76% | buffer 200000 steps 41560 | 113.3 g/min eta 11.5h
[22175/100000] loss 1.914 (pi 1.808 v 0.087 q 0.013 c 0.013) | plies 105 decisive 77% | buffer 200000 steps 41610 | 113.2 g/min eta 11.5h
[22200/100000] loss 1.916 (pi 1.808 v 0.088 q 0.013 c 0.014) | plies 104 decisive 78% | buffer 200000 steps 41654 | 113.2 g/min eta 11.5h
[22225/100000] loss 1.912 (pi 1.804 v 0.087 q 0.013 c 0.014) | plies 102 decisive 76% | buffer 200000 steps 41695 | 113.2 g/min eta 11.4h
[22250/100000] loss 1.918 (pi 1.811 v 0.087 q 0.013 c 0.014) | plies 101 decisive 78% | buffer 200000 steps 41737 | 113.3 g/min eta 11.4h
[22275/100000] loss 1.920 (pi 1.814 v 0.086 q 0.013 c 0.014) | plies 100 decisive 80% | buffer 200000 steps 41779 | 113.3 g/min eta 11.4h
[22300/100000] loss 1.927 (pi 1.820 v 0.087 q 0.013 c 0.014) | plies 98 decisive 81% | buffer 200000 steps 41818 | 113.3 g/min eta 11.4h
[22325/100000] loss 1.927 (pi 1.820 v 0.087 q 0.013 c 0.014) | plies 100 decisive 79% | buffer 200000 steps 41864 | 113.3 g/min eta 11.4h
[22350/100000] loss 1.921 (pi 1.815 v 0.086 q 0.013 c 0.014) | plies 100 decisive 78% | buffer 200000 steps 41907 | 113.3 g/min eta 11.4h
[22375/100000] loss 1.918 (pi 1.812 v 0.086 q 0.013 c 0.014) | plies 99 decisive 78% | buffer 200000 steps 41953 | 113.4 g/min eta 11.4h
[22400/100000] loss 1.922 (pi 1.815 v 0.087 q 0.013 c 0.014) | plies 100 decisive 76% | buffer 200000 steps 41999 | 113.3 g/min eta 11.4h
[22425/100000] loss 1.919 (pi 1.812 v 0.087 q 0.013 c 0.014) | plies 102 decisive 76% | buffer 200000 steps 42046 | 113.4 g/min eta 11.4h
[22450/100000] loss 1.916 (pi 1.809 v 0.087 q 0.013 c 0.014) | plies 104 decisive 72% | buffer 200000 steps 42092 | 113.4 g/min eta 11.4h
[22475/100000] loss 1.915 (pi 1.808 v 0.087 q 0.013 c 0.014) | plies 105 decisive 72% | buffer 200000 steps 42135 | 113.4 g/min eta 11.4h
[22500/100000] loss 1.911 (pi 1.805 v 0.086 q 0.013 c 0.014) | plies 107 decisive 70% | buffer 200000 steps 42178 | 113.4 g/min eta 11.4h
[22525/100000] loss 1.912 (pi 1.806 v 0.087 q 0.013 c 0.014) | plies 105 decisive 72% | buffer 200000 steps 42215 | 113.4 g/min eta 11.4h
[22550/100000] loss 1.914 (pi 1.807 v 0.087 q 0.013 c 0.014) | plies 105 decisive 72% | buffer 200000 steps 42260 | 113.4 g/min eta 11.4h
[22575/100000] loss 1.921 (pi 1.814 v 0.086 q 0.013 c 0.014) | plies 104 decisive 72% | buffer 200000 steps 42305 | 113.4 g/min eta 11.4h
[22600/100000] loss 1.923 (pi 1.817 v 0.086 q 0.013 c 0.014) | plies 106 decisive 69% | buffer 200000 steps 42352 | 113.4 g/min eta 11.4h
[22625/100000] loss 1.927 (pi 1.821 v 0.086 q 0.013 c 0.014) | plies 105 decisive 70% | buffer 200000 steps 42397 | 113.5 g/min eta 11.4h
[22650/100000] loss 1.930 (pi 1.825 v 0.086 q 0.013 c 0.013) | plies 104 decisive 70% | buffer 200000 steps 42437 | 113.5 g/min eta 11.4h
[22675/100000] loss 1.927 (pi 1.821 v 0.086 q 0.013 c 0.014) | plies 105 decisive 69% | buffer 200000 steps 42481 | 113.5 g/min eta 11.4h
[22700/100000] loss 1.928 (pi 1.822 v 0.086 q 0.013 c 0.014) | plies 104 decisive 72% | buffer 200000 steps 42525 | 113.5 g/min eta 11.4h
[22725/100000] loss 1.929 (pi 1.823 v 0.086 q 0.013 c 0.014) | plies 107 decisive 70% | buffer 200000 steps 42571 | 113.5 g/min eta 11.3h
[22750/100000] loss 1.929 (pi 1.823 v 0.086 q 0.013 c 0.014) | plies 107 decisive 70% | buffer 200000 steps 42616 | 113.5 g/min eta 11.3h
[22775/100000] loss 1.930 (pi 1.822 v 0.087 q 0.013 c 0.014) | plies 107 decisive 70% | buffer 200000 steps 42661 | 113.5 g/min eta 11.3h
[22800/100000] loss 1.934 (pi 1.826 v 0.087 q 0.013 c 0.014) | plies 104 decisive 75% | buffer 200000 steps 42703 | 113.5 g/min eta 11.3h
[22825/100000] loss 1.929 (pi 1.821 v 0.088 q 0.013 c 0.014) | plies 105 decisive 74% | buffer 200000 steps 42750 | 113.6 g/min eta 11.3h
[22850/100000] loss 1.925 (pi 1.817 v 0.088 q 0.013 c 0.014) | plies 105 decisive 74% | buffer 200000 steps 42792 | 113.6 g/min eta 11.3h
[22875/100000] loss 1.922 (pi 1.813 v 0.088 q 0.013 c 0.014) | plies 104 decisive 76% | buffer 200000 steps 42833 | 113.6 g/min eta 11.3h
[22900/100000] loss 1.925 (pi 1.817 v 0.088 q 0.013 c 0.014) | plies 105 decisive 76% | buffer 200000 steps 42879 | 113.6 g/min eta 11.3h
[22925/100000] loss 1.932 (pi 1.823 v 0.089 q 0.013 c 0.014) | plies 104 decisive 76% | buffer 200000 steps 42924 | 113.5 g/min eta 11.3h
[22950/100000] loss 1.931 (pi 1.823 v 0.089 q 0.013 c 0.014) | plies 103 decisive 77% | buffer 200000 steps 42967 | 113.6 g/min eta 11.3h
[22975/100000] loss 1.930 (pi 1.822 v 0.088 q 0.013 c 0.014) | plies 104 decisive 78% | buffer 200000 steps 43014 | 113.6 g/min eta 11.3h
[23000/100000] loss 1.936 (pi 1.827 v 0.088 q 0.013 c 0.014) | plies 105 decisive 76% | buffer 200000 steps 43057 | 113.6 g/min eta 11.3h
  EVAL @23000: q-greedy 5-19-0 | policy-greedy 5-19-0 | search 8-0-0 (eval 25s)
[23025/100000] loss 1.939 (pi 1.831 v 0.088 q 0.013 c 0.014) | plies 106 decisive 74% | buffer 200000 steps 43108 | 113.4 g/min eta 11.3h
[23050/100000] loss 1.942 (pi 1.834 v 0.088 q 0.013 c 0.014) | plies 106 decisive 75% | buffer 200000 steps 43149 | 113.4 g/min eta 11.3h
[23075/100000] loss 1.936 (pi 1.828 v 0.088 q 0.013 c 0.014) | plies 107 decisive 74% | buffer 200000 steps 43193 | 113.5 g/min eta 11.3h
[23100/100000] loss 1.940 (pi 1.832 v 0.088 q 0.013 c 0.014) | plies 106 decisive 74% | buffer 200000 steps 43237 | 113.6 g/min eta 11.3h
[23125/100000] loss 1.931 (pi 1.824 v 0.087 q 0.013 c 0.014) | plies 108 decisive 74% | buffer 200000 steps 43285 | 113.6 g/min eta 11.3h
[23150/100000] loss 1.934 (pi 1.827 v 0.087 q 0.013 c 0.014) | plies 108 decisive 72% | buffer 200000 steps 43328 | 113.6 g/min eta 11.3h
[23175/100000] loss 1.929 (pi 1.822 v 0.087 q 0.013 c 0.014) | plies 109 decisive 69% | buffer 200000 steps 43374 | 113.7 g/min eta 11.3h
[23200/100000] loss 1.934 (pi 1.827 v 0.087 q 0.013 c 0.013) | plies 109 decisive 70% | buffer 200000 steps 43416 | 113.7 g/min eta 11.3h
[23225/100000] loss 1.936 (pi 1.829 v 0.087 q 0.013 c 0.014) | plies 105 decisive 73% | buffer 200000 steps 43456 | 113.7 g/min eta 11.3h
[23250/100000] loss 1.937 (pi 1.829 v 0.088 q 0.013 c 0.014) | plies 105 decisive 73% | buffer 200000 steps 43499 | 113.7 g/min eta 11.3h
[23275/100000] loss 1.936 (pi 1.827 v 0.088 q 0.014 c 0.014) | plies 105 decisive 74% | buffer 200000 steps 43542 | 113.7 g/min eta 11.2h
[23300/100000] loss 1.931 (pi 1.822 v 0.088 q 0.014 c 0.014) | plies 106 decisive 72% | buffer 200000 steps 43590 | 113.7 g/min eta 11.2h
[23325/100000] loss 1.935 (pi 1.827 v 0.088 q 0.013 c 0.014) | plies 105 decisive 72% | buffer 200000 steps 43634 | 113.7 g/min eta 11.2h
[23350/100000] loss 1.931 (pi 1.822 v 0.088 q 0.014 c 0.014) | plies 105 decisive 73% | buffer 200000 steps 43679 | 113.7 g/min eta 11.2h
[23375/100000] loss 1.929 (pi 1.820 v 0.089 q 0.014 c 0.014) | plies 103 decisive 74% | buffer 200000 steps 43720 | 113.7 g/min eta 11.2h
[23400/100000] loss 1.930 (pi 1.821 v 0.089 q 0.014 c 0.014) | plies 104 decisive 73% | buffer 200000 steps 43768 | 113.7 g/min eta 11.2h
[23425/100000] loss 1.939 (pi 1.829 v 0.089 q 0.013 c 0.014) | plies 105 decisive 71% | buffer 200000 steps 43813 | 113.7 g/min eta 11.2h
[23450/100000] loss 1.939 (pi 1.830 v 0.089 q 0.013 c 0.014) | plies 106 decisive 70% | buffer 200000 steps 43856 | 113.8 g/min eta 11.2h
[23475/100000] loss 1.937 (pi 1.827 v 0.089 q 0.013 c 0.014) | plies 109 decisive 68% | buffer 200000 steps 43903 | 113.8 g/min eta 11.2h
[23500/100000] loss 1.935 (pi 1.826 v 0.089 q 0.013 c 0.014) | plies 106 decisive 71% | buffer 200000 steps 43946 | 113.8 g/min eta 11.2h
[23525/100000] loss 1.933 (pi 1.823 v 0.089 q 0.013 c 0.014) | plies 107 decisive 70% | buffer 200000 steps 43993 | 113.8 g/min eta 11.2h
[23550/100000] loss 1.935 (pi 1.825 v 0.089 q 0.014 c 0.015) | plies 108 decisive 70% | buffer 200000 steps 44042 | 113.7 g/min eta 11.2h
[23575/100000] loss 1.933 (pi 1.823 v 0.088 q 0.013 c 0.015) | plies 109 decisive 70% | buffer 200000 steps 44087 | 113.7 g/min eta 11.2h
[23600/100000] loss 1.935 (pi 1.825 v 0.089 q 0.014 c 0.015) | plies 109 decisive 72% | buffer 200000 steps 44135 | 113.8 g/min eta 11.2h
[23625/100000] loss 1.928 (pi 1.820 v 0.088 q 0.013 c 0.015) | plies 107 decisive 74% | buffer 200000 steps 44175 | 113.8 g/min eta 11.2h
[23650/100000] loss 1.933 (pi 1.824 v 0.089 q 0.013 c 0.015) | plies 108 decisive 74% | buffer 200000 steps 44217 | 113.8 g/min eta 11.2h
[23675/100000] loss 1.933 (pi 1.823 v 0.088 q 0.013 c 0.015) | plies 106 decisive 74% | buffer 200000 steps 44264 | 113.8 g/min eta 11.2h
[23700/100000] loss 1.930 (pi 1.821 v 0.089 q 0.014 c 0.015) | plies 107 decisive 73% | buffer 200000 steps 44310 | 113.8 g/min eta 11.2h
[23725/100000] loss 1.935 (pi 1.825 v 0.089 q 0.013 c 0.015) | plies 106 decisive 75% | buffer 200000 steps 44358 | 113.8 g/min eta 11.2h
[23750/100000] loss 1.934 (pi 1.824 v 0.089 q 0.013 c 0.015) | plies 105 decisive 74% | buffer 200000 steps 44401 | 113.8 g/min eta 11.2h
[23775/100000] loss 1.932 (pi 1.822 v 0.089 q 0.013 c 0.015) | plies 107 decisive 73% | buffer 200000 steps 44450 | 113.8 g/min eta 11.2h
[23800/100000] loss 1.929 (pi 1.819 v 0.089 q 0.013 c 0.014) | plies 107 decisive 72% | buffer 200000 steps 44496 | 113.9 g/min eta 11.2h
[23825/100000] loss 1.927 (pi 1.818 v 0.088 q 0.013 c 0.014) | plies 108 decisive 72% | buffer 200000 steps 44541 | 113.9 g/min eta 11.2h
[23850/100000] loss 1.926 (pi 1.818 v 0.088 q 0.013 c 0.014) | plies 107 decisive 72% | buffer 200000 steps 44587 | 113.8 g/min eta 11.1h
[23875/100000] loss 1.925 (pi 1.817 v 0.088 q 0.013 c 0.014) | plies 107 decisive 72% | buffer 200000 steps 44632 | 113.9 g/min eta 11.1h
[23900/100000] loss 1.925 (pi 1.818 v 0.087 q 0.013 c 0.015) | plies 108 decisive 73% | buffer 200000 steps 44680 | 113.9 g/min eta 11.1h
[23925/100000] loss 1.927 (pi 1.819 v 0.087 q 0.013 c 0.015) | plies 106 decisive 74% | buffer 200000 steps 44726 | 113.9 g/min eta 11.1h
[23950/100000] loss 1.933 (pi 1.825 v 0.088 q 0.013 c 0.014) | plies 106 decisive 74% | buffer 200000 steps 44771 | 113.9 g/min eta 11.1h
[23975/100000] loss 1.929 (pi 1.821 v 0.087 q 0.013 c 0.014) | plies 104 decisive 76% | buffer 200000 steps 44812 | 113.9 g/min eta 11.1h
[24000/100000] loss 1.927 (pi 1.819 v 0.088 q 0.013 c 0.014) | plies 104 decisive 77% | buffer 200000 steps 44861 | 113.9 g/min eta 11.1h
  EVAL @24000: q-greedy 5-19-0 | policy-greedy 5-19-0 | search 8-0-0 (eval 23s)
[24025/100000] loss 1.927 (pi 1.819 v 0.087 q 0.013 c 0.015) | plies 105 decisive 76% | buffer 200000 steps 44904 | 113.7 g/min eta 11.1h
[24050/100000] loss 1.924 (pi 1.816 v 0.088 q 0.013 c 0.014) | plies 106 decisive 74% | buffer 200000 steps 44951 | 113.8 g/min eta 11.1h
[24075/100000] loss 1.926 (pi 1.818 v 0.087 q 0.013 c 0.014) | plies 105 decisive 76% | buffer 200000 steps 44994 | 113.8 g/min eta 11.1h
[24100/100000] loss 1.928 (pi 1.820 v 0.087 q 0.013 c 0.014) | plies 105 decisive 74% | buffer 200000 steps 45037 | 113.9 g/min eta 11.1h
[24125/100000] loss 1.931 (pi 1.822 v 0.088 q 0.013 c 0.014) | plies 107 decisive 70% | buffer 200000 steps 45080 | 113.9 g/min eta 11.1h
[24150/100000] loss 1.930 (pi 1.821 v 0.088 q 0.013 c 0.015) | plies 106 decisive 70% | buffer 200000 steps 45124 | 113.9 g/min eta 11.1h
[24175/100000] loss 1.917 (pi 1.809 v 0.088 q 0.013 c 0.014) | plies 105 decisive 70% | buffer 200000 steps 45168 | 113.9 g/min eta 11.1h
[24200/100000] loss 1.921 (pi 1.813 v 0.087 q 0.013 c 0.014) | plies 104 decisive 72% | buffer 200000 steps 45210 | 113.9 g/min eta 11.1h
[24225/100000] loss 1.915 (pi 1.807 v 0.088 q 0.013 c 0.014) | plies 104 decisive 72% | buffer 200000 steps 45251 | 114.0 g/min eta 11.1h
[24250/100000] loss 1.918 (pi 1.810 v 0.088 q 0.013 c 0.014) | plies 104 decisive 74% | buffer 200000 steps 45295 | 114.0 g/min eta 11.1h
[24275/100000] loss 1.915 (pi 1.808 v 0.087 q 0.013 c 0.014) | plies 105 decisive 71% | buffer 200000 steps 45343 | 114.0 g/min eta 11.1h
[24300/100000] loss 1.919 (pi 1.811 v 0.088 q 0.013 c 0.014) | plies 106 decisive 72% | buffer 200000 steps 45391 | 114.0 g/min eta 11.1h
[24325/100000] loss 1.923 (pi 1.814 v 0.088 q 0.013 c 0.014) | plies 106 decisive 73% | buffer 200000 steps 45439 | 114.0 g/min eta 11.1h
[24350/100000] loss 1.910 (pi 1.803 v 0.088 q 0.013 c 0.015) | plies 107 decisive 72% | buffer 200000 steps 45486 | 114.0 g/min eta 11.1h
[24375/100000] loss 1.905 (pi 1.797 v 0.088 q 0.013 c 0.015) | plies 108 decisive 71% | buffer 200000 steps 45532 | 114.0 g/min eta 11.1h
[24400/100000] loss 1.912 (pi 1.803 v 0.088 q 0.013 c 0.015) | plies 108 decisive 70% | buffer 200000 steps 45577 | 114.0 g/min eta 11.1h
[24425/100000] loss 1.913 (pi 1.805 v 0.087 q 0.013 c 0.015) | plies 108 decisive 70% | buffer 200000 steps 45621 | 114.0 g/min eta 11.0h
[24450/100000] loss 1.915 (pi 1.807 v 0.087 q 0.013 c 0.015) | plies 107 decisive 72% | buffer 200000 steps 45668 | 114.0 g/min eta 11.0h
[24475/100000] loss 1.916 (pi 1.807 v 0.088 q 0.013 c 0.015) | plies 108 decisive 72% | buffer 200000 steps 45712 | 114.0 g/min eta 11.0h
[24500/100000] loss 1.918 (pi 1.810 v 0.087 q 0.013 c 0.015) | plies 106 decisive 74% | buffer 200000 steps 45757 | 114.0 g/min eta 11.0h
[24525/100000] loss 1.918 (pi 1.811 v 0.087 q 0.013 c 0.015) | plies 108 decisive 74% | buffer 200000 steps 45804 | 114.0 g/min eta 11.0h
[24550/100000] loss 1.916 (pi 1.809 v 0.087 q 0.013 c 0.015) | plies 108 decisive 74% | buffer 200000 steps 45849 | 114.0 g/min eta 11.0h
[24575/100000] loss 1.912 (pi 1.804 v 0.088 q 0.013 c 0.015) | plies 108 decisive 74% | buffer 200000 steps 45894 | 114.0 g/min eta 11.0h
[24600/100000] loss 1.912 (pi 1.803 v 0.087 q 0.013 c 0.015) | plies 108 decisive 72% | buffer 200000 steps 45940 | 114.0 g/min eta 11.0h
[24625/100000] loss 1.909 (pi 1.801 v 0.087 q 0.013 c 0.015) | plies 108 decisive 72% | buffer 200000 steps 45980 | 114.1 g/min eta 11.0h
[24650/100000] loss 1.906 (pi 1.799 v 0.087 q 0.013 c 0.014) | plies 108 decisive 70% | buffer 200000 steps 46025 | 114.1 g/min eta 11.0h
[24675/100000] loss 1.907 (pi 1.800 v 0.086 q 0.013 c 0.015) | plies 108 decisive 70% | buffer 200000 steps 46068 | 114.1 g/min eta 11.0h
[24700/100000] loss 1.906 (pi 1.799 v 0.087 q 0.013 c 0.015) | plies 109 decisive 68% | buffer 200000 steps 46115 | 114.1 g/min eta 11.0h
[24725/100000] loss 1.902 (pi 1.795 v 0.086 q 0.013 c 0.014) | plies 106 decisive 70% | buffer 200000 steps 46158 | 114.1 g/min eta 11.0h
[24750/100000] loss 1.911 (pi 1.804 v 0.087 q 0.013 c 0.014) | plies 105 decisive 70% | buffer 200000 steps 46203 | 114.1 g/min eta 11.0h
[24775/100000] loss 1.906 (pi 1.798 v 0.087 q 0.013 c 0.015) | plies 108 decisive 68% | buffer 200000 steps 46252 | 114.1 g/min eta 11.0h
[24800/100000] loss 1.902 (pi 1.795 v 0.087 q 0.013 c 0.015) | plies 109 decisive 68% | buffer 200000 steps 46296 | 114.1 g/min eta 11.0h
[24825/100000] loss 1.897 (pi 1.791 v 0.087 q 0.013 c 0.014) | plies 109 decisive 68% | buffer 200000 steps 46342 | 114.1 g/min eta 11.0h
[24850/100000] loss 1.898 (pi 1.791 v 0.087 q 0.013 c 0.014) | plies 109 decisive 68% | buffer 200000 steps 46386 | 114.1 g/min eta 11.0h
[24875/100000] loss 1.900 (pi 1.792 v 0.087 q 0.013 c 0.015) | plies 107 decisive 70% | buffer 200000 steps 46431 | 114.1 g/min eta 11.0h
[24900/100000] loss 1.898 (pi 1.790 v 0.087 q 0.013 c 0.015) | plies 110 decisive 69% | buffer 200000 steps 46483 | 114.1 g/min eta 11.0h
[24925/100000] loss 1.895 (pi 1.788 v 0.087 q 0.013 c 0.015) | plies 111 decisive 69% | buffer 200000 steps 46531 | 114.2 g/min eta 11.0h
[24950/100000] loss 1.891 (pi 1.783 v 0.087 q 0.013 c 0.014) | plies 111 decisive 68% | buffer 200000 steps 46578 | 114.2 g/min eta 11.0h
[24975/100000] loss 1.892 (pi 1.784 v 0.087 q 0.013 c 0.015) | plies 109 decisive 70% | buffer 200000 steps 46624 | 114.2 g/min eta 11.0h
[25000/100000] loss 1.887 (pi 1.780 v 0.087 q 0.013 c 0.015) | plies 109 decisive 70% | buffer 200000 steps 46671 | 114.1 g/min eta 11.0h
  EVAL @25000: q-greedy 2-22-0 | policy-greedy 9-15-0 | search 6-2-0 (eval 33s)
[25025/100000] loss 1.885 (pi 1.778 v 0.087 q 0.013 c 0.015) | plies 110 decisive 70% | buffer 200000 steps 46714 | 113.8 g/min eta 11.0h
[25050/100000] loss 1.890 (pi 1.783 v 0.087 q 0.013 c 0.014) | plies 111 decisive 69% | buffer 200000 steps 46764 | 113.9 g/min eta 11.0h
[25075/100000] loss 1.888 (pi 1.780 v 0.088 q 0.013 c 0.015) | plies 111 decisive 70% | buffer 200000 steps 46811 | 114.0 g/min eta 11.0h
[25100/100000] loss 1.896 (pi 1.788 v 0.087 q 0.013 c 0.015) | plies 109 decisive 71% | buffer 200000 steps 46857 | 114.0 g/min eta 10.9h
[25125/100000] loss 1.894 (pi 1.785 v 0.088 q 0.013 c 0.014) | plies 110 decisive 70% | buffer 200000 steps 46905 | 114.1 g/min eta 10.9h
[25150/100000] loss 1.892 (pi 1.784 v 0.087 q 0.013 c 0.014) | plies 110 decisive 69% | buffer 200000 steps 46950 | 114.1 g/min eta 10.9h
[25175/100000] loss 1.891 (pi 1.784 v 0.087 q 0.013 c 0.014) | plies 108 decisive 71% | buffer 200000 steps 46994 | 114.1 g/min eta 10.9h
[25200/100000] loss 1.889 (pi 1.782 v 0.087 q 0.013 c 0.014) | plies 107 decisive 73% | buffer 200000 steps 47041 | 114.1 g/min eta 10.9h
[25225/100000] loss 1.888 (pi 1.780 v 0.088 q 0.013 c 0.014) | plies 108 decisive 72% | buffer 200000 steps 47088 | 114.1 g/min eta 10.9h
[25250/100000] loss 1.889 (pi 1.781 v 0.088 q 0.013 c 0.014) | plies 109 decisive 70% | buffer 200000 steps 47136 | 114.1 g/min eta 10.9h
[25275/100000] loss 1.890 (pi 1.782 v 0.088 q 0.013 c 0.015) | plies 110 decisive 69% | buffer 200000 steps 47186 | 114.1 g/min eta 10.9h
[25300/100000] loss 1.888 (pi 1.781 v 0.087 q 0.013 c 0.014) | plies 109 decisive 71% | buffer 200000 steps 47228 | 114.1 g/min eta 10.9h
[25325/100000] loss 1.892 (pi 1.786 v 0.086 q 0.013 c 0.014) | plies 107 decisive 72% | buffer 200000 steps 47269 | 114.1 g/min eta 10.9h
[25350/100000] loss 1.890 (pi 1.783 v 0.086 q 0.013 c 0.015) | plies 108 decisive 74% | buffer 200000 steps 47313 | 114.1 g/min eta 10.9h
[25375/100000] loss 1.892 (pi 1.786 v 0.086 q 0.013 c 0.015) | plies 107 decisive 72% | buffer 200000 steps 47356 | 114.2 g/min eta 10.9h
[25400/100000] loss 1.897 (pi 1.790 v 0.086 q 0.013 c 0.014) | plies 108 decisive 72% | buffer 200000 steps 47405 | 114.2 g/min eta 10.9h
[25425/100000] loss 1.895 (pi 1.787 v 0.087 q 0.013 c 0.014) | plies 107 decisive 75% | buffer 200000 steps 47451 | 114.2 g/min eta 10.9h
[25450/100000] loss 1.898 (pi 1.790 v 0.088 q 0.013 c 0.014) | plies 107 decisive 77% | buffer 200000 steps 47502 | 114.2 g/min eta 10.9h
[25475/100000] loss 1.901 (pi 1.793 v 0.088 q 0.013 c 0.014) | plies 108 decisive 76% | buffer 200000 steps 47554 | 114.2 g/min eta 10.9h
[25500/100000] loss 1.893 (pi 1.785 v 0.088 q 0.013 c 0.014) | plies 109 decisive 73% | buffer 200000 steps 47597 | 114.2 g/min eta 10.9h
[25525/100000] loss 1.891 (pi 1.783 v 0.088 q 0.013 c 0.014) | plies 109 decisive 74% | buffer 200000 steps 47639 | 114.2 g/min eta 10.9h
[25550/100000] loss 1.885 (pi 1.778 v 0.087 q 0.013 c 0.014) | plies 110 decisive 72% | buffer 200000 steps 47688 | 114.1 g/min eta 10.9h
[25575/100000] loss 1.881 (pi 1.774 v 0.087 q 0.013 c 0.014) | plies 112 decisive 72% | buffer 200000 steps 47732 | 114.2 g/min eta 10.9h
[25600/100000] loss 1.886 (pi 1.778 v 0.088 q 0.013 c 0.014) | plies 113 decisive 72% | buffer 200000 steps 47783 | 114.1 g/min eta 10.9h
[25625/100000] loss 1.881 (pi 1.773 v 0.088 q 0.013 c 0.014) | plies 112 decisive 70% | buffer 200000 steps 47826 | 114.1 g/min eta 10.9h
[25650/100000] loss 1.883 (pi 1.775 v 0.088 q 0.013 c 0.014) | plies 109 decisive 73% | buffer 200000 steps 47869 | 114.2 g/min eta 10.9h
[25675/100000] loss 1.889 (pi 1.781 v 0.088 q 0.013 c 0.014) | plies 108 decisive 76% | buffer 200000 steps 47917 | 114.2 g/min eta 10.8h
[25700/100000] loss 1.882 (pi 1.773 v 0.089 q 0.013 c 0.014) | plies 107 decisive 77% | buffer 200000 steps 47961 | 114.2 g/min eta 10.8h
[25725/100000] loss 1.891 (pi 1.781 v 0.089 q 0.014 c 0.014) | plies 109 decisive 76% | buffer 200000 steps 48011 | 114.2 g/min eta 10.8h
[25750/100000] loss 1.887 (pi 1.777 v 0.089 q 0.013 c 0.014) | plies 108 decisive 74% | buffer 200000 steps 48053 | 114.3 g/min eta 10.8h
[25775/100000] loss 1.890 (pi 1.781 v 0.089 q 0.014 c 0.015) | plies 108 decisive 74% | buffer 200000 steps 48103 | 114.3 g/min eta 10.8h
[25800/100000] loss 1.889 (pi 1.779 v 0.089 q 0.014 c 0.015) | plies 109 decisive 74% | buffer 200000 steps 48155 | 114.2 g/min eta 10.8h
[25825/100000] loss 1.880 (pi 1.770 v 0.089 q 0.014 c 0.015) | plies 110 decisive 73% | buffer 200000 steps 48199 | 114.2 g/min eta 10.8h
[25850/100000] loss 1.875 (pi 1.766 v 0.088 q 0.014 c 0.015) | plies 111 decisive 72% | buffer 200000 steps 48245 | 114.2 g/min eta 10.8h
[25875/100000] loss 1.875 (pi 1.766 v 0.089 q 0.013 c 0.014) | plies 110 decisive 72% | buffer 200000 steps 48290 | 114.2 g/min eta 10.8h
[25900/100000] loss 1.881 (pi 1.771 v 0.089 q 0.013 c 0.015) | plies 110 decisive 70% | buffer 200000 steps 48334 | 114.2 g/min eta 10.8h
[25925/100000] loss 1.880 (pi 1.770 v 0.089 q 0.013 c 0.015) | plies 109 decisive 70% | buffer 200000 steps 48379 | 114.2 g/min eta 10.8h
[25950/100000] loss 1.881 (pi 1.771 v 0.089 q 0.014 c 0.015) | plies 110 decisive 71% | buffer 200000 steps 48423 | 114.2 g/min eta 10.8h
[25975/100000] loss 1.882 (pi 1.774 v 0.088 q 0.013 c 0.015) | plies 110 decisive 68% | buffer 200000 steps 48471 | 114.2 g/min eta 10.8h
[26000/100000] loss 1.881 (pi 1.773 v 0.087 q 0.013 c 0.015) | plies 109 decisive 69% | buffer 200000 steps 48517 | 114.3 g/min eta 10.8h
  EVAL @26000: q-greedy 12-12-0 | policy-greedy 5-19-0 | search 8-0-0 (eval 21s)
[26025/100000] loss 1.880 (pi 1.771 v 0.088 q 0.013 c 0.015) | plies 109 decisive 68% | buffer 200000 steps 48564 | 114.1 g/min eta 10.8h
[26050/100000] loss 1.884 (pi 1.775 v 0.088 q 0.014 c 0.015) | plies 110 decisive 68% | buffer 200000 steps 48607 | 114.1 g/min eta 10.8h
[26075/100000] loss 1.880 (pi 1.771 v 0.088 q 0.014 c 0.015) | plies 111 decisive 67% | buffer 200000 steps 48652 | 114.2 g/min eta 10.8h
[26100/100000] loss 1.889 (pi 1.780 v 0.088 q 0.014 c 0.015) | plies 114 decisive 66% | buffer 200000 steps 48698 | 114.3 g/min eta 10.8h
[26125/100000] loss 1.886 (pi 1.778 v 0.088 q 0.014 c 0.015) | plies 114 decisive 66% | buffer 200000 steps 48744 | 114.3 g/min eta 10.8h
[26150/100000] loss 1.886 (pi 1.777 v 0.088 q 0.013 c 0.015) | plies 113 decisive 67% | buffer 200000 steps 48791 | 114.3 g/min eta 10.8h
[26175/100000] loss 1.884 (pi 1.776 v 0.088 q 0.014 c 0.015) | plies 111 decisive 70% | buffer 200000 steps 48835 | 114.2 g/min eta 10.8h
[26200/100000] loss 1.889 (pi 1.778 v 0.089 q 0.014 c 0.015) | plies 110 decisive 72% | buffer 200000 steps 48879 | 114.3 g/min eta 10.8h
[26225/100000] loss 1.892 (pi 1.783 v 0.088 q 0.014 c 0.015) | plies 108 decisive 76% | buffer 200000 steps 48924 | 114.3 g/min eta 10.8h
[26250/100000] loss 1.893 (pi 1.782 v 0.089 q 0.014 c 0.015) | plies 108 decisive 75% | buffer 200000 steps 48972 | 114.3 g/min eta 10.8h
[26275/100000] loss 1.893 (pi 1.783 v 0.089 q 0.013 c 0.015) | plies 107 decisive 76% | buffer 200000 steps 49021 | 114.3 g/min eta 10.8h
[26300/100000] loss 1.887 (pi 1.777 v 0.090 q 0.013 c 0.014) | plies 106 decisive 78% | buffer 200000 steps 49067 | 114.3 g/min eta 10.8h
[26325/100000] loss 1.889 (pi 1.779 v 0.090 q 0.013 c 0.014) | plies 105 decisive 78% | buffer 200000 steps 49113 | 114.3 g/min eta 10.7h
[26350/100000] loss 1.895 (pi 1.785 v 0.090 q 0.013 c 0.015) | plies 105 decisive 79% | buffer 200000 steps 49157 | 114.3 g/min eta 10.7h
[26375/100000] loss 1.887 (pi 1.776 v 0.090 q 0.013 c 0.016) | plies 106 decisive 79% | buffer 200000 steps 49205 | 114.3 g/min eta 10.7h
[26400/100000] loss 1.891 (pi 1.780 v 0.090 q 0.013 c 0.015) | plies 107 decisive 78% | buffer 200000 steps 49250 | 114.3 g/min eta 10.7h
[26425/100000] loss 1.896 (pi 1.785 v 0.090 q 0.013 c 0.015) | plies 110 decisive 75% | buffer 200000 steps 49301 | 114.3 g/min eta 10.7h
[26450/100000] loss 1.897 (pi 1.786 v 0.091 q 0.014 c 0.015) | plies 109 decisive 75% | buffer 200000 steps 49346 | 114.4 g/min eta 10.7h
[26475/100000] loss 1.886 (pi 1.775 v 0.090 q 0.013 c 0.015) | plies 109 decisive 74% | buffer 200000 steps 49391 | 114.4 g/min eta 10.7h
[26500/100000] loss 1.892 (pi 1.779 v 0.091 q 0.013 c 0.015) | plies 107 decisive 76% | buffer 200000 steps 49433 | 114.4 g/min eta 10.7h
[26525/100000] loss 1.902 (pi 1.789 v 0.092 q 0.013 c 0.015) | plies 105 decisive 79% | buffer 200000 steps 49477 | 114.3 g/min eta 10.7h
[26550/100000] loss 1.911 (pi 1.797 v 0.093 q 0.014 c 0.016) | plies 106 decisive 78% | buffer 200000 steps 49523 | 114.3 g/min eta 10.7h
[26575/100000] loss 1.906 (pi 1.792 v 0.092 q 0.014 c 0.016) | plies 106 decisive 76% | buffer 200000 steps 49568 | 114.4 g/min eta 10.7h
[26600/100000] loss 1.907 (pi 1.793 v 0.092 q 0.014 c 0.015) | plies 105 decisive 78% | buffer 200000 steps 49610 | 114.4 g/min eta 10.7h
[26625/100000] loss 1.904 (pi 1.790 v 0.092 q 0.014 c 0.015) | plies 102 decisive 80% | buffer 200000 steps 49660 | 114.4 g/min eta 10.7h
[26650/100000] loss 1.904 (pi 1.791 v 0.092 q 0.013 c 0.016) | plies 101 decisive 82% | buffer 200000 steps 49704 | 114.4 g/min eta 10.7h
[26675/100000] loss 1.898 (pi 1.785 v 0.092 q 0.013 c 0.015) | plies 102 decisive 82% | buffer 200000 steps 49752 | 114.4 g/min eta 10.7h
[26700/100000] loss 1.897 (pi 1.784 v 0.092 q 0.013 c 0.015) | plies 104 decisive 80% | buffer 200000 steps 49799 | 114.4 g/min eta 10.7h
[26725/100000] loss 1.907 (pi 1.795 v 0.092 q 0.014 c 0.016) | plies 105 decisive 78% | buffer 200000 steps 49844 | 114.4 g/min eta 10.7h
[26750/100000] loss 1.902 (pi 1.789 v 0.092 q 0.014 c 0.016) | plies 105 decisive 78% | buffer 200000 steps 49891 | 114.4 g/min eta 10.7h
[26775/100000] loss 1.901 (pi 1.788 v 0.091 q 0.014 c 0.016) | plies 104 decisive 79% | buffer 200000 steps 49934 | 114.4 g/min eta 10.7h
[26800/100000] loss 1.903 (pi 1.790 v 0.092 q 0.014 c 0.016) | plies 105 decisive 77% | buffer 200000 steps 49977 | 114.4 g/min eta 10.7h
[26825/100000] loss 1.894 (pi 1.782 v 0.091 q 0.014 c 0.016) | plies 105 decisive 75% | buffer 200000 steps 50025 | 114.4 g/min eta 10.7h
[26850/100000] loss 1.900 (pi 1.788 v 0.091 q 0.014 c 0.016) | plies 107 decisive 72% | buffer 200000 steps 50071 | 114.5 g/min eta 10.7h
[26875/100000] loss 1.898 (pi 1.786 v 0.091 q 0.014 c 0.015) | plies 106 decisive 75% | buffer 200000 steps 50116 | 114.4 g/min eta 10.6h
[26900/100000] loss 1.900 (pi 1.787 v 0.091 q 0.014 c 0.016) | plies 105 decisive 76% | buffer 200000 steps 50160 | 114.5 g/min eta 10.6h
[26925/100000] loss 1.899 (pi 1.787 v 0.091 q 0.014 c 0.015) | plies 105 decisive 76% | buffer 200000 steps 50207 | 114.5 g/min eta 10.6h
[26950/100000] loss 1.897 (pi 1.785 v 0.091 q 0.014 c 0.015) | plies 106 decisive 74% | buffer 200000 steps 50257 | 114.4 g/min eta 10.6h
[26975/100000] loss 1.896 (pi 1.784 v 0.091 q 0.013 c 0.016) | plies 106 decisive 74% | buffer 200000 steps 50305 | 114.5 g/min eta 10.6h
[27000/100000] loss 1.898 (pi 1.784 v 0.092 q 0.014 c 0.016) | plies 107 decisive 75% | buffer 200000 steps 50351 | 114.4 g/min eta 10.6h
  EVAL @27000: q-greedy 5-19-0 | policy-greedy 7-17-0 | search 8-0-0 (eval 23s)
[27025/100000] loss 1.905 (pi 1.791 v 0.092 q 0.014 c 0.016) | plies 108 decisive 74% | buffer 200000 steps 50398 | 114.2 g/min eta 10.6h
[27050/100000] loss 1.901 (pi 1.787 v 0.092 q 0.014 c 0.016) | plies 108 decisive 74% | buffer 200000 steps 50445 | 114.3 g/min eta 10.6h
[27075/100000] loss 1.904 (pi 1.791 v 0.092 q 0.014 c 0.016) | plies 109 decisive 72% | buffer 200000 steps 50487 | 114.4 g/min eta 10.6h
[27100/100000] loss 1.904 (pi 1.793 v 0.090 q 0.014 c 0.016) | plies 110 decisive 72% | buffer 200000 steps 50533 | 114.4 g/min eta 10.6h
[27125/100000] loss 1.905 (pi 1.793 v 0.091 q 0.014 c 0.016) | plies 113 decisive 69% | buffer 200000 steps 50582 | 114.5 g/min eta 10.6h
[27150/100000] loss 1.896 (pi 1.784 v 0.090 q 0.014 c 0.016) | plies 110 decisive 72% | buffer 200000 steps 50631 | 114.5 g/min eta 10.6h
[27175/100000] loss 1.903 (pi 1.790 v 0.091 q 0.014 c 0.016) | plies 112 decisive 71% | buffer 200000 steps 50681 | 114.5 g/min eta 10.6h
[27200/100000] loss 1.898 (pi 1.784 v 0.092 q 0.014 c 0.016) | plies 111 decisive 72% | buffer 200000 steps 50727 | 114.5 g/min eta 10.6h
[27225/100000] loss 1.908 (pi 1.794 v 0.092 q 0.014 c 0.016) | plies 108 decisive 74% | buffer 200000 steps 50769 | 114.5 g/min eta 10.6h
[27250/100000] loss 1.903 (pi 1.790 v 0.092 q 0.014 c 0.016) | plies 106 decisive 75% | buffer 200000 steps 50813 | 114.5 g/min eta 10.6h
[27275/100000] loss 1.903 (pi 1.790 v 0.091 q 0.014 c 0.016) | plies 108 decisive 74% | buffer 200000 steps 50860 | 114.5 g/min eta 10.6h
[27300/100000] loss 1.902 (pi 1.790 v 0.090 q 0.014 c 0.016) | plies 110 decisive 72% | buffer 200000 steps 50910 | 114.5 g/min eta 10.6h
[27325/100000] loss 1.902 (pi 1.790 v 0.091 q 0.014 c 0.016) | plies 108 decisive 74% | buffer 200000 steps 50959 | 114.5 g/min eta 10.6h
[27350/100000] loss 1.906 (pi 1.794 v 0.091 q 0.014 c 0.015) | plies 108 decisive 72% | buffer 200000 steps 51001 | 114.5 g/min eta 10.6h
[27375/100000] loss 1.903 (pi 1.791 v 0.091 q 0.014 c 0.015) | plies 105 decisive 74% | buffer 200000 steps 51043 | 114.5 g/min eta 10.6h
[27400/100000] loss 1.905 (pi 1.793 v 0.091 q 0.014 c 0.015) | plies 108 decisive 72% | buffer 200000 steps 51090 | 114.5 g/min eta 10.6h
[27425/100000] loss 1.905 (pi 1.793 v 0.091 q 0.014 c 0.015) | plies 110 decisive 70% | buffer 200000 steps 51136 | 114.5 g/min eta 10.6h
[27450/100000] loss 1.909 (pi 1.797 v 0.091 q 0.014 c 0.015) | plies 112 decisive 68% | buffer 200000 steps 51184 | 114.5 g/min eta 10.6h
[27475/100000] loss 1.913 (pi 1.800 v 0.091 q 0.014 c 0.016) | plies 111 decisive 68% | buffer 200000 steps 51228 | 114.5 g/min eta 10.6h
[27500/100000] loss 1.916 (pi 1.803 v 0.092 q 0.014 c 0.016) | plies 109 decisive 71% | buffer 200000 steps 51278 | 114.5 g/min eta 10.5h
[27525/100000] loss 1.910 (pi 1.797 v 0.092 q 0.014 c 0.015) | plies 109 decisive 71% | buffer 200000 steps 51323 | 114.5 g/min eta 10.5h
[27550/100000] loss 1.911 (pi 1.798 v 0.092 q 0.013 c 0.016) | plies 109 decisive 70% | buffer 200000 steps 51364 | 114.6 g/min eta 10.5h
[27575/100000] loss 1.912 (pi 1.799 v 0.091 q 0.014 c 0.015) | plies 109 decisive 70% | buffer 200000 steps 51410 | 114.6 g/min eta 10.5h
[27600/100000] loss 1.909 (pi 1.797 v 0.091 q 0.014 c 0.015) | plies 108 decisive 71% | buffer 200000 steps 51457 | 114.6 g/min eta 10.5h
[27625/100000] loss 1.904 (pi 1.790 v 0.092 q 0.014 c 0.015) | plies 106 decisive 72% | buffer 200000 steps 51501 | 114.6 g/min eta 10.5h
[27650/100000] loss 1.907 (pi 1.794 v 0.091 q 0.014 c 0.016) | plies 106 decisive 74% | buffer 200000 steps 51550 | 114.6 g/min eta 10.5h
[27675/100000] loss 1.904 (pi 1.791 v 0.091 q 0.014 c 0.016) | plies 105 decisive 74% | buffer 200000 steps 51597 | 114.6 g/min eta 10.5h
[27700/100000] loss 1.911 (pi 1.799 v 0.091 q 0.014 c 0.016) | plies 105 decisive 72% | buffer 200000 steps 51642 | 114.6 g/min eta 10.5h
[27725/100000] loss 1.909 (pi 1.796 v 0.092 q 0.014 c 0.015) | plies 105 decisive 74% | buffer 200000 steps 51689 | 114.6 g/min eta 10.5h
[27750/100000] loss 1.906 (pi 1.793 v 0.091 q 0.014 c 0.015) | plies 106 decisive 74% | buffer 200000 steps 51736 | 114.6 g/min eta 10.5h
[27775/100000] loss 1.907 (pi 1.793 v 0.092 q 0.014 c 0.015) | plies 104 decisive 74% | buffer 200000 steps 51776 | 114.6 g/min eta 10.5h
[27800/100000] loss 1.903 (pi 1.789 v 0.092 q 0.014 c 0.015) | plies 103 decisive 74% | buffer 200000 steps 51815 | 114.7 g/min eta 10.5h
[27825/100000] loss 1.909 (pi 1.795 v 0.092 q 0.014 c 0.016) | plies 105 decisive 73% | buffer 200000 steps 51861 | 114.7 g/min eta 10.5h
[27850/100000] loss 1.903 (pi 1.790 v 0.092 q 0.014 c 0.016) | plies 104 decisive 72% | buffer 200000 steps 51910 | 114.7 g/min eta 10.5h
[27875/100000] loss 1.910 (pi 1.796 v 0.092 q 0.014 c 0.016) | plies 104 decisive 72% | buffer 200000 steps 51954 | 114.7 g/min eta 10.5h
[27900/100000] loss 1.912 (pi 1.798 v 0.092 q 0.014 c 0.015) | plies 105 decisive 72% | buffer 200000 steps 52000 | 114.7 g/min eta 10.5h
[27925/100000] loss 1.908 (pi 1.794 v 0.092 q 0.014 c 0.015) | plies 104 decisive 70% | buffer 200000 steps 52042 | 114.7 g/min eta 10.5h
[27950/100000] loss 1.906 (pi 1.792 v 0.092 q 0.014 c 0.016) | plies 105 decisive 70% | buffer 200000 steps 52089 | 114.7 g/min eta 10.5h
[27975/100000] loss 1.904 (pi 1.792 v 0.091 q 0.014 c 0.015) | plies 108 decisive 69% | buffer 200000 steps 52139 | 114.7 g/min eta 10.5h
[28000/100000] loss 1.901 (pi 1.789 v 0.090 q 0.013 c 0.016) | plies 109 decisive 69% | buffer 200000 steps 52185 | 114.6 g/min eta 10.5h
  EVAL @28000: q-greedy 5-19-0 | policy-greedy 3-21-0 | search 8-0-0 (eval 23s)
[28025/100000] loss 1.902 (pi 1.791 v 0.090 q 0.014 c 0.016) | plies 109 decisive 69% | buffer 200000 steps 52231 | 114.5 g/min eta 10.5h
[28050/100000] loss 1.904 (pi 1.793 v 0.090 q 0.014 c 0.015) | plies 111 decisive 69% | buffer 200000 steps 52281 | 114.5 g/min eta 10.5h
[28075/100000] loss 1.903 (pi 1.793 v 0.090 q 0.013 c 0.015) | plies 112 decisive 67% | buffer 200000 steps 52331 | 114.6 g/min eta 10.5h
[28100/100000] loss 1.899 (pi 1.789 v 0.089 q 0.013 c 0.015) | plies 113 decisive 66% | buffer 200000 steps 52377 | 114.6 g/min eta 10.5h
[28125/100000] loss 1.893 (pi 1.782 v 0.089 q 0.014 c 0.015) | plies 114 decisive 66% | buffer 200000 steps 52421 | 114.7 g/min eta 10.4h
[28150/100000] loss 1.892 (pi 1.781 v 0.090 q 0.014 c 0.015) | plies 114 decisive 64% | buffer 200000 steps 52470 | 114.7 g/min eta 10.4h
[28175/100000] loss 1.896 (pi 1.786 v 0.089 q 0.014 c 0.015) | plies 113 decisive 65% | buffer 200000 steps 52520 | 114.7 g/min eta 10.4h
[28200/100000] loss 1.896 (pi 1.785 v 0.090 q 0.014 c 0.015) | plies 115 decisive 62% | buffer 200000 steps 52570 | 114.7 g/min eta 10.4h
[28225/100000] loss 1.901 (pi 1.790 v 0.089 q 0.014 c 0.015) | plies 115 decisive 62% | buffer 200000 steps 52617 | 114.7 g/min eta 10.4h
[28250/100000] loss 1.895 (pi 1.786 v 0.088 q 0.014 c 0.015) | plies 114 decisive 63% | buffer 200000 steps 52661 | 114.7 g/min eta 10.4h
[28275/100000] loss 1.890 (pi 1.781 v 0.088 q 0.014 c 0.016) | plies 112 decisive 65% | buffer 200000 steps 52706 | 114.7 g/min eta 10.4h
[28300/100000] loss 1.888 (pi 1.780 v 0.087 q 0.014 c 0.016) | plies 109 decisive 66% | buffer 200000 steps 52748 | 114.7 g/min eta 10.4h
[28325/100000] loss 1.890 (pi 1.781 v 0.087 q 0.014 c 0.016) | plies 109 decisive 68% | buffer 200000 steps 52795 | 114.7 g/min eta 10.4h
[28350/100000] loss 1.884 (pi 1.775 v 0.088 q 0.014 c 0.015) | plies 109 decisive 70% | buffer 200000 steps 52842 | 114.7 g/min eta 10.4h
[28375/100000] loss 1.885 (pi 1.776 v 0.087 q 0.014 c 0.015) | plies 108 decisive 70% | buffer 200000 steps 52881 | 114.7 g/min eta 10.4h
[28400/100000] loss 1.888 (pi 1.780 v 0.087 q 0.014 c 0.015) | plies 106 decisive 72% | buffer 200000 steps 52927 | 114.7 g/min eta 10.4h
[28425/100000] loss 1.889 (pi 1.781 v 0.087 q 0.014 c 0.015) | plies 107 decisive 72% | buffer 200000 steps 52975 | 114.7 g/min eta 10.4h
[28450/100000] loss 1.893 (pi 1.785 v 0.087 q 0.014 c 0.015) | plies 107 decisive 71% | buffer 200000 steps 53017 | 114.7 g/min eta 10.4h
[28475/100000] loss 1.887 (pi 1.780 v 0.086 q 0.014 c 0.015) | plies 107 decisive 72% | buffer 200000 steps 53063 | 114.8 g/min eta 10.4h
[28500/100000] loss 1.888 (pi 1.780 v 0.087 q 0.014 c 0.015) | plies 108 decisive 70% | buffer 200000 steps 53111 | 114.8 g/min eta 10.4h
[28525/100000] loss 1.881 (pi 1.774 v 0.087 q 0.014 c 0.014) | plies 108 decisive 70% | buffer 200000 steps 53155 | 114.8 g/min eta 10.4h
[28550/100000] loss 1.885 (pi 1.778 v 0.086 q 0.013 c 0.015) | plies 107 decisive 70% | buffer 200000 steps 53201 | 114.8 g/min eta 10.4h
[28575/100000] loss 1.874 (pi 1.768 v 0.085 q 0.014 c 0.015) | plies 108 decisive 70% | buffer 200000 steps 53245 | 114.8 g/min eta 10.4h
[28600/100000] loss 1.878 (pi 1.771 v 0.086 q 0.014 c 0.015) | plies 108 decisive 70% | buffer 200000 steps 53295 | 114.8 g/min eta 10.4h
[28625/100000] loss 1.881 (pi 1.774 v 0.086 q 0.014 c 0.015) | plies 106 decisive 71% | buffer 200000 steps 53338 | 114.8 g/min eta 10.4h
[28650/100000] loss 1.877 (pi 1.770 v 0.086 q 0.013 c 0.015) | plies 106 decisive 72% | buffer 200000 steps 53383 | 114.8 g/min eta 10.4h
[28675/100000] loss 1.875 (pi 1.767 v 0.087 q 0.014 c 0.015) | plies 104 decisive 72% | buffer 200000 steps 53427 | 114.8 g/min eta 10.4h
[28700/100000] loss 1.879 (pi 1.772 v 0.086 q 0.014 c 0.015) | plies 102 decisive 75% | buffer 200000 steps 53471 | 114.8 g/min eta 10.4h
[28725/100000] loss 1.871 (pi 1.765 v 0.086 q 0.014 c 0.015) | plies 104 decisive 73% | buffer 200000 steps 53518 | 114.8 g/min eta 10.3h
[28750/100000] loss 1.869 (pi 1.761 v 0.086 q 0.014 c 0.015) | plies 105 decisive 72% | buffer 200000 steps 53566 | 114.8 g/min eta 10.3h
[28775/100000] loss 1.870 (pi 1.762 v 0.087 q 0.014 c 0.015) | plies 105 decisive 72% | buffer 200000 steps 53611 | 114.8 g/min eta 10.3h
[28800/100000] loss 1.864 (pi 1.757 v 0.086 q 0.014 c 0.015) | plies 106 decisive 72% | buffer 200000 steps 53658 | 114.8 g/min eta 10.3h
[28825/100000] loss 1.860 (pi 1.754 v 0.085 q 0.014 c 0.015) | plies 107 decisive 72% | buffer 200000 steps 53702 | 114.8 g/min eta 10.3h
[28850/100000] loss 1.862 (pi 1.755 v 0.086 q 0.014 c 0.015) | plies 106 decisive 72% | buffer 200000 steps 53747 | 114.8 g/min eta 10.3h
[28875/100000] loss 1.866 (pi 1.759 v 0.086 q 0.014 c 0.015) | plies 106 decisive 74% | buffer 200000 steps 53787 | 114.9 g/min eta 10.3h
[28900/100000] loss 1.868 (pi 1.762 v 0.085 q 0.014 c 0.014) | plies 108 decisive 70% | buffer 200000 steps 53831 | 114.9 g/min eta 10.3h
[28925/100000] loss 1.864 (pi 1.759 v 0.085 q 0.014 c 0.014) | plies 108 decisive 71% | buffer 200000 steps 53878 | 114.9 g/min eta 10.3h
[28950/100000] loss 1.865 (pi 1.759 v 0.085 q 0.013 c 0.014) | plies 107 decisive 72% | buffer 200000 steps 53925 | 114.9 g/min eta 10.3h
[28975/100000] loss 1.869 (pi 1.763 v 0.085 q 0.014 c 0.015) | plies 106 decisive 72% | buffer 200000 steps 53969 | 114.9 g/min eta 10.3h
[29000/100000] loss 1.862 (pi 1.757 v 0.085 q 0.013 c 0.015) | plies 105 decisive 73% | buffer 200000 steps 54014 | 114.9 g/min eta 10.3h
  EVAL @29000: q-greedy 6-18-0 | policy-greedy 5-19-0 | search 8-0-0 (eval 26s)
[29025/100000] loss 1.859 (pi 1.755 v 0.084 q 0.013 c 0.015) | plies 104 decisive 73% | buffer 200000 steps 54054 | 114.7 g/min eta 10.3h
[29050/100000] loss 1.860 (pi 1.755 v 0.084 q 0.014 c 0.015) | plies 105 decisive 72% | buffer 200000 steps 54103 | 114.8 g/min eta 10.3h
[29075/100000] loss 1.864 (pi 1.758 v 0.085 q 0.014 c 0.015) | plies 106 decisive 70% | buffer 200000 steps 54150 | 114.8 g/min eta 10.3h
[29100/100000] loss 1.862 (pi 1.755 v 0.086 q 0.014 c 0.015) | plies 105 decisive 72% | buffer 200000 steps 54198 | 114.9 g/min eta 10.3h
[29125/100000] loss 1.860 (pi 1.753 v 0.086 q 0.014 c 0.015) | plies 104 decisive 72% | buffer 200000 steps 54244 | 114.9 g/min eta 10.3h
[29150/100000] loss 1.856 (pi 1.750 v 0.085 q 0.014 c 0.015) | plies 104 decisive 73% | buffer 200000 steps 54287 | 114.9 g/min eta 10.3h
[29175/100000] loss 1.863 (pi 1.756 v 0.085 q 0.014 c 0.015) | plies 105 decisive 73% | buffer 200000 steps 54337 | 114.9 g/min eta 10.3h
[29200/100000] loss 1.857 (pi 1.751 v 0.085 q 0.014 c 0.015) | plies 106 decisive 72% | buffer 200000 steps 54382 | 114.9 g/min eta 10.3h
[29225/100000] loss 1.857 (pi 1.751 v 0.085 q 0.014 c 0.015) | plies 108 decisive 70% | buffer 200000 steps 54427 | 114.9 g/min eta 10.3h
[29250/100000] loss 1.861 (pi 1.756 v 0.085 q 0.014 c 0.014) | plies 108 decisive 70% | buffer 200000 steps 54472 | 114.9 g/min eta 10.3h
[29275/100000] loss 1.855 (pi 1.750 v 0.085 q 0.014 c 0.014) | plies 106 decisive 73% | buffer 200000 steps 54509 | 114.9 g/min eta 10.3h
[29300/100000] loss 1.853 (pi 1.747 v 0.085 q 0.014 c 0.014) | plies 105 decisive 75% | buffer 200000 steps 54558 | 114.9 g/min eta 10.3h
[29325/100000] loss 1.841 (pi 1.735 v 0.085 q 0.014 c 0.014) | plies 105 decisive 75% | buffer 200000 steps 54603 | 114.9 g/min eta 10.2h
[29350/100000] loss 1.850 (pi 1.744 v 0.085 q 0.013 c 0.014) | plies 106 decisive 74% | buffer 200000 steps 54643 | 115.0 g/min eta 10.2h
[29375/100000] loss 1.843 (pi 1.738 v 0.085 q 0.013 c 0.014) | plies 104 decisive 76% | buffer 200000 steps 54691 | 115.0 g/min eta 10.2h
[29400/100000] loss 1.842 (pi 1.737 v 0.085 q 0.013 c 0.014) | plies 104 decisive 78% | buffer 200000 steps 54738 | 115.0 g/min eta 10.2h
[29425/100000] loss 1.846 (pi 1.741 v 0.084 q 0.013 c 0.014) | plies 103 decisive 79% | buffer 200000 steps 54784 | 115.0 g/min eta 10.2h
[29450/100000] loss 1.847 (pi 1.742 v 0.085 q 0.014 c 0.014) | plies 102 decisive 79% | buffer 200000 steps 54828 | 115.0 g/min eta 10.2h
[29475/100000] loss 1.850 (pi 1.744 v 0.085 q 0.014 c 0.014) | plies 104 decisive 78% | buffer 200000 steps 54874 | 115.0 g/min eta 10.2h
[29500/100000] loss 1.848 (pi 1.741 v 0.086 q 0.014 c 0.014) | plies 104 decisive 78% | buffer 200000 steps 54922 | 115.0 g/min eta 10.2h
[29525/100000] loss 1.840 (pi 1.734 v 0.085 q 0.014 c 0.014) | plies 102 decisive 78% | buffer 200000 steps 54958 | 115.0 g/min eta 10.2h
[29550/100000] loss 1.838 (pi 1.733 v 0.085 q 0.014 c 0.014) | plies 102 decisive 78% | buffer 200000 steps 55006 | 115.0 g/min eta 10.2h
[29575/100000] loss 1.847 (pi 1.741 v 0.085 q 0.014 c 0.014) | plies 103 decisive 75% | buffer 200000 steps 55048 | 115.0 g/min eta 10.2h
[29600/100000] loss 1.849 (pi 1.743 v 0.085 q 0.014 c 0.014) | plies 103 decisive 74% | buffer 200000 steps 55092 | 115.1 g/min eta 10.2h
[29625/100000] loss 1.849 (pi 1.742 v 0.086 q 0.014 c 0.015) | plies 104 decisive 74% | buffer 200000 steps 55136 | 115.0 g/min eta 10.2h
[29650/100000] loss 1.846 (pi 1.739 v 0.086 q 0.014 c 0.015) | plies 102 decisive 75% | buffer 200000 steps 55174 | 115.1 g/min eta 10.2h
[29675/100000] loss 1.846 (pi 1.738 v 0.086 q 0.014 c 0.015) | plies 103 decisive 74% | buffer 200000 steps 55221 | 115.1 g/min eta 10.2h
[29700/100000] loss 1.844 (pi 1.737 v 0.086 q 0.014 c 0.015) | plies 102 decisive 74% | buffer 200000 steps 55266 | 115.1 g/min eta 10.2h
[29725/100000] loss 1.846 (pi 1.738 v 0.086 q 0.014 c 0.015) | plies 105 decisive 74% | buffer 200000 steps 55310 | 115.1 g/min eta 10.2h
[29750/100000] loss 1.846 (pi 1.739 v 0.086 q 0.014 c 0.015) | plies 106 decisive 74% | buffer 200000 steps 55358 | 115.1 g/min eta 10.2h
[29775/100000] loss 1.843 (pi 1.736 v 0.086 q 0.014 c 0.015) | plies 105 decisive 76% | buffer 200000 steps 55400 | 115.1 g/min eta 10.2h
[29800/100000] loss 1.847 (pi 1.740 v 0.086 q 0.014 c 0.015) | plies 104 decisive 78% | buffer 200000 steps 55442 | 115.1 g/min eta 10.2h
[29825/100000] loss 1.850 (pi 1.742 v 0.086 q 0.013 c 0.015) | plies 104 decisive 78% | buffer 200000 steps 55486 | 115.1 g/min eta 10.2h
[29850/100000] loss 1.841 (pi 1.733 v 0.087 q 0.014 c 0.015) | plies 107 decisive 76% | buffer 200000 steps 55535 | 115.1 g/min eta 10.2h
[29875/100000] loss 1.847 (pi 1.739 v 0.087 q 0.014 c 0.015) | plies 105 decisive 77% | buffer 200000 steps 55575 | 115.1 g/min eta 10.2h
[29900/100000] loss 1.848 (pi 1.740 v 0.086 q 0.014 c 0.015) | plies 105 decisive 76% | buffer 200000 steps 55621 | 115.1 g/min eta 10.1h
[29925/100000] loss 1.845 (pi 1.737 v 0.087 q 0.013 c 0.015) | plies 103 decisive 78% | buffer 200000 steps 55660 | 115.2 g/min eta 10.1h
[29950/100000] loss 1.848 (pi 1.740 v 0.087 q 0.014 c 0.015) | plies 102 decisive 78% | buffer 200000 steps 55707 | 115.2 g/min eta 10.1h
[29975/100000] loss 1.850 (pi 1.742 v 0.087 q 0.014 c 0.015) | plies 104 decisive 74% | buffer 200000 steps 55749 | 115.2 g/min eta 10.1h
[30000/100000] loss 1.848 (pi 1.740 v 0.087 q 0.014 c 0.015) | plies 104 decisive 74% | buffer 200000 steps 55794 | 115.2 g/min eta 10.1h
  EVAL @30000: q-greedy 5-19-0 | policy-greedy 5-19-0 | search 8-0-0 (eval 19s)
[30025/100000] loss 1.848 (pi 1.739 v 0.088 q 0.014 c 0.015) | plies 104 decisive 75% | buffer 200000 steps 55842 | 115.1 g/min eta 10.1h
[30050/100000] loss 1.846 (pi 1.737 v 0.088 q 0.014 c 0.015) | plies 102 decisive 78% | buffer 200000 steps 55889 | 115.1 g/min eta 10.1h
[30075/100000] loss 1.853 (pi 1.744 v 0.088 q 0.014 c 0.015) | plies 103 decisive 78% | buffer 200000 steps 55935 | 115.2 g/min eta 10.1h
[30100/100000] loss 1.843 (pi 1.733 v 0.088 q 0.014 c 0.015) | plies 102 decisive 80% | buffer 200000 steps 55978 | 115.2 g/min eta 10.1h
[30125/100000] loss 1.844 (pi 1.735 v 0.088 q 0.014 c 0.015) | plies 104 decisive 77% | buffer 200000 steps 56020 | 115.1 g/min eta 10.1h
[30150/100000] loss 1.842 (pi 1.732 v 0.089 q 0.014 c 0.015) | plies 104 decisive 77% | buffer 200000 steps 56063 | 115.2 g/min eta 10.1h
[30175/100000] loss 1.840 (pi 1.730 v 0.088 q 0.014 c 0.015) | plies 106 decisive 78% | buffer 200000 steps 56112 | 115.2 g/min eta 10.1h
[30200/100000] loss 1.843 (pi 1.733 v 0.088 q 0.014 c 0.016) | plies 105 decisive 78% | buffer 200000 steps 56153 | 115.2 g/min eta 10.1h
[30225/100000] loss 1.842 (pi 1.732 v 0.088 q 0.014 c 0.016) | plies 105 decisive 76% | buffer 200000 steps 56196 | 115.2 g/min eta 10.1h
[30250/100000] loss 1.832 (pi 1.723 v 0.087 q 0.014 c 0.015) | plies 105 decisive 75% | buffer 200000 steps 56238 | 115.2 g/min eta 10.1h
[30275/100000] loss 1.838 (pi 1.729 v 0.087 q 0.014 c 0.015) | plies 107 decisive 73% | buffer 200000 steps 56283 | 115.2 g/min eta 10.1h
[30300/100000] loss 1.842 (pi 1.732 v 0.088 q 0.014 c 0.015) | plies 108 decisive 72% | buffer 200000 steps 56327 | 115.2 g/min eta 10.1h
[30325/100000] loss 1.841 (pi 1.731 v 0.088 q 0.014 c 0.016) | plies 111 decisive 69% | buffer 200000 steps 56373 | 115.2 g/min eta 10.1h
[30350/100000] loss 1.838 (pi 1.727 v 0.089 q 0.014 c 0.016) | plies 111 decisive 69% | buffer 200000 steps 56420 | 115.2 g/min eta 10.1h
[30375/100000] loss 1.840 (pi 1.730 v 0.088 q 0.014 c 0.016) | plies 109 decisive 70% | buffer 200000 steps 56464 | 115.2 g/min eta 10.1h
[30400/100000] loss 1.840 (pi 1.731 v 0.088 q 0.014 c 0.015) | plies 109 decisive 71% | buffer 200000 steps 56508 | 115.2 g/min eta 10.1h
[30425/100000] loss 1.843 (pi 1.733 v 0.088 q 0.014 c 0.015) | plies 110 decisive 69% | buffer 200000 steps 56553 | 115.2 g/min eta 10.1h
[30450/100000] loss 1.842 (pi 1.732 v 0.088 q 0.014 c 0.016) | plies 110 decisive 68% | buffer 200000 steps 56597 | 115.2 g/min eta 10.1h
[30475/100000] loss 1.837 (pi 1.727 v 0.089 q 0.014 c 0.016) | plies 110 decisive 68% | buffer 200000 steps 56641 | 115.2 g/min eta 10.1h
[30500/100000] loss 1.841 (pi 1.730 v 0.089 q 0.014 c 0.016) | plies 110 decisive 68% | buffer 200000 steps 56687 | 115.2 g/min eta 10.1h
[30525/100000] loss 1.845 (pi 1.734 v 0.088 q 0.014 c 0.016) | plies 107 decisive 72% | buffer 200000 steps 56729 | 115.3 g/min eta 10.0h
[30550/100000] loss 1.848 (pi 1.737 v 0.089 q 0.014 c 0.016) | plies 104 decisive 74% | buffer 200000 steps 56770 | 115.3 g/min eta 10.0h
[30575/100000] loss 1.846 (pi 1.735 v 0.089 q 0.014 c 0.017) | plies 104 decisive 74% | buffer 200000 steps 56812 | 115.3 g/min eta 10.0h
[30600/100000] loss 1.837 (pi 1.726 v 0.088 q 0.014 c 0.017) | plies 105 decisive 72% | buffer 200000 steps 56859 | 115.3 g/min eta 10.0h
[30625/100000] loss 1.834 (pi 1.724 v 0.088 q 0.014 c 0.016) | plies 104 decisive 74% | buffer 200000 steps 56904 | 115.3 g/min eta 10.0h
[30650/100000] loss 1.832 (pi 1.721 v 0.089 q 0.014 c 0.016) | plies 104 decisive 76% | buffer 200000 steps 56949 | 115.3 g/min eta 10.0h
[30675/100000] loss 1.833 (pi 1.722 v 0.089 q 0.014 c 0.016) | plies 104 decisive 76% | buffer 200000 steps 56994 | 115.3 g/min eta 10.0h
[30700/100000] loss 1.829 (pi 1.720 v 0.088 q 0.014 c 0.016) | plies 102 decisive 77% | buffer 200000 steps 57037 | 115.3 g/min eta 10.0h
[30725/100000] loss 1.833 (pi 1.723 v 0.088 q 0.014 c 0.016) | plies 101 decisive 78% | buffer 200000 steps 57077 | 115.3 g/min eta 10.0h
[30750/100000] loss 1.837 (pi 1.728 v 0.088 q 0.014 c 0.016) | plies 104 decisive 76% | buffer 200000 steps 57124 | 115.3 g/min eta 10.0h
[30775/100000] loss 1.835 (pi 1.726 v 0.088 q 0.014 c 0.016) | plies 103 decisive 75% | buffer 200000 steps 57167 | 115.3 g/min eta 10.0h
[30800/100000] loss 1.824 (pi 1.715 v 0.087 q 0.014 c 0.016) | plies 100 decisive 76% | buffer 200000 steps 57205 | 115.3 g/min eta 10.0h
[30825/100000] loss 1.828 (pi 1.719 v 0.087 q 0.014 c 0.016) | plies 101 decisive 77% | buffer 200000 steps 57252 | 115.4 g/min eta 10.0h
[30850/100000] loss 1.829 (pi 1.720 v 0.087 q 0.014 c 0.016) | plies 100 decisive 76% | buffer 200000 steps 57292 | 115.4 g/min eta 10.0h
[30875/100000] loss 1.836 (pi 1.727 v 0.088 q 0.013 c 0.016) | plies 99 decisive 77% | buffer 200000 steps 57335 | 115.4 g/min eta 10.0h
[30900/100000] loss 1.838 (pi 1.728 v 0.088 q 0.014 c 0.016) | plies 100 decisive 76% | buffer 200000 steps 57382 | 115.4 g/min eta 10.0h
[30925/100000] loss 1.826 (pi 1.715 v 0.089 q 0.014 c 0.016) | plies 102 decisive 76% | buffer 200000 steps 57424 | 115.4 g/min eta 10.0h
[30950/100000] loss 1.835 (pi 1.723 v 0.090 q 0.014 c 0.016) | plies 100 decisive 76% | buffer 200000 steps 57465 | 115.4 g/min eta 10.0h
[30975/100000] loss 1.829 (pi 1.718 v 0.089 q 0.014 c 0.016) | plies 100 decisive 76% | buffer 200000 steps 57508 | 115.4 g/min eta 10.0h
[31000/100000] loss 1.830 (pi 1.719 v 0.089 q 0.014 c 0.016) | plies 102 decisive 74% | buffer 200000 steps 57551 | 115.4 g/min eta 10.0h
  EVAL @31000: q-greedy 3-21-0 | policy-greedy 8-16-0 | search 8-0-0 (eval 24s)
[31025/100000] loss 1.831 (pi 1.721 v 0.088 q 0.014 c 0.016) | plies 102 decisive 72% | buffer 200000 steps 57597 | 115.2 g/min eta 10.0h
[31050/100000] loss 1.833 (pi 1.723 v 0.089 q 0.014 c 0.016) | plies 103 decisive 74% | buffer 200000 steps 57641 | 115.3 g/min eta 10.0h
[31075/100000] loss 1.832 (pi 1.721 v 0.089 q 0.014 c 0.016) | plies 103 decisive 74% | buffer 200000 steps 57684 | 115.3 g/min eta 10.0h
[31100/100000] loss 1.828 (pi 1.718 v 0.088 q 0.014 c 0.016) | plies 101 decisive 76% | buffer 200000 steps 57727 | 115.4 g/min eta 10.0h
[31125/100000] loss 1.823 (pi 1.714 v 0.087 q 0.014 c 0.016) | plies 102 decisive 74% | buffer 200000 steps 57773 | 115.4 g/min eta 9.9h
[31150/100000] loss 1.827 (pi 1.718 v 0.088 q 0.014 c 0.016) | plies 102 decisive 75% | buffer 200000 steps 57817 | 115.4 g/min eta 9.9h
[31175/100000] loss 1.832 (pi 1.722 v 0.088 q 0.014 c 0.016) | plies 101 decisive 76% | buffer 200000 steps 57859 | 115.4 g/min eta 9.9h
[31200/100000] loss 1.831 (pi 1.721 v 0.088 q 0.014 c 0.015) | plies 102 decisive 76% | buffer 200000 steps 57905 | 115.4 g/min eta 9.9h
[31225/100000] loss 1.837 (pi 1.726 v 0.089 q 0.014 c 0.016) | plies 102 decisive 78% | buffer 200000 steps 57952 | 115.5 g/min eta 9.9h
[31250/100000] loss 1.831 (pi 1.721 v 0.088 q 0.014 c 0.015) | plies 102 decisive 78% | buffer 200000 steps 57995 | 115.5 g/min eta 9.9h
[31275/100000] loss 1.828 (pi 1.719 v 0.088 q 0.014 c 0.016) | plies 101 decisive 77% | buffer 200000 steps 58036 | 115.5 g/min eta 9.9h
[31300/100000] loss 1.834 (pi 1.725 v 0.087 q 0.014 c 0.015) | plies 102 decisive 75% | buffer 200000 steps 58082 | 115.5 g/min eta 9.9h
[31325/100000] loss 1.833 (pi 1.724 v 0.087 q 0.014 c 0.016) | plies 101 decisive 77% | buffer 200000 steps 58123 | 115.5 g/min eta 9.9h
[31350/100000] loss 1.830 (pi 1.721 v 0.088 q 0.014 c 0.015) | plies 103 decisive 76% | buffer 200000 steps 58169 | 115.5 g/min eta 9.9h
[31375/100000] loss 1.833 (pi 1.723 v 0.088 q 0.014 c 0.015) | plies 103 decisive 76% | buffer 200000 steps 58210 | 115.5 g/min eta 9.9h
[31400/100000] loss 1.832 (pi 1.723 v 0.088 q 0.014 c 0.016) | plies 102 decisive 76% | buffer 200000 steps 58251 | 115.5 g/min eta 9.9h
[31425/100000] loss 1.832 (pi 1.722 v 0.088 q 0.014 c 0.016) | plies 101 decisive 76% | buffer 200000 steps 58294 | 115.5 g/min eta 9.9h
[31450/100000] loss 1.836 (pi 1.725 v 0.089 q 0.014 c 0.016) | plies 103 decisive 76% | buffer 200000 steps 58343 | 115.5 g/min eta 9.9h
[31475/100000] loss 1.836 (pi 1.725 v 0.089 q 0.014 c 0.016) | plies 105 decisive 75% | buffer 200000 steps 58389 | 115.5 g/min eta 9.9h
[31500/100000] loss 1.831 (pi 1.720 v 0.089 q 0.014 c 0.015) | plies 105 decisive 74% | buffer 200000 steps 58435 | 115.5 g/min eta 9.9h
[31525/100000] loss 1.830 (pi 1.720 v 0.089 q 0.014 c 0.015) | plies 107 decisive 72% | buffer 200000 steps 58480 | 115.5 g/min eta 9.9h
[31550/100000] loss 1.827 (pi 1.716 v 0.089 q 0.014 c 0.015) | plies 106 decisive 72% | buffer 200000 steps 58527 | 115.5 g/min eta 9.9h
[31575/100000] loss 1.829 (pi 1.718 v 0.088 q 0.014 c 0.016) | plies 108 decisive 70% | buffer 200000 steps 58573 | 115.5 g/min eta 9.9h
[31600/100000] loss 1.834 (pi 1.724 v 0.088 q 0.014 c 0.016) | plies 107 decisive 71% | buffer 200000 steps 58618 | 115.6 g/min eta 9.9h
[31625/100000] loss 1.830 (pi 1.720 v 0.088 q 0.014 c 0.016) | plies 108 decisive 70% | buffer 200000 steps 58663 | 115.6 g/min eta 9.9h
[31650/100000] loss 1.828 (pi 1.718 v 0.088 q 0.014 c 0.015) | plies 105 decisive 72% | buffer 200000 steps 58704 | 115.6 g/min eta 9.9h
[31675/100000] loss 1.822 (pi 1.713 v 0.088 q 0.014 c 0.015) | plies 105 decisive 73% | buffer 200000 steps 58748 | 115.6 g/min eta 9.9h
[31700/100000] loss 1.825 (pi 1.716 v 0.088 q 0.014 c 0.015) | plies 104 decisive 74% | buffer 200000 steps 58790 | 115.6 g/min eta 9.8h
[31725/100000] loss 1.823 (pi 1.712 v 0.089 q 0.014 c 0.015) | plies 104 decisive 74% | buffer 200000 steps 58832 | 115.6 g/min eta 9.8h
[31750/100000] loss 1.824 (pi 1.714 v 0.089 q 0.014 c 0.015) | plies 104 decisive 73% | buffer 200000 steps 58873 | 115.6 g/min eta 9.8h
[31775/100000] loss 1.827 (pi 1.717 v 0.088 q 0.014 c 0.015) | plies 101 decisive 76% | buffer 200000 steps 58914 | 115.6 g/min eta 9.8h
[31800/100000] loss 1.827 (pi 1.717 v 0.089 q 0.014 c 0.015) | plies 103 decisive 74% | buffer 200000 steps 58963 | 115.6 g/min eta 9.8h
[31825/100000] loss 1.817 (pi 1.707 v 0.088 q 0.014 c 0.015) | plies 102 decisive 74% | buffer 200000 steps 59007 | 115.6 g/min eta 9.8h
[31850/100000] loss 1.822 (pi 1.713 v 0.088 q 0.014 c 0.015) | plies 104 decisive 71% | buffer 200000 steps 59053 | 115.6 g/min eta 9.8h
[31875/100000] loss 1.825 (pi 1.716 v 0.088 q 0.014 c 0.015) | plies 105 decisive 70% | buffer 200000 steps 59100 | 115.6 g/min eta 9.8h
[31900/100000] loss 1.824 (pi 1.715 v 0.088 q 0.014 c 0.015) | plies 107 decisive 71% | buffer 200000 steps 59148 | 115.6 g/min eta 9.8h
[31925/100000] loss 1.821 (pi 1.711 v 0.088 q 0.014 c 0.015) | plies 106 decisive 72% | buffer 200000 steps 59195 | 115.6 g/min eta 9.8h
[31950/100000] loss 1.829 (pi 1.719 v 0.088 q 0.014 c 0.016) | plies 108 decisive 70% | buffer 200000 steps 59239 | 115.6 g/min eta 9.8h
[31975/100000] loss 1.832 (pi 1.722 v 0.087 q 0.014 c 0.016) | plies 109 decisive 69% | buffer 200000 steps 59282 | 115.6 g/min eta 9.8h
[32000/100000] loss 1.827 (pi 1.717 v 0.087 q 0.014 c 0.016) | plies 109 decisive 68% | buffer 200000 steps 59331 | 115.7 g/min eta 9.8h
  EVAL @32000: q-greedy 7-17-0 | policy-greedy 4-20-0 | search 8-0-0 (eval 21s)
[32025/100000] loss 1.821 (pi 1.712 v 0.087 q 0.014 c 0.015) | plies 109 decisive 68% | buffer 200000 steps 59374 | 115.5 g/min eta 9.8h
[32050/100000] loss 1.826 (pi 1.717 v 0.087 q 0.014 c 0.015) | plies 107 decisive 70% | buffer 200000 steps 59414 | 115.6 g/min eta 9.8h
[32075/100000] loss 1.824 (pi 1.716 v 0.087 q 0.014 c 0.015) | plies 107 decisive 70% | buffer 200000 steps 59458 | 115.6 g/min eta 9.8h
[32100/100000] loss 1.821 (pi 1.713 v 0.087 q 0.014 c 0.015) | plies 106 decisive 72% | buffer 200000 steps 59503 | 115.6 g/min eta 9.8h
[32125/100000] loss 1.826 (pi 1.717 v 0.087 q 0.014 c 0.015) | plies 105 decisive 72% | buffer 200000 steps 59546 | 115.7 g/min eta 9.8h
[32150/100000] loss 1.821 (pi 1.711 v 0.088 q 0.014 c 0.015) | plies 105 decisive 72% | buffer 200000 steps 59590 | 115.6 g/min eta 9.8h
[32175/100000] loss 1.824 (pi 1.714 v 0.089 q 0.014 c 0.015) | plies 104 decisive 73% | buffer 200000 steps 59634 | 115.7 g/min eta 9.8h
[32200/100000] loss 1.829 (pi 1.718 v 0.089 q 0.014 c 0.015) | plies 105 decisive 72% | buffer 200000 steps 59680 | 115.7 g/min eta 9.8h
[32225/100000] loss 1.828 (pi 1.717 v 0.089 q 0.014 c 0.016) | plies 104 decisive 72% | buffer 200000 steps 59723 | 115.7 g/min eta 9.8h
[32250/100000] loss 1.826 (pi 1.715 v 0.088 q 0.014 c 0.016) | plies 105 decisive 73% | buffer 200000 steps 59766 | 115.7 g/min eta 9.8h
[32275/100000] loss 1.823 (pi 1.712 v 0.089 q 0.014 c 0.016) | plies 104 decisive 73% | buffer 200000 steps 59812 | 115.7 g/min eta 9.8h
[32300/100000] loss 1.820 (pi 1.708 v 0.089 q 0.014 c 0.016) | plies 105 decisive 72% | buffer 200000 steps 59857 | 115.7 g/min eta 9.8h
[32325/100000] loss 1.817 (pi 1.706 v 0.089 q 0.014 c 0.016) | plies 104 decisive 73% | buffer 200000 steps 59903 | 115.7 g/min eta 9.7h
[32350/100000] loss 1.808 (pi 1.698 v 0.088 q 0.014 c 0.016) | plies 105 decisive 74% | buffer 200000 steps 59949 | 115.7 g/min eta 9.7h
[32375/100000] loss 1.809 (pi 1.698 v 0.089 q 0.014 c 0.016) | plies 105 decisive 73% | buffer 200000 steps 59995 | 115.7 g/min eta 9.7h
[32400/100000] loss 1.813 (pi 1.703 v 0.088 q 0.014 c 0.015) | plies 103 decisive 74% | buffer 200000 steps 60038 | 115.7 g/min eta 9.7h
[32425/100000] loss 1.815 (pi 1.705 v 0.088 q 0.014 c 0.016) | plies 103 decisive 75% | buffer 200000 steps 60082 | 115.7 g/min eta 9.7h
[32450/100000] loss 1.818 (pi 1.708 v 0.088 q 0.014 c 0.016) | plies 104 decisive 74% | buffer 200000 steps 60128 | 115.7 g/min eta 9.7h
[32475/100000] loss 1.825 (pi 1.715 v 0.088 q 0.014 c 0.015) | plies 105 decisive 73% | buffer 200000 steps 60176 | 115.7 g/min eta 9.7h
[32500/100000] loss 1.813 (pi 1.703 v 0.088 q 0.014 c 0.015) | plies 104 decisive 74% | buffer 200000 steps 60220 | 115.8 g/min eta 9.7h
[32525/100000] loss 1.815 (pi 1.704 v 0.089 q 0.014 c 0.015) | plies 104 decisive 73% | buffer 200000 steps 60258 | 115.8 g/min eta 9.7h
[32550/100000] loss 1.818 (pi 1.707 v 0.089 q 0.014 c 0.016) | plies 104 decisive 73% | buffer 200000 steps 60305 | 115.8 g/min eta 9.7h
[32575/100000] loss 1.818 (pi 1.707 v 0.089 q 0.014 c 0.016) | plies 106 decisive 72% | buffer 200000 steps 60355 | 115.8 g/min eta 9.7h
[32600/100000] loss 1.810 (pi 1.700 v 0.089 q 0.014 c 0.016) | plies 107 decisive 72% | buffer 200000 steps 60400 | 115.8 g/min eta 9.7h
[32625/100000] loss 1.817 (pi 1.707 v 0.088 q 0.014 c 0.016) | plies 107 decisive 71% | buffer 200000 steps 60447 | 115.8 g/min eta 9.7h
[32650/100000] loss 1.812 (pi 1.702 v 0.088 q 0.014 c 0.016) | plies 108 decisive 70% | buffer 200000 steps 60491 | 115.8 g/min eta 9.7h
[32675/100000] loss 1.814 (pi 1.703 v 0.089 q 0.014 c 0.016) | plies 108 decisive 72% | buffer 200000 steps 60534 | 115.8 g/min eta 9.7h
[32700/100000] loss 1.813 (pi 1.703 v 0.088 q 0.014 c 0.016) | plies 105 decisive 73% | buffer 200000 steps 60572 | 115.8 g/min eta 9.7h
[32725/100000] loss 1.818 (pi 1.708 v 0.088 q 0.014 c 0.016) | plies 107 decisive 74% | buffer 200000 steps 60617 | 115.8 g/min eta 9.7h
[32750/100000] loss 1.815 (pi 1.705 v 0.088 q 0.014 c 0.016) | plies 106 decisive 74% | buffer 200000 steps 60659 | 115.8 g/min eta 9.7h
[32775/100000] loss 1.814 (pi 1.704 v 0.089 q 0.014 c 0.016) | plies 102 decisive 76% | buffer 200000 steps 60695 | 115.8 g/min eta 9.7h
[32800/100000] loss 1.815 (pi 1.705 v 0.089 q 0.014 c 0.015) | plies 103 decisive 74% | buffer 200000 steps 60743 | 115.8 g/min eta 9.7h
[32825/100000] loss 1.813 (pi 1.704 v 0.088 q 0.014 c 0.015) | plies 103 decisive 74% | buffer 200000 steps 60789 | 115.8 g/min eta 9.7h
[32850/100000] loss 1.812 (pi 1.702 v 0.088 q 0.014 c 0.015) | plies 102 decisive 76% | buffer 200000 steps 60831 | 115.8 g/min eta 9.7h
[32875/100000] loss 1.816 (pi 1.706 v 0.088 q 0.014 c 0.016) | plies 102 decisive 75% | buffer 200000 steps 60876 | 115.8 g/min eta 9.7h
[32900/100000] loss 1.815 (pi 1.704 v 0.088 q 0.014 c 0.016) | plies 103 decisive 74% | buffer 200000 steps 60920 | 115.8 g/min eta 9.7h
[32925/100000] loss 1.813 (pi 1.703 v 0.088 q 0.014 c 0.016) | plies 104 decisive 73% | buffer 200000 steps 60966 | 115.8 g/min eta 9.6h
[32950/100000] loss 1.815 (pi 1.704 v 0.089 q 0.014 c 0.015) | plies 104 decisive 74% | buffer 200000 steps 61011 | 115.8 g/min eta 9.6h
[32975/100000] loss 1.819 (pi 1.709 v 0.089 q 0.014 c 0.015) | plies 105 decisive 74% | buffer 200000 steps 61052 | 115.9 g/min eta 9.6h
[33000/100000] loss 1.818 (pi 1.709 v 0.088 q 0.014 c 0.015) | plies 104 decisive 76% | buffer 200000 steps 61100 | 115.9 g/min eta 9.6h
  EVAL @33000: q-greedy 7-17-0 | policy-greedy 6-18-0 | search 8-0-0 (eval 22s)
[33025/100000] loss 1.808 (pi 1.699 v 0.087 q 0.014 c 0.015) | plies 103 decisive 77% | buffer 200000 steps 61144 | 115.7 g/min eta 9.6h
[33050/100000] loss 1.811 (pi 1.701 v 0.088 q 0.014 c 0.016) | plies 102 decisive 78% | buffer 200000 steps 61187 | 115.8 g/min eta 9.6h
[33075/100000] loss 1.808 (pi 1.698 v 0.089 q 0.014 c 0.016) | plies 103 decisive 78% | buffer 200000 steps 61235 | 115.8 g/min eta 9.6h
[33100/100000] loss 1.809 (pi 1.698 v 0.089 q 0.014 c 0.016) | plies 104 decisive 76% | buffer 200000 steps 61280 | 115.8 g/min eta 9.6h
[33125/100000] loss 1.808 (pi 1.698 v 0.088 q 0.014 c 0.016) | plies 102 decisive 77% | buffer 200000 steps 61325 | 115.8 g/min eta 9.6h
[33150/100000] loss 1.806 (pi 1.697 v 0.087 q 0.014 c 0.016) | plies 101 decisive 77% | buffer 200000 steps 61367 | 115.9 g/min eta 9.6h
[33175/100000] loss 1.813 (pi 1.703 v 0.088 q 0.014 c 0.016) | plies 102 decisive 76% | buffer 200000 steps 61411 | 115.9 g/min eta 9.6h
[33200/100000] loss 1.810 (pi 1.701 v 0.088 q 0.014 c 0.016) | plies 103 decisive 77% | buffer 200000 steps 61462 | 115.9 g/min eta 9.6h
[33225/100000] loss 1.811 (pi 1.700 v 0.088 q 0.014 c 0.016) | plies 105 decisive 74% | buffer 200000 steps 61510 | 115.9 g/min eta 9.6h
[33250/100000] loss 1.816 (pi 1.706 v 0.088 q 0.014 c 0.016) | plies 105 decisive 73% | buffer 200000 steps 61552 | 115.9 g/min eta 9.6h
[33275/100000] loss 1.822 (pi 1.712 v 0.088 q 0.014 c 0.015) | plies 103 decisive 74% | buffer 200000 steps 61595 | 115.9 g/min eta 9.6h
[33300/100000] loss 1.819 (pi 1.709 v 0.088 q 0.014 c 0.016) | plies 103 decisive 74% | buffer 200000 steps 61639 | 115.9 g/min eta 9.6h
[33325/100000] loss 1.817 (pi 1.708 v 0.087 q 0.014 c 0.015) | plies 104 decisive 75% | buffer 200000 steps 61687 | 115.9 g/min eta 9.6h
[33350/100000] loss 1.815 (pi 1.705 v 0.088 q 0.014 c 0.016) | plies 105 decisive 74% | buffer 200000 steps 61733 | 115.9 g/min eta 9.6h
[33375/100000] loss 1.813 (pi 1.703 v 0.088 q 0.014 c 0.016) | plies 104 decisive 74% | buffer 200000 steps 61778 | 115.9 g/min eta 9.6h
[33400/100000] loss 1.816 (pi 1.705 v 0.088 q 0.014 c 0.016) | plies 100 decisive 76% | buffer 200000 steps 61816 | 115.9 g/min eta 9.6h
[33425/100000] loss 1.814 (pi 1.704 v 0.088 q 0.014 c 0.016) | plies 99 decisive 76% | buffer 200000 steps 61859 | 115.9 g/min eta 9.6h
[33450/100000] loss 1.821 (pi 1.710 v 0.089 q 0.014 c 0.016) | plies 100 decisive 75% | buffer 200000 steps 61904 | 115.9 g/min eta 9.6h
[33475/100000] loss 1.822 (pi 1.712 v 0.088 q 0.014 c 0.016) | plies 101 decisive 74% | buffer 200000 steps 61951 | 115.9 g/min eta 9.6h
[33500/100000] loss 1.826 (pi 1.716 v 0.088 q 0.014 c 0.016) | plies 99 decisive 76% | buffer 200000 steps 61991 | 115.9 g/min eta 9.6h
[33525/100000] loss 1.829 (pi 1.719 v 0.088 q 0.014 c 0.016) | plies 99 decisive 76% | buffer 200000 steps 62037 | 116.0 g/min eta 9.6h
[33550/100000] loss 1.826 (pi 1.716 v 0.088 q 0.014 c 0.016) | plies 100 decisive 75% | buffer 200000 steps 62084 | 116.0 g/min eta 9.6h
[33575/100000] loss 1.824 (pi 1.714 v 0.088 q 0.014 c 0.016) | plies 103 decisive 72% | buffer 200000 steps 62131 | 116.0 g/min eta 9.5h
[33600/100000] loss 1.829 (pi 1.720 v 0.088 q 0.014 c 0.016) | plies 106 decisive 70% | buffer 200000 steps 62177 | 115.9 g/min eta 9.5h
[33625/100000] loss 1.832 (pi 1.723 v 0.088 q 0.014 c 0.015) | plies 107 decisive 70% | buffer 200000 steps 62228 | 115.9 g/min eta 9.5h
[33650/100000] loss 1.825 (pi 1.716 v 0.088 q 0.014 c 0.015) | plies 106 decisive 70% | buffer 200000 steps 62272 | 115.9 g/min eta 9.5h
[33675/100000] loss 1.837 (pi 1.727 v 0.088 q 0.014 c 0.016) | plies 107 decisive 70% | buffer 200000 steps 62317 | 115.9 g/min eta 9.5h
[33700/100000] loss 1.830 (pi 1.721 v 0.087 q 0.014 c 0.015) | plies 109 decisive 68% | buffer 200000 steps 62367 | 115.9 g/min eta 9.5h
[33725/100000] loss 1.822 (pi 1.714 v 0.087 q 0.014 c 0.016) | plies 109 decisive 67% | buffer 200000 steps 62410 | 115.9 g/min eta 9.5h
[33750/100000] loss 1.830 (pi 1.721 v 0.087 q 0.014 c 0.015) | plies 108 decisive 69% | buffer 200000 steps 62455 | 116.0 g/min eta 9.5h
[33775/100000] loss 1.829 (pi 1.720 v 0.087 q 0.014 c 0.016) | plies 106 decisive 74% | buffer 200000 steps 62499 | 116.0 g/min eta 9.5h
[33800/100000] loss 1.830 (pi 1.722 v 0.086 q 0.014 c 0.016) | plies 107 decisive 73% | buffer 200000 steps 62544 | 116.0 g/min eta 9.5h
[33825/100000] loss 1.831 (pi 1.723 v 0.087 q 0.014 c 0.016) | plies 106 decisive 74% | buffer 200000 steps 62586 | 116.0 g/min eta 9.5h
[33850/100000] loss 1.828 (pi 1.719 v 0.086 q 0.014 c 0.016) | plies 108 decisive 72% | buffer 200000 steps 62635 | 116.0 g/min eta 9.5h
[33875/100000] loss 1.826 (pi 1.717 v 0.087 q 0.014 c 0.016) | plies 107 decisive 72% | buffer 200000 steps 62680 | 116.0 g/min eta 9.5h
[33900/100000] loss 1.830 (pi 1.721 v 0.087 q 0.014 c 0.016) | plies 105 decisive 74% | buffer 200000 steps 62726 | 116.0 g/min eta 9.5h
[33925/100000] loss 1.823 (pi 1.714 v 0.087 q 0.014 c 0.016) | plies 107 decisive 74% | buffer 200000 steps 62772 | 116.0 g/min eta 9.5h
[33950/100000] loss 1.821 (pi 1.713 v 0.087 q 0.014 c 0.016) | plies 105 decisive 75% | buffer 200000 steps 62808 | 116.0 g/min eta 9.5h
[33975/100000] loss 1.820 (pi 1.711 v 0.087 q 0.014 c 0.015) | plies 105 decisive 73% | buffer 200000 steps 62849 | 116.0 g/min eta 9.5h
[34000/100000] loss 1.823 (pi 1.714 v 0.088 q 0.014 c 0.015) | plies 103 decisive 76% | buffer 200000 steps 62890 | 116.0 g/min eta 9.5h
  EVAL @34000: q-greedy 2-22-0 | policy-greedy 7-17-0 | search 8-0-0 (eval 31s)
[34025/100000] loss 1.831 (pi 1.721 v 0.088 q 0.014 c 0.016) | plies 102 decisive 76% | buffer 200000 steps 62932 | 115.8 g/min eta 9.5h
[34050/100000] loss 1.835 (pi 1.725 v 0.089 q 0.014 c 0.015) | plies 99 decisive 78% | buffer 200000 steps 62975 | 115.8 g/min eta 9.5h
[34075/100000] loss 1.841 (pi 1.731 v 0.088 q 0.014 c 0.015) | plies 98 decisive 81% | buffer 200000 steps 63021 | 115.9 g/min eta 9.5h
[34100/100000] loss 1.838 (pi 1.728 v 0.088 q 0.014 c 0.015) | plies 99 decisive 78% | buffer 200000 steps 63064 | 115.9 g/min eta 9.5h
[34125/100000] loss 1.836 (pi 1.727 v 0.088 q 0.014 c 0.015) | plies 98 decisive 80% | buffer 200000 steps 63113 | 115.9 g/min eta 9.5h
[34150/100000] loss 1.836 (pi 1.726 v 0.088 q 0.014 c 0.015) | plies 99 decisive 78% | buffer 200000 steps 63157 | 115.9 g/min eta 9.5h
[34175/100000] loss 1.830 (pi 1.721 v 0.088 q 0.014 c 0.015) | plies 100 decisive 80% | buffer 200000 steps 63205 | 116.0 g/min eta 9.5h
[34200/100000] loss 1.837 (pi 1.727 v 0.088 q 0.014 c 0.016) | plies 100 decisive 78% | buffer 200000 steps 63247 | 116.0 g/min eta 9.5h
[34225/100000] loss 1.829 (pi 1.718 v 0.089 q 0.014 c 0.016) | plies 101 decisive 78% | buffer 200000 steps 63289 | 116.0 g/min eta 9.5h
[34250/100000] loss 1.822 (pi 1.711 v 0.088 q 0.014 c 0.016) | plies 104 decisive 76% | buffer 200000 steps 63336 | 116.0 g/min eta 9.4h
[34275/100000] loss 1.825 (pi 1.715 v 0.088 q 0.014 c 0.016) | plies 107 decisive 72% | buffer 200000 steps 63387 | 116.0 g/min eta 9.4h
[34300/100000] loss 1.834 (pi 1.725 v 0.087 q 0.014 c 0.016) | plies 107 decisive 73% | buffer 200000 steps 63430 | 116.0 g/min eta 9.4h
[34325/100000] loss 1.834 (pi 1.724 v 0.088 q 0.014 c 0.016) | plies 107 decisive 73% | buffer 200000 steps 63475 | 116.0 g/min eta 9.4h
[34350/100000] loss 1.830 (pi 1.720 v 0.089 q 0.014 c 0.016) | plies 107 decisive 74% | buffer 200000 steps 63519 | 116.0 g/min eta 9.4h
[34375/100000] loss 1.830 (pi 1.719 v 0.088 q 0.014 c 0.017) | plies 109 decisive 70% | buffer 200000 steps 63564 | 116.0 g/min eta 9.4h
[34400/100000] loss 1.830 (pi 1.719 v 0.089 q 0.014 c 0.017) | plies 109 decisive 71% | buffer 200000 steps 63608 | 116.0 g/min eta 9.4h
[34425/100000] loss 1.837 (pi 1.726 v 0.090 q 0.014 c 0.016) | plies 109 decisive 70% | buffer 200000 steps 63654 | 116.0 g/min eta 9.4h
[34450/100000] loss 1.835 (pi 1.723 v 0.090 q 0.014 c 0.016) | plies 106 decisive 74% | buffer 200000 steps 63696 | 116.0 g/min eta 9.4h
[34475/100000] loss 1.839 (pi 1.728 v 0.089 q 0.014 c 0.016) | plies 103 decisive 74% | buffer 200000 steps 63741 | 116.0 g/min eta 9.4h
[34500/100000] loss 1.837 (pi 1.726 v 0.089 q 0.014 c 0.016) | plies 102 decisive 76% | buffer 200000 steps 63784 | 116.0 g/min eta 9.4h
[34525/100000] loss 1.837 (pi 1.726 v 0.089 q 0.014 c 0.016) | plies 102 decisive 76% | buffer 200000 steps 63827 | 116.0 g/min eta 9.4h
[34550/100000] loss 1.840 (pi 1.729 v 0.089 q 0.014 c 0.016) | plies 103 decisive 74% | buffer 200000 steps 63869 | 116.0 g/min eta 9.4h
[34575/100000] loss 1.843 (pi 1.732 v 0.089 q 0.014 c 0.016) | plies 101 decisive 76% | buffer 200000 steps 63916 | 116.0 g/min eta 9.4h
[34600/100000] loss 1.839 (pi 1.728 v 0.088 q 0.014 c 0.016) | plies 103 decisive 76% | buffer 200000 steps 63963 | 116.0 g/min eta 9.4h
[34625/100000] loss 1.839 (pi 1.728 v 0.089 q 0.014 c 0.016) | plies 104 decisive 76% | buffer 200000 steps 64008 | 116.0 g/min eta 9.4h
[34650/100000] loss 1.842 (pi 1.730 v 0.089 q 0.014 c 0.017) | plies 107 decisive 74% | buffer 200000 steps 64054 | 116.0 g/min eta 9.4h
[34675/100000] loss 1.836 (pi 1.725 v 0.089 q 0.014 c 0.016) | plies 105 decisive 76% | buffer 200000 steps 64095 | 116.0 g/min eta 9.4h
[34700/100000] loss 1.835 (pi 1.723 v 0.090 q 0.014 c 0.016) | plies 105 decisive 75% | buffer 200000 steps 64135 | 116.0 g/min eta 9.4h
[34725/100000] loss 1.834 (pi 1.722 v 0.090 q 0.014 c 0.016) | plies 104 decisive 76% | buffer 200000 steps 64178 | 116.1 g/min eta 9.4h
[34750/100000] loss 1.837 (pi 1.726 v 0.089 q 0.014 c 0.016) | plies 103 decisive 76% | buffer 200000 steps 64222 | 116.1 g/min eta 9.4h
[34775/100000] loss 1.838 (pi 1.727 v 0.089 q 0.014 c 0.015) | plies 103 decisive 75% | buffer 200000 steps 64266 | 116.1 g/min eta 9.4h
[34800/100000] loss 1.843 (pi 1.731 v 0.090 q 0.014 c 0.015) | plies 101 decisive 75% | buffer 200000 steps 64312 | 116.1 g/min eta 9.4h
[34825/100000] loss 1.840 (pi 1.729 v 0.089 q 0.014 c 0.016) | plies 102 decisive 73% | buffer 200000 steps 64359 | 116.1 g/min eta 9.4h
[34850/100000] loss 1.840 (pi 1.729 v 0.090 q 0.014 c 0.016) | plies 100 decisive 73% | buffer 200000 steps 64403 | 116.1 g/min eta 9.4h
[34875/100000] loss 1.833 (pi 1.722 v 0.089 q 0.014 c 0.016) | plies 100 decisive 73% | buffer 200000 steps 64442 | 116.1 g/min eta 9.3h
[34900/100000] loss 1.827 (pi 1.716 v 0.089 q 0.014 c 0.016) | plies 100 decisive 74% | buffer 200000 steps 64483 | 116.1 g/min eta 9.3h
[34925/100000] loss 1.837 (pi 1.726 v 0.089 q 0.014 c 0.016) | plies 101 decisive 72% | buffer 200000 steps 64524 | 116.1 g/min eta 9.3h
[34950/100000] loss 1.838 (pi 1.726 v 0.090 q 0.014 c 0.016) | plies 101 decisive 72% | buffer 200000 steps 64567 | 116.1 g/min eta 9.3h
[34975/100000] loss 1.843 (pi 1.731 v 0.089 q 0.014 c 0.016) | plies 102 decisive 71% | buffer 200000 steps 64611 | 116.1 g/min eta 9.3h
[35000/100000] loss 1.842 (pi 1.731 v 0.090 q 0.014 c 0.016) | plies 102 decisive 72% | buffer 200000 steps 64654 | 116.1 g/min eta 9.3h
  EVAL @35000: q-greedy 7-17-0 | policy-greedy 7-17-0 | search 7-1-0 (eval 24s)
[35025/100000] loss 1.843 (pi 1.731 v 0.089 q 0.014 c 0.016) | plies 100 decisive 75% | buffer 200000 steps 64697 | 116.0 g/min eta 9.3h
[35050/100000] loss 1.849 (pi 1.735 v 0.091 q 0.015 c 0.018) | plies 101 decisive 74% | buffer 200000 steps 64738 | 116.0 g/min eta 9.3h
[35075/100000] loss 1.846 (pi 1.733 v 0.090 q 0.014 c 0.017) | plies 103 decisive 72% | buffer 200000 steps 64784 | 116.1 g/min eta 9.3h
[35100/100000] loss 1.847 (pi 1.735 v 0.089 q 0.014 c 0.017) | plies 105 decisive 71% | buffer 200000 steps 64827 | 116.1 g/min eta 9.3h
[35125/100000] loss 1.845 (pi 1.733 v 0.089 q 0.014 c 0.017) | plies 104 decisive 74% | buffer 200000 steps 64868 | 116.1 g/min eta 9.3h
[35150/100000] loss 1.854 (pi 1.741 v 0.090 q 0.015 c 0.017) | plies 103 decisive 74% | buffer 200000 steps 64910 | 116.1 g/min eta 9.3h
[35175/100000] loss 1.851 (pi 1.738 v 0.091 q 0.014 c 0.016) | plies 103 decisive 76% | buffer 200000 steps 64955 | 116.1 g/min eta 9.3h
[35200/100000] loss 1.849 (pi 1.736 v 0.090 q 0.014 c 0.016) | plies 102 decisive 77% | buffer 200000 steps 64999 | 116.1 g/min eta 9.3h
[35225/100000] loss 1.850 (pi 1.737 v 0.091 q 0.014 c 0.016) | plies 102 decisive 76% | buffer 200000 steps 65042 | 116.2 g/min eta 9.3h
[35250/100000] loss 1.854 (pi 1.742 v 0.089 q 0.014 c 0.016) | plies 102 decisive 76% | buffer 200000 steps 65082 | 116.2 g/min eta 9.3h
[35275/100000] loss 1.853 (pi 1.742 v 0.089 q 0.014 c 0.016) | plies 102 decisive 78% | buffer 200000 steps 65128 | 116.2 g/min eta 9.3h
[35300/100000] loss 1.857 (pi 1.746 v 0.088 q 0.014 c 0.016) | plies 101 decisive 77% | buffer 200000 steps 65167 | 116.2 g/min eta 9.3h
[35325/100000] loss 1.855 (pi 1.744 v 0.088 q 0.014 c 0.017) | plies 102 decisive 75% | buffer 200000 steps 65208 | 116.2 g/min eta 9.3h
[35350/100000] loss 1.855 (pi 1.743 v 0.089 q 0.014 c 0.017) | plies 101 decisive 76% | buffer 200000 steps 65251 | 116.2 g/min eta 9.3h
[35375/100000] loss 1.857 (pi 1.743 v 0.091 q 0.014 c 0.017) | plies 100 decisive 78% | buffer 200000 steps 65298 | 116.2 g/min eta 9.3h
[35400/100000] loss 1.852 (pi 1.739 v 0.090 q 0.014 c 0.017) | plies 102 decisive 76% | buffer 200000 steps 65341 | 116.2 g/min eta 9.3h
[35425/100000] loss 1.860 (pi 1.747 v 0.091 q 0.014 c 0.016) | plies 104 decisive 76% | buffer 200000 steps 65385 | 116.2 g/min eta 9.3h
[35450/100000] loss 1.853 (pi 1.740 v 0.091 q 0.014 c 0.016) | plies 104 decisive 76% | buffer 200000 steps 65434 | 116.2 g/min eta 9.3h
[35475/100000] loss 1.850 (pi 1.737 v 0.091 q 0.014 c 0.016) | plies 102 decisive 76% | buffer 200000 steps 65474 | 116.2 g/min eta 9.3h
[35500/100000] loss 1.848 (pi 1.735 v 0.091 q 0.014 c 0.016) | plies 103 decisive 75% | buffer 200000 steps 65521 | 116.2 g/min eta 9.3h
[35525/100000] loss 1.854 (pi 1.740 v 0.091 q 0.014 c 0.016) | plies 104 decisive 73% | buffer 200000 steps 65569 | 116.2 g/min eta 9.2h
[35550/100000] loss 1.852 (pi 1.738 v 0.091 q 0.015 c 0.016) | plies 105 decisive 72% | buffer 200000 steps 65614 | 116.2 g/min eta 9.2h
[35575/100000] loss 1.847 (pi 1.733 v 0.091 q 0.014 c 0.016) | plies 105 decisive 70% | buffer 200000 steps 65659 | 116.2 g/min eta 9.2h
[35600/100000] loss 1.849 (pi 1.735 v 0.091 q 0.015 c 0.016) | plies 105 decisive 71% | buffer 200000 steps 65700 | 116.2 g/min eta 9.2h
[35625/100000] loss 1.849 (pi 1.735 v 0.092 q 0.014 c 0.016) | plies 102 decisive 74% | buffer 200000 steps 65746 | 116.2 g/min eta 9.2h
[35650/100000] loss 1.853 (pi 1.738 v 0.092 q 0.014 c 0.016) | plies 101 decisive 74% | buffer 200000 steps 65789 | 116.2 g/min eta 9.2h
[35675/100000] loss 1.859 (pi 1.744 v 0.092 q 0.015 c 0.017) | plies 102 decisive 76% | buffer 200000 steps 65837 | 116.2 g/min eta 9.2h
[35700/100000] loss 1.856 (pi 1.741 v 0.092 q 0.015 c 0.017) | plies 102 decisive 74% | buffer 200000 steps 65880 | 116.3 g/min eta 9.2h
[35725/100000] loss 1.849 (pi 1.734 v 0.092 q 0.015 c 0.016) | plies 102 decisive 76% | buffer 200000 steps 65924 | 116.3 g/min eta 9.2h
[35750/100000] loss 1.853 (pi 1.738 v 0.092 q 0.015 c 0.017) | plies 104 decisive 74% | buffer 200000 steps 65967 | 116.3 g/min eta 9.2h
[35775/100000] loss 1.858 (pi 1.743 v 0.092 q 0.015 c 0.016) | plies 104 decisive 74% | buffer 200000 steps 66013 | 116.3 g/min eta 9.2h
[35800/100000] loss 1.855 (pi 1.741 v 0.091 q 0.015 c 0.016) | plies 105 decisive 72% | buffer 200000 steps 66059 | 116.2 g/min eta 9.2h
[35825/100000] loss 1.854 (pi 1.741 v 0.091 q 0.015 c 0.016) | plies 107 decisive 70% | buffer 200000 steps 66107 | 116.2 g/min eta 9.2h
[35850/100000] loss 1.850 (pi 1.736 v 0.091 q 0.015 c 0.017) | plies 107 decisive 71% | buffer 200000 steps 66152 | 116.3 g/min eta 9.2h
[35875/100000] loss 1.848 (pi 1.734 v 0.091 q 0.015 c 0.016) | plies 108 decisive 70% | buffer 200000 steps 66199 | 116.3 g/min eta 9.2h
[35900/100000] loss 1.850 (pi 1.735 v 0.092 q 0.015 c 0.016) | plies 107 decisive 70% | buffer 200000 steps 66243 | 116.3 g/min eta 9.2h
[35925/100000] loss 1.863 (pi 1.747 v 0.092 q 0.015 c 0.016) | plies 106 decisive 72% | buffer 200000 steps 66290 | 116.3 g/min eta 9.2h
[35950/100000] loss 1.861 (pi 1.747 v 0.091 q 0.015 c 0.016) | plies 105 decisive 74% | buffer 200000 steps 66332 | 116.3 g/min eta 9.2h
[35975/100000] loss 1.856 (pi 1.743 v 0.091 q 0.015 c 0.016) | plies 104 decisive 72% | buffer 200000 steps 66377 | 116.3 g/min eta 9.2h
[36000/100000] loss 1.858 (pi 1.744 v 0.091 q 0.015 c 0.016) | plies 104 decisive 74% | buffer 200000 steps 66423 | 116.3 g/min eta 9.2h
  EVAL @36000: q-greedy 3-21-0 | policy-greedy 9-15-0 | search 8-0-0 (eval 24s)
[36025/100000] loss 1.854 (pi 1.741 v 0.090 q 0.015 c 0.016) | plies 105 decisive 73% | buffer 200000 steps 66469 | 116.1 g/min eta 9.2h
[36050/100000] loss 1.854 (pi 1.741 v 0.090 q 0.015 c 0.017) | plies 106 decisive 74% | buffer 200000 steps 66512 | 116.2 g/min eta 9.2h
[36075/100000] loss 1.847 (pi 1.734 v 0.090 q 0.014 c 0.017) | plies 105 decisive 73% | buffer 200000 steps 66552 | 116.2 g/min eta 9.2h
[36100/100000] loss 1.848 (pi 1.736 v 0.089 q 0.014 c 0.017) | plies 106 decisive 72% | buffer 200000 steps 66596 | 116.3 g/min eta 9.2h
[36125/100000] loss 1.850 (pi 1.737 v 0.090 q 0.015 c 0.017) | plies 105 decisive 72% | buffer 200000 steps 66642 | 116.3 g/min eta 9.2h
[36150/100000] loss 1.849 (pi 1.737 v 0.090 q 0.014 c 0.017) | plies 106 decisive 70% | buffer 200000 steps 66687 | 116.3 g/min eta 9.2h
[36175/100000] loss 1.851 (pi 1.739 v 0.090 q 0.014 c 0.016) | plies 106 decisive 73% | buffer 200000 steps 66731 | 116.3 g/min eta 9.1h
[36200/100000] loss 1.852 (pi 1.739 v 0.090 q 0.014 c 0.017) | plies 105 decisive 75% | buffer 200000 steps 66777 | 116.3 g/min eta 9.1h
[36225/100000] loss 1.848 (pi 1.735 v 0.090 q 0.014 c 0.017) | plies 104 decisive 76% | buffer 200000 steps 66820 | 116.3 g/min eta 9.1h
[36250/100000] loss 1.841 (pi 1.728 v 0.090 q 0.014 c 0.016) | plies 105 decisive 74% | buffer 200000 steps 66865 | 116.3 g/min eta 9.1h
[36275/100000] loss 1.849 (pi 1.738 v 0.089 q 0.014 c 0.016) | plies 106 decisive 74% | buffer 200000 steps 66911 | 116.3 g/min eta 9.1h
[36300/100000] loss 1.849 (pi 1.737 v 0.089 q 0.014 c 0.016) | plies 105 decisive 76% | buffer 200000 steps 66957 | 116.3 g/min eta 9.1h
[36325/100000] loss 1.847 (pi 1.735 v 0.089 q 0.014 c 0.016) | plies 106 decisive 76% | buffer 200000 steps 67005 | 116.3 g/min eta 9.1h
[36350/100000] loss 1.849 (pi 1.738 v 0.089 q 0.014 c 0.016) | plies 106 decisive 74% | buffer 200000 steps 67051 | 116.3 g/min eta 9.1h
[36375/100000] loss 1.846 (pi 1.735 v 0.089 q 0.014 c 0.016) | plies 107 decisive 73% | buffer 200000 steps 67096 | 116.3 g/min eta 9.1h
[36400/100000] loss 1.847 (pi 1.735 v 0.089 q 0.014 c 0.017) | plies 107 decisive 72% | buffer 200000 steps 67141 | 116.3 g/min eta 9.1h
[36425/100000] loss 1.848 (pi 1.736 v 0.089 q 0.015 c 0.017) | plies 108 decisive 72% | buffer 200000 steps 67184 | 116.3 g/min eta 9.1h
[36450/100000] loss 1.849 (pi 1.736 v 0.090 q 0.015 c 0.018) | plies 107 decisive 74% | buffer 200000 steps 67230 | 116.3 g/min eta 9.1h
[36475/100000] loss 1.851 (pi 1.738 v 0.090 q 0.015 c 0.017) | plies 105 decisive 76% | buffer 200000 steps 67272 | 116.3 g/min eta 9.1h
[36500/100000] loss 1.845 (pi 1.732 v 0.089 q 0.015 c 0.017) | plies 106 decisive 73% | buffer 200000 steps 67318 | 116.3 g/min eta 9.1h
[36525/100000] loss 1.852 (pi 1.739 v 0.090 q 0.015 c 0.017) | plies 106 decisive 72% | buffer 200000 steps 67366 | 116.3 g/min eta 9.1h
[36550/100000] loss 1.851 (pi 1.739 v 0.090 q 0.015 c 0.017) | plies 105 decisive 75% | buffer 200000 steps 67415 | 116.3 g/min eta 9.1h
[36575/100000] loss 1.850 (pi 1.737 v 0.090 q 0.015 c 0.017) | plies 105 decisive 76% | buffer 200000 steps 67461 | 116.4 g/min eta 9.1h
[36600/100000] loss 1.845 (pi 1.732 v 0.090 q 0.014 c 0.017) | plies 106 decisive 75% | buffer 200000 steps 67506 | 116.4 g/min eta 9.1h
[36625/100000] loss 1.850 (pi 1.736 v 0.090 q 0.015 c 0.017) | plies 105 decisive 76% | buffer 200000 steps 67551 | 116.4 g/min eta 9.1h
[36650/100000] loss 1.856 (pi 1.742 v 0.090 q 0.015 c 0.017) | plies 105 decisive 76% | buffer 200000 steps 67594 | 116.3 g/min eta 9.1h
[36675/100000] loss 1.851 (pi 1.737 v 0.091 q 0.014 c 0.017) | plies 105 decisive 76% | buffer 200000 steps 67635 | 116.4 g/min eta 9.1h
[36700/100000] loss 1.857 (pi 1.743 v 0.091 q 0.014 c 0.017) | plies 106 decisive 76% | buffer 200000 steps 67681 | 116.4 g/min eta 9.1h
[36725/100000] loss 1.851 (pi 1.737 v 0.091 q 0.014 c 0.017) | plies 104 decisive 78% | buffer 200000 steps 67722 | 116.4 g/min eta 9.1h
[36750/100000] loss 1.851 (pi 1.737 v 0.091 q 0.014 c 0.016) | plies 105 decisive 76% | buffer 200000 steps 67767 | 116.4 g/min eta 9.1h
[36775/100000] loss 1.845 (pi 1.730 v 0.092 q 0.014 c 0.017) | plies 105 decisive 75% | buffer 200000 steps 67814 | 116.4 g/min eta 9.1h
[36800/100000] loss 1.844 (pi 1.729 v 0.092 q 0.014 c 0.016) | plies 104 decisive 75% | buffer 200000 steps 67860 | 116.4 g/min eta 9.0h
[36825/100000] loss 1.847 (pi 1.733 v 0.091 q 0.014 c 0.016) | plies 106 decisive 74% | buffer 200000 steps 67912 | 116.4 g/min eta 9.0h
[36850/100000] loss 1.846 (pi 1.733 v 0.091 q 0.014 c 0.016) | plies 105 decisive 76% | buffer 200000 steps 67955 | 116.4 g/min eta 9.0h
[36875/100000] loss 1.846 (pi 1.732 v 0.092 q 0.014 c 0.017) | plies 106 decisive 74% | buffer 200000 steps 67999 | 116.4 g/min eta 9.0h
[36900/100000] loss 1.845 (pi 1.731 v 0.092 q 0.014 c 0.017) | plies 104 decisive 76% | buffer 200000 steps 68043 | 116.4 g/min eta 9.0h
[36925/100000] loss 1.845 (pi 1.730 v 0.092 q 0.015 c 0.017) | plies 106 decisive 74% | buffer 200000 steps 68088 | 116.4 g/min eta 9.0h
[36950/100000] loss 1.843 (pi 1.729 v 0.092 q 0.014 c 0.017) | plies 104 decisive 76% | buffer 200000 steps 68129 | 116.4 g/min eta 9.0h
[36975/100000] loss 1.846 (pi 1.731 v 0.092 q 0.014 c 0.017) | plies 102 decisive 78% | buffer 200000 steps 68176 | 116.5 g/min eta 9.0h
[37000/100000] loss 1.843 (pi 1.728 v 0.092 q 0.015 c 0.017) | plies 103 decisive 77% | buffer 200000 steps 68223 | 116.4 g/min eta 9.0h
  EVAL @37000: q-greedy 3-21-0 | policy-greedy 8-16-0 | search 8-0-0 (eval 28s)
[37025/100000] loss 1.845 (pi 1.730 v 0.092 q 0.015 c 0.017) | plies 100 decisive 78% | buffer 200000 steps 68267 | 116.3 g/min eta 9.0h
[37050/100000] loss 1.849 (pi 1.735 v 0.092 q 0.015 c 0.017) | plies 101 decisive 76% | buffer 200000 steps 68313 | 116.3 g/min eta 9.0h
[37075/100000] loss 1.846 (pi 1.731 v 0.091 q 0.015 c 0.017) | plies 101 decisive 78% | buffer 200000 steps 68362 | 116.4 g/min eta 9.0h
[37100/100000] loss 1.842 (pi 1.727 v 0.092 q 0.015 c 0.018) | plies 103 decisive 76% | buffer 200000 steps 68409 | 116.4 g/min eta 9.0h
[37125/100000] loss 1.839 (pi 1.724 v 0.092 q 0.015 c 0.018) | plies 104 decisive 75% | buffer 200000 steps 68459 | 116.4 g/min eta 9.0h
[37150/100000] loss 1.842 (pi 1.728 v 0.091 q 0.015 c 0.018) | plies 104 decisive 74% | buffer 200000 steps 68500 | 116.4 g/min eta 9.0h
[37175/100000] loss 1.848 (pi 1.732 v 0.092 q 0.015 c 0.018) | plies 106 decisive 74% | buffer 200000 steps 68546 | 116.4 g/min eta 9.0h
[37200/100000] loss 1.847 (pi 1.732 v 0.091 q 0.015 c 0.017) | plies 106 decisive 72% | buffer 200000 steps 68590 | 116.4 g/min eta 9.0h
[37225/100000] loss 1.846 (pi 1.732 v 0.091 q 0.015 c 0.017) | plies 107 decisive 72% | buffer 200000 steps 68638 | 116.4 g/min eta 9.0h
[37250/100000] loss 1.844 (pi 1.730 v 0.090 q 0.015 c 0.018) | plies 108 decisive 70% | buffer 200000 steps 68685 | 116.4 g/min eta 9.0h
[37275/100000] loss 1.840 (pi 1.727 v 0.090 q 0.014 c 0.017) | plies 109 decisive 68% | buffer 200000 steps 68732 | 116.4 g/min eta 9.0h
[37300/100000] loss 1.845 (pi 1.731 v 0.090 q 0.014 c 0.017) | plies 109 decisive 67% | buffer 200000 steps 68777 | 116.4 g/min eta 9.0h
[37325/100000] loss 1.841 (pi 1.728 v 0.090 q 0.015 c 0.017) | plies 109 decisive 68% | buffer 200000 steps 68821 | 116.4 g/min eta 9.0h
[37350/100000] loss 1.839 (pi 1.726 v 0.090 q 0.015 c 0.017) | plies 108 decisive 72% | buffer 200000 steps 68865 | 116.4 g/min eta 9.0h
[37375/100000] loss 1.842 (pi 1.730 v 0.090 q 0.014 c 0.017) | plies 107 decisive 74% | buffer 200000 steps 68909 | 116.5 g/min eta 9.0h
[37400/100000] loss 1.837 (pi 1.725 v 0.089 q 0.014 c 0.016) | plies 107 decisive 74% | buffer 200000 steps 68953 | 116.5 g/min eta 9.0h
[37425/100000] loss 1.843 (pi 1.731 v 0.090 q 0.014 c 0.016) | plies 107 decisive 74% | buffer 200000 steps 69000 | 116.5 g/min eta 9.0h
[37450/100000] loss 1.847 (pi 1.735 v 0.090 q 0.014 c 0.016) | plies 106 decisive 76% | buffer 200000 steps 69046 | 116.5 g/min eta 9.0h
[37475/100000] loss 1.839 (pi 1.728 v 0.089 q 0.014 c 0.016) | plies 104 decisive 78% | buffer 200000 steps 69088 | 116.5 g/min eta 8.9h
[37500/100000] loss 1.842 (pi 1.730 v 0.090 q 0.014 c 0.017) | plies 102 decisive 81% | buffer 200000 steps 69131 | 116.4 g/min eta 8.9h
[37525/100000] loss 1.834 (pi 1.721 v 0.090 q 0.014 c 0.017) | plies 101 decisive 80% | buffer 200000 steps 69177 | 116.5 g/min eta 8.9h
[37550/100000] loss 1.839 (pi 1.727 v 0.090 q 0.014 c 0.016) | plies 101 decisive 80% | buffer 200000 steps 69218 | 116.5 g/min eta 8.9h
[37575/100000] loss 1.840 (pi 1.727 v 0.090 q 0.014 c 0.016) | plies 102 decisive 78% | buffer 200000 steps 69269 | 116.5 g/min eta 8.9h
[37600/100000] loss 1.844 (pi 1.731 v 0.091 q 0.014 c 0.016) | plies 101 decisive 79% | buffer 200000 steps 69314 | 116.5 g/min eta 8.9h
[37625/100000] loss 1.843 (pi 1.730 v 0.090 q 0.014 c 0.017) | plies 101 decisive 80% | buffer 200000 steps 69356 | 116.5 g/min eta 8.9h
[37650/100000] loss 1.841 (pi 1.729 v 0.090 q 0.014 c 0.017) | plies 100 decisive 79% | buffer 200000 steps 69398 | 116.5 g/min eta 8.9h
[37675/100000] loss 1.842 (pi 1.730 v 0.090 q 0.014 c 0.016) | plies 101 decisive 77% | buffer 200000 steps 69443 | 116.5 g/min eta 8.9h
[37700/100000] loss 1.843 (pi 1.730 v 0.090 q 0.014 c 0.016) | plies 102 decisive 77% | buffer 200000 steps 69487 | 116.5 g/min eta 8.9h
[37725/100000] loss 1.844 (pi 1.731 v 0.090 q 0.014 c 0.016) | plies 101 decisive 78% | buffer 200000 steps 69532 | 116.5 g/min eta 8.9h
[37750/100000] loss 1.849 (pi 1.737 v 0.090 q 0.014 c 0.016) | plies 103 decisive 76% | buffer 200000 steps 69573 | 116.5 g/min eta 8.9h
[37775/100000] loss 1.843 (pi 1.729 v 0.091 q 0.014 c 0.016) | plies 103 decisive 75% | buffer 200000 steps 69618 | 116.5 g/min eta 8.9h
[37800/100000] loss 1.839 (pi 1.725 v 0.091 q 0.015 c 0.016) | plies 103 decisive 74% | buffer 200000 steps 69664 | 116.5 g/min eta 8.9h
[37825/100000] loss 1.838 (pi 1.724 v 0.092 q 0.014 c 0.016) | plies 103 decisive 74% | buffer 200000 steps 69707 | 116.5 g/min eta 8.9h
[37850/100000] loss 1.840 (pi 1.726 v 0.092 q 0.014 c 0.016) | plies 104 decisive 74% | buffer 200000 steps 69748 | 116.5 g/min eta 8.9h
[37875/100000] loss 1.842 (pi 1.729 v 0.091 q 0.014 c 0.016) | plies 103 decisive 76% | buffer 200000 steps 69791 | 116.5 g/min eta 8.9h
[37900/100000] loss 1.853 (pi 1.739 v 0.091 q 0.014 c 0.017) | plies 107 decisive 72% | buffer 200000 steps 69838 | 116.5 g/min eta 8.9h
[37925/100000] loss 1.856 (pi 1.742 v 0.091 q 0.014 c 0.017) | plies 110 decisive 69% | buffer 200000 steps 69887 | 116.5 g/min eta 8.9h
[37950/100000] loss 1.856 (pi 1.743 v 0.090 q 0.014 c 0.016) | plies 110 decisive 70% | buffer 200000 steps 69933 | 116.5 g/min eta 8.9h
[37975/100000] loss 1.854 (pi 1.741 v 0.090 q 0.014 c 0.016) | plies 110 decisive 70% | buffer 200000 steps 69976 | 116.5 g/min eta 8.9h
[38000/100000] loss 1.855 (pi 1.743 v 0.090 q 0.014 c 0.016) | plies 109 decisive 70% | buffer 200000 steps 70019 | 116.5 g/min eta 8.9h
  EVAL @38000: q-greedy 1-23-0 | policy-greedy 7-17-0 | search 7-1-0 (eval 29s)
[38025/100000] loss 1.855 (pi 1.740 v 0.092 q 0.014 c 0.016) | plies 111 decisive 70% | buffer 200000 steps 70065 | 116.4 g/min eta 8.9h
[38050/100000] loss 1.849 (pi 1.735 v 0.092 q 0.014 c 0.016) | plies 113 decisive 66% | buffer 200000 steps 70114 | 116.4 g/min eta 8.9h
[38075/100000] loss 1.852 (pi 1.739 v 0.091 q 0.014 c 0.017) | plies 113 decisive 66% | buffer 200000 steps 70159 | 116.4 g/min eta 8.9h
[38100/100000] loss 1.840 (pi 1.727 v 0.091 q 0.014 c 0.017) | plies 111 decisive 70% | buffer 200000 steps 70206 | 116.5 g/min eta 8.9h
[38125/100000] loss 1.843 (pi 1.730 v 0.091 q 0.014 c 0.016) | plies 108 decisive 72% | buffer 200000 steps 70248 | 116.5 g/min eta 8.9h
[38150/100000] loss 1.842 (pi 1.730 v 0.090 q 0.014 c 0.016) | plies 108 decisive 72% | buffer 200000 steps 70293 | 116.5 g/min eta 8.8h
[38175/100000] loss 1.835 (pi 1.723 v 0.090 q 0.014 c 0.017) | plies 109 decisive 70% | buffer 200000 steps 70340 | 116.5 g/min eta 8.8h
[38200/100000] loss 1.837 (pi 1.724 v 0.090 q 0.014 c 0.017) | plies 109 decisive 70% | buffer 200000 steps 70380 | 116.5 g/min eta 8.8h
[38225/100000] loss 1.839 (pi 1.726 v 0.091 q 0.014 c 0.017) | plies 110 decisive 70% | buffer 200000 steps 70429 | 116.5 g/min eta 8.8h
[38250/100000] loss 1.841 (pi 1.728 v 0.091 q 0.014 c 0.017) | plies 105 decisive 74% | buffer 200000 steps 70469 | 116.6 g/min eta 8.8h
[38275/100000] loss 1.843 (pi 1.731 v 0.090 q 0.014 c 0.017) | plies 106 decisive 73% | buffer 200000 steps 70519 | 116.6 g/min eta 8.8h
[38300/100000] loss 1.851 (pi 1.739 v 0.090 q 0.014 c 0.017) | plies 105 decisive 72% | buffer 200000 steps 70564 | 116.5 g/min eta 8.8h
[38325/100000] loss 1.844 (pi 1.732 v 0.089 q 0.014 c 0.017) | plies 105 decisive 74% | buffer 200000 steps 70609 | 116.6 g/min eta 8.8h
[38350/100000] loss 1.848 (pi 1.735 v 0.090 q 0.014 c 0.017) | plies 104 decisive 74% | buffer 200000 steps 70652 | 116.6 g/min eta 8.8h
[38375/100000] loss 1.841 (pi 1.729 v 0.090 q 0.014 c 0.016) | plies 100 decisive 78% | buffer 200000 steps 70693 | 116.6 g/min eta 8.8h
[38400/100000] loss 1.843 (pi 1.730 v 0.090 q 0.014 c 0.017) | plies 100 decisive 78% | buffer 200000 steps 70737 | 116.6 g/min eta 8.8h
[38425/100000] loss 1.851 (pi 1.739 v 0.090 q 0.014 c 0.017) | plies 99 decisive 78% | buffer 200000 steps 70782 | 116.6 g/min eta 8.8h
[38450/100000] loss 1.847 (pi 1.733 v 0.091 q 0.014 c 0.017) | plies 101 decisive 77% | buffer 200000 steps 70828 | 116.6 g/min eta 8.8h
[38475/100000] loss 1.843 (pi 1.730 v 0.090 q 0.014 c 0.016) | plies 101 decisive 76% | buffer 200000 steps 70878 | 116.6 g/min eta 8.8h
[38500/100000] loss 1.845 (pi 1.732 v 0.090 q 0.014 c 0.016) | plies 101 decisive 76% | buffer 200000 steps 70926 | 116.6 g/min eta 8.8h
[38525/100000] loss 1.845 (pi 1.733 v 0.090 q 0.014 c 0.016) | plies 101 decisive 76% | buffer 200000 steps 70969 | 116.6 g/min eta 8.8h
[38550/100000] loss 1.848 (pi 1.736 v 0.090 q 0.014 c 0.017) | plies 103 decisive 75% | buffer 200000 steps 71015 | 116.6 g/min eta 8.8h
[38575/100000] loss 1.846 (pi 1.735 v 0.089 q 0.014 c 0.017) | plies 105 decisive 72% | buffer 200000 steps 71060 | 116.6 g/min eta 8.8h
[38600/100000] loss 1.846 (pi 1.735 v 0.089 q 0.014 c 0.017) | plies 107 decisive 70% | buffer 200000 steps 71106 | 116.6 g/min eta 8.8h
[38625/100000] loss 1.842 (pi 1.730 v 0.089 q 0.014 c 0.017) | plies 108 decisive 71% | buffer 200000 steps 71153 | 116.6 g/min eta 8.8h
[38650/100000] loss 1.840 (pi 1.729 v 0.089 q 0.014 c 0.017) | plies 107 decisive 72% | buffer 200000 steps 71193 | 116.6 g/min eta 8.8h
[38675/100000] loss 1.844 (pi 1.732 v 0.089 q 0.014 c 0.017) | plies 106 decisive 74% | buffer 200000 steps 71239 | 116.6 g/min eta 8.8h
[38700/100000] loss 1.844 (pi 1.732 v 0.089 q 0.014 c 0.016) | plies 107 decisive 74% | buffer 200000 steps 71283 | 116.6 g/min eta 8.8h
[38725/100000] loss 1.842 (pi 1.731 v 0.089 q 0.014 c 0.016) | plies 110 decisive 70% | buffer 200000 steps 71331 | 116.6 g/min eta 8.8h
[38750/100000] loss 1.835 (pi 1.725 v 0.088 q 0.014 c 0.017) | plies 109 decisive 71% | buffer 200000 steps 71373 | 116.7 g/min eta 8.8h
[38775/100000] loss 1.841 (pi 1.730 v 0.088 q 0.014 c 0.017) | plies 108 decisive 72% | buffer 200000 steps 71412 | 116.7 g/min eta 8.7h
[38800/100000] loss 1.835 (pi 1.724 v 0.088 q 0.014 c 0.017) | plies 106 decisive 74% | buffer 200000 steps 71457 | 116.6 g/min eta 8.7h
[38825/100000] loss 1.834 (pi 1.723 v 0.088 q 0.014 c 0.017) | plies 104 decisive 76% | buffer 200000 steps 71498 | 116.6 g/min eta 8.7h
[38850/100000] loss 1.835 (pi 1.724 v 0.089 q 0.014 c 0.017) | plies 104 decisive 74% | buffer 200000 steps 71540 | 116.7 g/min eta 8.7h
[38875/100000] loss 1.835 (pi 1.723 v 0.090 q 0.014 c 0.017) | plies 104 decisive 72% | buffer 200000 steps 71584 | 116.7 g/min eta 8.7h
[38900/100000] loss 1.835 (pi 1.723 v 0.089 q 0.014 c 0.017) | plies 104 decisive 70% | buffer 200000 steps 71629 | 116.7 g/min eta 8.7h
[38925/100000] loss 1.830 (pi 1.719 v 0.089 q 0.014 c 0.017) | plies 101 decisive 74% | buffer 200000 steps 71669 | 116.7 g/min eta 8.7h
[38950/100000] loss 1.829 (pi 1.718 v 0.088 q 0.014 c 0.017) | plies 100 decisive 74% | buffer 200000 steps 71712 | 116.7 g/min eta 8.7h
[38975/100000] loss 1.835 (pi 1.724 v 0.089 q 0.014 c 0.017) | plies 100 decisive 74% | buffer 200000 steps 71754 | 116.7 g/min eta 8.7h
[39000/100000] loss 1.837 (pi 1.725 v 0.089 q 0.014 c 0.017) | plies 101 decisive 74% | buffer 200000 steps 71798 | 116.7 g/min eta 8.7h
  EVAL @39000: q-greedy 3-21-0 | policy-greedy 7-17-0 | search 8-0-0 (eval 30s)
[39025/100000] loss 1.842 (pi 1.731 v 0.089 q 0.014 c 0.016) | plies 104 decisive 72% | buffer 200000 steps 71845 | 116.5 g/min eta 8.7h
[39050/100000] loss 1.839 (pi 1.728 v 0.089 q 0.014 c 0.016) | plies 105 decisive 73% | buffer 200000 steps 71890 | 116.6 g/min eta 8.7h
[39075/100000] loss 1.828 (pi 1.717 v 0.090 q 0.014 c 0.016) | plies 105 decisive 75% | buffer 200000 steps 71936 | 116.6 g/min eta 8.7h
[39100/100000] loss 1.829 (pi 1.718 v 0.089 q 0.014 c 0.016) | plies 103 decisive 78% | buffer 200000 steps 71979 | 116.7 g/min eta 8.7h
[39125/100000] loss 1.829 (pi 1.716 v 0.090 q 0.014 c 0.017) | plies 104 decisive 78% | buffer 200000 steps 72021 | 116.7 g/min eta 8.7h
[39150/100000] loss 1.827 (pi 1.715 v 0.089 q 0.014 c 0.017) | plies 105 decisive 77% | buffer 200000 steps 72067 | 116.7 g/min eta 8.7h
[39175/100000] loss 1.830 (pi 1.718 v 0.090 q 0.014 c 0.017) | plies 107 decisive 76% | buffer 200000 steps 72113 | 116.7 g/min eta 8.7h
[39200/100000] loss 1.826 (pi 1.713 v 0.090 q 0.014 c 0.016) | plies 104 decisive 78% | buffer 200000 steps 72150 | 116.7 g/min eta 8.7h
[39225/100000] loss 1.831 (pi 1.719 v 0.090 q 0.014 c 0.016) | plies 103 decisive 79% | buffer 200000 steps 72193 | 116.7 g/min eta 8.7h
[39250/100000] loss 1.829 (pi 1.716 v 0.090 q 0.014 c 0.017) | plies 103 decisive 78% | buffer 200000 steps 72239 | 116.7 g/min eta 8.7h
[39275/100000] loss 1.832 (pi 1.720 v 0.090 q 0.014 c 0.017) | plies 101 decisive 80% | buffer 200000 steps 72283 | 116.7 g/min eta 8.7h
[39300/100000] loss 1.832 (pi 1.719 v 0.091 q 0.014 c 0.017) | plies 102 decisive 78% | buffer 200000 steps 72325 | 116.7 g/min eta 8.7h
[39325/100000] loss 1.829 (pi 1.716 v 0.090 q 0.014 c 0.017) | plies 101 decisive 78% | buffer 200000 steps 72373 | 116.7 g/min eta 8.7h
[39350/100000] loss 1.826 (pi 1.713 v 0.090 q 0.014 c 0.017) | plies 101 decisive 80% | buffer 200000 steps 72418 | 116.7 g/min eta 8.7h
[39375/100000] loss 1.828 (pi 1.716 v 0.090 q 0.014 c 0.017) | plies 98 decisive 81% | buffer 200000 steps 72459 | 116.7 g/min eta 8.7h
[39400/100000] loss 1.826 (pi 1.713 v 0.090 q 0.014 c 0.017) | plies 99 decisive 81% | buffer 200000 steps 72498 | 116.8 g/min eta 8.7h
[39425/100000] loss 1.825 (pi 1.712 v 0.090 q 0.014 c 0.018) | plies 98 decisive 81% | buffer 200000 steps 72541 | 116.8 g/min eta 8.6h
[39450/100000] loss 1.830 (pi 1.717 v 0.090 q 0.014 c 0.018) | plies 96 decisive 82% | buffer 200000 steps 72581 | 116.8 g/min eta 8.6h
[39475/100000] loss 1.831 (pi 1.719 v 0.089 q 0.014 c 0.018) | plies 97 decisive 80% | buffer 200000 steps 72623 | 116.8 g/min eta 8.6h
[39500/100000] loss 1.832 (pi 1.718 v 0.090 q 0.014 c 0.018) | plies 98 decisive 80% | buffer 200000 steps 72667 | 116.8 g/min eta 8.6h
[39525/100000] loss 1.828 (pi 1.715 v 0.090 q 0.014 c 0.017) | plies 97 decisive 79% | buffer 200000 steps 72706 | 116.8 g/min eta 8.6h
[39550/100000] loss 1.832 (pi 1.718 v 0.091 q 0.014 c 0.017) | plies 98 decisive 78% | buffer 200000 steps 72749 | 116.8 g/min eta 8.6h
[39575/100000] loss 1.826 (pi 1.713 v 0.090 q 0.014 c 0.017) | plies 97 decisive 79% | buffer 200000 steps 72785 | 116.8 g/min eta 8.6h
[39600/100000] loss 1.822 (pi 1.709 v 0.091 q 0.014 c 0.018) | plies 97 decisive 79% | buffer 200000 steps 72828 | 116.8 g/min eta 8.6h
[39625/100000] loss 1.820 (pi 1.706 v 0.091 q 0.014 c 0.017) | plies 97 decisive 80% | buffer 200000 steps 72866 | 116.8 g/min eta 8.6h
[39650/100000] loss 1.822 (pi 1.707 v 0.092 q 0.014 c 0.017) | plies 97 decisive 80% | buffer 200000 steps 72905 | 116.8 g/min eta 8.6h
[39675/100000] loss 1.822 (pi 1.707 v 0.092 q 0.014 c 0.018) | plies 97 decisive 80% | buffer 200000 steps 72947 | 116.8 g/min eta 8.6h
[39700/100000] loss 1.826 (pi 1.711 v 0.092 q 0.014 c 0.017) | plies 96 decisive 83% | buffer 200000 steps 72991 | 116.8 g/min eta 8.6h
[39725/100000] loss 1.830 (pi 1.714 v 0.093 q 0.014 c 0.017) | plies 97 decisive 84% | buffer 200000 steps 73038 | 116.8 g/min eta 8.6h
[39750/100000] loss 1.823 (pi 1.707 v 0.093 q 0.014 c 0.018) | plies 97 decisive 84% | buffer 200000 steps 73082 | 116.8 g/min eta 8.6h
[39775/100000] loss 1.821 (pi 1.705 v 0.094 q 0.014 c 0.018) | plies 99 decisive 81% | buffer 200000 steps 73126 | 116.8 g/min eta 8.6h
[39800/100000] loss 1.821 (pi 1.704 v 0.094 q 0.014 c 0.017) | plies 102 decisive 80% | buffer 200000 steps 73173 | 116.9 g/min eta 8.6h
[39825/100000] loss 1.825 (pi 1.709 v 0.093 q 0.014 c 0.017) | plies 101 decisive 80% | buffer 200000 steps 73213 | 116.9 g/min eta 8.6h
[39850/100000] loss 1.825 (pi 1.708 v 0.094 q 0.014 c 0.017) | plies 104 decisive 78% | buffer 200000 steps 73260 | 116.9 g/min eta 8.6h
[39875/100000] loss 1.821 (pi 1.705 v 0.094 q 0.014 c 0.017) | plies 105 decisive 76% | buffer 200000 steps 73304 | 116.9 g/min eta 8.6h
[39900/100000] loss 1.823 (pi 1.707 v 0.094 q 0.014 c 0.017) | plies 104 decisive 76% | buffer 200000 steps 73348 | 116.9 g/min eta 8.6h
[39925/100000] loss 1.816 (pi 1.700 v 0.093 q 0.014 c 0.017) | plies 105 decisive 74% | buffer 200000 steps 73394 | 116.9 g/min eta 8.6h
[39950/100000] loss 1.817 (pi 1.701 v 0.093 q 0.014 c 0.017) | plies 103 decisive 76% | buffer 200000 steps 73436 | 116.9 g/min eta 8.6h
[39975/100000] loss 1.819 (pi 1.702 v 0.093 q 0.015 c 0.019) | plies 102 decisive 76% | buffer 200000 steps 73477 | 116.9 g/min eta 8.6h
[40000/100000] loss 1.812 (pi 1.696 v 0.093 q 0.014 c 0.018) | plies 101 decisive 76% | buffer 200000 steps 73520 | 116.9 g/min eta 8.6h
  EVAL @40000: q-greedy 5-19-0 | policy-greedy 10-14-0 | search 8-0-0 (eval 24s)
[40025/100000] loss 1.816 (pi 1.700 v 0.093 q 0.014 c 0.017) | plies 103 decisive 74% | buffer 200000 steps 73563 | 116.7 g/min eta 8.6h
[40050/100000] loss 1.816 (pi 1.700 v 0.093 q 0.014 c 0.017) | plies 103 decisive 74% | buffer 200000 steps 73613 | 116.8 g/min eta 8.6h
[40075/100000] loss 1.824 (pi 1.708 v 0.093 q 0.014 c 0.017) | plies 102 decisive 75% | buffer 200000 steps 73655 | 116.8 g/min eta 8.5h
[40100/100000] loss 1.818 (pi 1.704 v 0.092 q 0.014 c 0.017) | plies 103 decisive 74% | buffer 200000 steps 73696 | 116.9 g/min eta 8.5h
[40125/100000] loss 1.816 (pi 1.703 v 0.091 q 0.014 c 0.017) | plies 102 decisive 74% | buffer 200000 steps 73739 | 116.9 g/min eta 8.5h
[40150/100000] loss 1.819 (pi 1.706 v 0.091 q 0.014 c 0.017) | plies 102 decisive 74% | buffer 200000 steps 73780 | 116.9 g/min eta 8.5h
[40175/100000] loss 1.814 (pi 1.700 v 0.091 q 0.014 c 0.017) | plies 104 decisive 72% | buffer 200000 steps 73827 | 116.9 g/min eta 8.5h
[40200/100000] loss 1.811 (pi 1.697 v 0.092 q 0.014 c 0.017) | plies 102 decisive 75% | buffer 200000 steps 73865 | 116.9 g/min eta 8.5h
[40225/100000] loss 1.814 (pi 1.700 v 0.091 q 0.014 c 0.017) | plies 102 decisive 76% | buffer 200000 steps 73908 | 116.9 g/min eta 8.5h
[40250/100000] loss 1.816 (pi 1.701 v 0.091 q 0.014 c 0.017) | plies 99 decisive 79% | buffer 200000 steps 73945 | 116.9 g/min eta 8.5h
[40275/100000] loss 1.812 (pi 1.697 v 0.092 q 0.014 c 0.018) | plies 98 decisive 79% | buffer 200000 steps 73986 | 116.9 g/min eta 8.5h
[40300/100000] loss 1.819 (pi 1.703 v 0.093 q 0.014 c 0.018) | plies 99 decisive 80% | buffer 200000 steps 74029 | 116.9 g/min eta 8.5h
[40325/100000] loss 1.816 (pi 1.700 v 0.092 q 0.014 c 0.018) | plies 97 decisive 82% | buffer 200000 steps 74070 | 116.9 g/min eta 8.5h
[40350/100000] loss 1.819 (pi 1.703 v 0.093 q 0.014 c 0.017) | plies 99 decisive 80% | buffer 200000 steps 74114 | 116.9 g/min eta 8.5h
[40375/100000] loss 1.823 (pi 1.706 v 0.094 q 0.015 c 0.017) | plies 98 decisive 82% | buffer 200000 steps 74161 | 116.9 g/min eta 8.5h
[40400/100000] loss 1.816 (pi 1.699 v 0.094 q 0.015 c 0.017) | plies 99 decisive 81% | buffer 200000 steps 74204 | 116.9 g/min eta 8.5h
[40425/100000] loss 1.815 (pi 1.699 v 0.093 q 0.014 c 0.017) | plies 98 decisive 81% | buffer 200000 steps 74241 | 117.0 g/min eta 8.5h
[40450/100000] loss 1.819 (pi 1.704 v 0.093 q 0.014 c 0.017) | plies 101 decisive 78% | buffer 200000 steps 74284 | 117.0 g/min eta 8.5h
[40475/100000] loss 1.817 (pi 1.701 v 0.094 q 0.015 c 0.017) | plies 101 decisive 79% | buffer 200000 steps 74326 | 117.0 g/min eta 8.5h
[40500/100000] loss 1.813 (pi 1.697 v 0.093 q 0.015 c 0.017) | plies 101 decisive 80% | buffer 200000 steps 74366 | 117.0 g/min eta 8.5h
[40525/100000] loss 1.819 (pi 1.702 v 0.093 q 0.014 c 0.017) | plies 102 decisive 77% | buffer 200000 steps 74407 | 117.0 g/min eta 8.5h
[40550/100000] loss 1.826 (pi 1.709 v 0.094 q 0.015 c 0.017) | plies 101 decisive 78% | buffer 200000 steps 74451 | 117.0 g/min eta 8.5h
[40575/100000] loss 1.818 (pi 1.701 v 0.094 q 0.015 c 0.017) | plies 99 decisive 79% | buffer 200000 steps 74495 | 117.0 g/min eta 8.5h
[40600/100000] loss 1.816 (pi 1.700 v 0.093 q 0.015 c 0.017) | plies 101 decisive 76% | buffer 200000 steps 74541 | 117.0 g/min eta 8.5h
[40625/100000] loss 1.810 (pi 1.694 v 0.092 q 0.015 c 0.017) | plies 102 decisive 76% | buffer 200000 steps 74578 | 117.0 g/min eta 8.5h
[40650/100000] loss 1.810 (pi 1.695 v 0.093 q 0.015 c 0.017) | plies 101 decisive 76% | buffer 200000 steps 74621 | 117.0 g/min eta 8.5h
[40675/100000] loss 1.813 (pi 1.697 v 0.093 q 0.015 c 0.017) | plies 101 decisive 76% | buffer 200000 steps 74665 | 117.0 g/min eta 8.5h
[40700/100000] loss 1.808 (pi 1.692 v 0.093 q 0.014 c 0.017) | plies 102 decisive 76% | buffer 200000 steps 74706 | 117.0 g/min eta 8.4h
[40725/100000] loss 1.812 (pi 1.695 v 0.094 q 0.014 c 0.017) | plies 103 decisive 76% | buffer 200000 steps 74748 | 117.0 g/min eta 8.4h
[40750/100000] loss 1.810 (pi 1.694 v 0.093 q 0.014 c 0.017) | plies 104 decisive 75% | buffer 200000 steps 74789 | 117.1 g/min eta 8.4h
[40775/100000] loss 1.810 (pi 1.694 v 0.092 q 0.014 c 0.017) | plies 104 decisive 73% | buffer 200000 steps 74829 | 117.1 g/min eta 8.4h
[40800/100000] loss 1.808 (pi 1.692 v 0.093 q 0.015 c 0.018) | plies 103 decisive 74% | buffer 200000 steps 74873 | 117.0 g/min eta 8.4h
[40825/100000] loss 1.808 (pi 1.692 v 0.092 q 0.015 c 0.018) | plies 104 decisive 73% | buffer 200000 steps 74916 | 117.0 g/min eta 8.4h
[40850/100000] loss 1.812 (pi 1.697 v 0.091 q 0.015 c 0.018) | plies 104 decisive 74% | buffer 200000 steps 74959 | 117.0 g/min eta 8.4h
[40875/100000] loss 1.820 (pi 1.704 v 0.092 q 0.014 c 0.018) | plies 102 decisive 76% | buffer 200000 steps 74999 | 117.0 g/min eta 8.4h
[40900/100000] loss 1.811 (pi 1.696 v 0.092 q 0.015 c 0.018) | plies 103 decisive 74% | buffer 200000 steps 75041 | 117.0 g/min eta 8.4h
[40925/100000] loss 1.809 (pi 1.692 v 0.093 q 0.015 c 0.018) | plies 101 decisive 76% | buffer 200000 steps 75079 | 117.1 g/min eta 8.4h
[40950/100000] loss 1.808 (pi 1.691 v 0.094 q 0.015 c 0.018) | plies 102 decisive 75% | buffer 200000 steps 75122 | 117.1 g/min eta 8.4h
[40975/100000] loss 1.815 (pi 1.698 v 0.094 q 0.015 c 0.018) | plies 101 decisive 76% | buffer 200000 steps 75164 | 117.1 g/min eta 8.4h
[41000/100000] loss 1.814 (pi 1.698 v 0.093 q 0.015 c 0.018) | plies 99 decisive 78% | buffer 200000 steps 75207 | 117.1 g/min eta 8.4h
  EVAL @41000: q-greedy 3-21-0 | policy-greedy 9-15-0 | search 8-0-0 (eval 29s)
[41025/100000] loss 1.813 (pi 1.698 v 0.092 q 0.015 c 0.018) | plies 100 decisive 78% | buffer 200000 steps 75253 | 116.9 g/min eta 8.4h
[41050/100000] loss 1.812 (pi 1.697 v 0.091 q 0.015 c 0.017) | plies 101 decisive 76% | buffer 200000 steps 75299 | 117.0 g/min eta 8.4h
[41075/100000] loss 1.816 (pi 1.701 v 0.092 q 0.015 c 0.017) | plies 105 decisive 72% | buffer 200000 steps 75346 | 117.0 g/min eta 8.4h
[41100/100000] loss 1.806 (pi 1.691 v 0.091 q 0.015 c 0.018) | plies 104 decisive 72% | buffer 200000 steps 75386 | 117.0 g/min eta 8.4h
[41125/100000] loss 1.809 (pi 1.695 v 0.090 q 0.015 c 0.018) | plies 103 decisive 72% | buffer 200000 steps 75427 | 117.1 g/min eta 8.4h
[41150/100000] loss 1.808 (pi 1.694 v 0.090 q 0.015 c 0.018) | plies 101 decisive 76% | buffer 200000 steps 75469 | 117.1 g/min eta 8.4h
[41175/100000] loss 1.812 (pi 1.698 v 0.090 q 0.015 c 0.017) | plies 102 decisive 76% | buffer 200000 steps 75513 | 117.1 g/min eta 8.4h
[41200/100000] loss 1.819 (pi 1.705 v 0.090 q 0.015 c 0.018) | plies 104 decisive 73% | buffer 200000 steps 75557 | 117.1 g/min eta 8.4h
[41225/100000] loss 1.810 (pi 1.697 v 0.090 q 0.015 c 0.017) | plies 101 decisive 76% | buffer 200000 steps 75599 | 117.1 g/min eta 8.4h
[41250/100000] loss 1.805 (pi 1.690 v 0.091 q 0.015 c 0.017) | plies 100 decisive 76% | buffer 200000 steps 75643 | 117.1 g/min eta 8.4h
[41275/100000] loss 1.813 (pi 1.698 v 0.091 q 0.015 c 0.017) | plies 97 decisive 80% | buffer 200000 steps 75685 | 117.1 g/min eta 8.4h
[41300/100000] loss 1.815 (pi 1.699 v 0.092 q 0.015 c 0.017) | plies 97 decisive 82% | buffer 200000 steps 75727 | 117.1 g/min eta 8.4h
[41325/100000] loss 1.821 (pi 1.706 v 0.092 q 0.015 c 0.017) | plies 98 decisive 80% | buffer 200000 steps 75768 | 117.1 g/min eta 8.4h
[41350/100000] loss 1.823 (pi 1.708 v 0.091 q 0.015 c 0.017) | plies 100 decisive 77% | buffer 200000 steps 75809 | 117.1 g/min eta 8.3h
[41375/100000] loss 1.819 (pi 1.704 v 0.091 q 0.015 c 0.017) | plies 99 decisive 76% | buffer 200000 steps 75850 | 117.1 g/min eta 8.3h
[41400/100000] loss 1.815 (pi 1.701 v 0.091 q 0.015 c 0.017) | plies 99 decisive 78% | buffer 200000 steps 75894 | 117.1 g/min eta 8.3h
[41425/100000] loss 1.811 (pi 1.697 v 0.090 q 0.015 c 0.017) | plies 101 decisive 76% | buffer 200000 steps 75935 | 117.1 g/min eta 8.3h
[41450/100000] loss 1.808 (pi 1.695 v 0.089 q 0.015 c 0.017) | plies 102 decisive 75% | buffer 200000 steps 75982 | 117.1 g/min eta 8.3h
[41475/100000] loss 1.811 (pi 1.698 v 0.090 q 0.015 c 0.017) | plies 104 decisive 74% | buffer 200000 steps 76027 | 117.2 g/min eta 8.3h
[41500/100000] loss 1.809 (pi 1.697 v 0.090 q 0.015 c 0.017) | plies 104 decisive 74% | buffer 200000 steps 76069 | 117.2 g/min eta 8.3h
[41525/100000] loss 1.801 (pi 1.689 v 0.089 q 0.015 c 0.017) | plies 105 decisive 74% | buffer 200000 steps 76113 | 117.2 g/min eta 8.3h
[41550/100000] loss 1.803 (pi 1.691 v 0.089 q 0.015 c 0.017) | plies 104 decisive 76% | buffer 200000 steps 76159 | 117.2 g/min eta 8.3h
[41575/100000] loss 1.808 (pi 1.695 v 0.090 q 0.015 c 0.017) | plies 103 decisive 76% | buffer 200000 steps 76199 | 117.2 g/min eta 8.3h
[41600/100000] loss 1.805 (pi 1.692 v 0.090 q 0.015 c 0.017) | plies 104 decisive 76% | buffer 200000 steps 76243 | 117.2 g/min eta 8.3h
[41625/100000] loss 1.815 (pi 1.701 v 0.091 q 0.015 c 0.017) | plies 102 decisive 76% | buffer 200000 steps 76284 | 117.2 g/min eta 8.3h
[41650/100000] loss 1.811 (pi 1.698 v 0.090 q 0.015 c 0.017) | plies 100 decisive 78% | buffer 200000 steps 76328 | 117.2 g/min eta 8.3h
[41675/100000] loss 1.809 (pi 1.697 v 0.089 q 0.015 c 0.017) | plies 98 decisive 79% | buffer 200000 steps 76366 | 117.2 g/min eta 8.3h
[41700/100000] loss 1.812 (pi 1.700 v 0.089 q 0.015 c 0.017) | plies 97 decisive 80% | buffer 200000 steps 76405 | 117.2 g/min eta 8.3h
[41725/100000] loss 1.818 (pi 1.705 v 0.090 q 0.015 c 0.017) | plies 95 decisive 80% | buffer 200000 steps 76449 | 117.2 g/min eta 8.3h
[41750/100000] loss 1.817 (pi 1.704 v 0.090 q 0.014 c 0.016) | plies 96 decisive 80% | buffer 200000 steps 76490 | 117.2 g/min eta 8.3h
[41775/100000] loss 1.812 (pi 1.699 v 0.090 q 0.014 c 0.016) | plies 96 decisive 80% | buffer 200000 steps 76530 | 117.2 g/min eta 8.3h
[41800/100000] loss 1.804 (pi 1.691 v 0.090 q 0.015 c 0.017) | plies 94 decisive 82% | buffer 200000 steps 76570 | 117.2 g/min eta 8.3h
[41825/100000] loss 1.807 (pi 1.693 v 0.091 q 0.015 c 0.017) | plies 96 decisive 80% | buffer 200000 steps 76619 | 117.2 g/min eta 8.3h
[41850/100000] loss 1.803 (pi 1.689 v 0.090 q 0.015 c 0.017) | plies 98 decisive 78% | buffer 200000 steps 76662 | 117.2 g/min eta 8.3h
[41875/100000] loss 1.802 (pi 1.690 v 0.090 q 0.015 c 0.017) | plies 101 decisive 75% | buffer 200000 steps 76708 | 117.3 g/min eta 8.3h
[41900/100000] loss 1.803 (pi 1.690 v 0.091 q 0.015 c 0.017) | plies 101 decisive 74% | buffer 200000 steps 76746 | 117.3 g/min eta 8.3h
[41925/100000] loss 1.807 (pi 1.693 v 0.091 q 0.015 c 0.018) | plies 101 decisive 74% | buffer 200000 steps 76784 | 117.3 g/min eta 8.3h
[41950/100000] loss 1.808 (pi 1.695 v 0.090 q 0.015 c 0.017) | plies 102 decisive 72% | buffer 200000 steps 76827 | 117.3 g/min eta 8.3h
[41975/100000] loss 1.805 (pi 1.692 v 0.089 q 0.015 c 0.017) | plies 102 decisive 72% | buffer 200000 steps 76871 | 117.3 g/min eta 8.2h
[42000/100000] loss 1.806 (pi 1.694 v 0.089 q 0.015 c 0.017) | plies 104 decisive 71% | buffer 200000 steps 76917 | 117.3 g/min eta 8.2h
  EVAL @42000: q-greedy 5-19-0 | policy-greedy 6-18-0 | search 8-0-0 (eval 26s)
[42025/100000] loss 1.802 (pi 1.691 v 0.088 q 0.014 c 0.017) | plies 102 decisive 72% | buffer 200000 steps 76959 | 117.1 g/min eta 8.2h
[42050/100000] loss 1.801 (pi 1.690 v 0.088 q 0.015 c 0.016) | plies 102 decisive 74% | buffer 200000 steps 77001 | 117.2 g/min eta 8.2h
[42075/100000] loss 1.804 (pi 1.693 v 0.089 q 0.014 c 0.016) | plies 101 decisive 75% | buffer 200000 steps 77043 | 117.2 g/min eta 8.2h
[42100/100000] loss 1.814 (pi 1.703 v 0.089 q 0.015 c 0.017) | plies 103 decisive 73% | buffer 200000 steps 77088 | 117.3 g/min eta 8.2h
[42125/100000] loss 1.810 (pi 1.698 v 0.089 q 0.014 c 0.017) | plies 104 decisive 74% | buffer 200000 steps 77127 | 117.3 g/min eta 8.2h
[42150/100000] loss 1.810 (pi 1.697 v 0.090 q 0.015 c 0.017) | plies 103 decisive 75% | buffer 200000 steps 77173 | 117.3 g/min eta 8.2h
[42175/100000] loss 1.814 (pi 1.702 v 0.089 q 0.015 c 0.017) | plies 104 decisive 75% | buffer 200000 steps 77217 | 117.3 g/min eta 8.2h
[42200/100000] loss 1.810 (pi 1.699 v 0.088 q 0.015 c 0.017) | plies 103 decisive 74% | buffer 200000 steps 77263 | 117.3 g/min eta 8.2h
[42225/100000] loss 1.813 (pi 1.701 v 0.089 q 0.015 c 0.017) | plies 105 decisive 74% | buffer 200000 steps 77307 | 117.3 g/min eta 8.2h
[42250/100000] loss 1.809 (pi 1.696 v 0.090 q 0.015 c 0.017) | plies 104 decisive 75% | buffer 200000 steps 77349 | 117.3 g/min eta 8.2h
[42275/100000] loss 1.813 (pi 1.701 v 0.089 q 0.015 c 0.017) | plies 103 decisive 76% | buffer 200000 steps 77387 | 117.3 g/min eta 8.2h
[42300/100000] loss 1.809 (pi 1.697 v 0.089 q 0.015 c 0.017) | plies 102 decisive 78% | buffer 200000 steps 77431 | 117.3 g/min eta 8.2h
[42325/100000] loss 1.809 (pi 1.697 v 0.089 q 0.015 c 0.017) | plies 102 decisive 77% | buffer 200000 steps 77475 | 117.3 g/min eta 8.2h
[42350/100000] loss 1.798 (pi 1.686 v 0.089 q 0.015 c 0.017) | plies 101 decisive 77% | buffer 200000 steps 77515 | 117.3 g/min eta 8.2h
[42375/100000] loss 1.799 (pi 1.687 v 0.090 q 0.015 c 0.017) | plies 100 decisive 76% | buffer 200000 steps 77556 | 117.3 g/min eta 8.2h
[42400/100000] loss 1.801 (pi 1.688 v 0.090 q 0.015 c 0.017) | plies 101 decisive 76% | buffer 200000 steps 77602 | 117.3 g/min eta 8.2h
[42425/100000] loss 1.800 (pi 1.688 v 0.089 q 0.015 c 0.017) | plies 101 decisive 74% | buffer 200000 steps 77648 | 117.3 g/min eta 8.2h
[42450/100000] loss 1.800 (pi 1.688 v 0.089 q 0.014 c 0.016) | plies 101 decisive 74% | buffer 200000 steps 77689 | 117.3 g/min eta 8.2h
[42475/100000] loss 1.802 (pi 1.690 v 0.089 q 0.014 c 0.017) | plies 101 decisive 74% | buffer 200000 steps 77728 | 117.3 g/min eta 8.2h
[42500/100000] loss 1.803 (pi 1.691 v 0.089 q 0.015 c 0.017) | plies 99 decisive 76% | buffer 200000 steps 77771 | 117.3 g/min eta 8.2h
[42525/100000] loss 1.808 (pi 1.697 v 0.089 q 0.014 c 0.016) | plies 101 decisive 74% | buffer 200000 steps 77817 | 117.3 g/min eta 8.2h
[42550/100000] loss 1.803 (pi 1.691 v 0.089 q 0.014 c 0.017) | plies 101 decisive 73% | buffer 200000 steps 77854 | 117.4 g/min eta 8.2h
[42575/100000] loss 1.804 (pi 1.692 v 0.089 q 0.014 c 0.017) | plies 101 decisive 74% | buffer 200000 steps 77897 | 117.4 g/min eta 8.2h
[42600/100000] loss 1.810 (pi 1.699 v 0.088 q 0.014 c 0.017) | plies 102 decisive 74% | buffer 200000 steps 77946 | 117.4 g/min eta 8.2h
[42625/100000] loss 1.807 (pi 1.696 v 0.088 q 0.014 c 0.017) | plies 102 decisive 74% | buffer 200000 steps 77994 | 117.4 g/min eta 8.1h
[42650/100000] loss 1.811 (pi 1.700 v 0.089 q 0.015 c 0.017) | plies 103 decisive 74% | buffer 200000 steps 78039 | 117.4 g/min eta 8.1h
[42675/100000] loss 1.811 (pi 1.700 v 0.088 q 0.015 c 0.017) | plies 105 decisive 70% | buffer 200000 steps 78084 | 117.4 g/min eta 8.1h
[42700/100000] loss 1.815 (pi 1.704 v 0.088 q 0.015 c 0.017) | plies 106 decisive 70% | buffer 200000 steps 78125 | 117.4 g/min eta 8.1h
[42725/100000] loss 1.816 (pi 1.705 v 0.088 q 0.014 c 0.017) | plies 104 decisive 73% | buffer 200000 steps 78170 | 117.4 g/min eta 8.1h
[42750/100000] loss 1.810 (pi 1.700 v 0.087 q 0.014 c 0.017) | plies 105 decisive 74% | buffer 200000 steps 78212 | 117.4 g/min eta 8.1h
[42775/100000] loss 1.812 (pi 1.702 v 0.088 q 0.014 c 0.017) | plies 105 decisive 75% | buffer 200000 steps 78255 | 117.4 g/min eta 8.1h
[42800/100000] loss 1.811 (pi 1.700 v 0.089 q 0.014 c 0.017) | plies 103 decisive 76% | buffer 200000 steps 78295 | 117.4 g/min eta 8.1h
[42825/100000] loss 1.815 (pi 1.703 v 0.089 q 0.015 c 0.017) | plies 103 decisive 76% | buffer 200000 steps 78341 | 117.4 g/min eta 8.1h
[42850/100000] loss 1.817 (pi 1.704 v 0.090 q 0.015 c 0.017) | plies 102 decisive 77% | buffer 200000 steps 78381 | 117.4 g/min eta 8.1h
[42875/100000] loss 1.814 (pi 1.702 v 0.089 q 0.015 c 0.017) | plies 102 decisive 79% | buffer 200000 steps 78429 | 117.4 g/min eta 8.1h
[42900/100000] loss 1.808 (pi 1.696 v 0.089 q 0.015 c 0.017) | plies 103 decisive 78% | buffer 200000 steps 78473 | 117.4 g/min eta 8.1h
[42925/100000] loss 1.809 (pi 1.698 v 0.089 q 0.015 c 0.017) | plies 103 decisive 77% | buffer 200000 steps 78517 | 117.4 g/min eta 8.1h
[42950/100000] loss 1.808 (pi 1.697 v 0.088 q 0.015 c 0.017) | plies 104 decisive 76% | buffer 200000 steps 78564 | 117.4 g/min eta 8.1h
[42975/100000] loss 1.806 (pi 1.696 v 0.087 q 0.014 c 0.017) | plies 106 decisive 73% | buffer 200000 steps 78611 | 117.4 g/min eta 8.1h
[43000/100000] loss 1.805 (pi 1.695 v 0.087 q 0.014 c 0.017) | plies 107 decisive 72% | buffer 200000 steps 78659 | 117.4 g/min eta 8.1h
  EVAL @43000: q-greedy 4-20-0 | policy-greedy 6-18-0 | search 8-0-0 (eval 29s)
[43025/100000] loss 1.797 (pi 1.689 v 0.086 q 0.014 c 0.016) | plies 108 decisive 71% | buffer 200000 steps 78707 | 117.3 g/min eta 8.1h
[43050/100000] loss 1.799 (pi 1.691 v 0.086 q 0.014 c 0.016) | plies 106 decisive 72% | buffer 200000 steps 78749 | 117.3 g/min eta 8.1h
[43075/100000] loss 1.805 (pi 1.696 v 0.087 q 0.014 c 0.017) | plies 105 decisive 72% | buffer 200000 steps 78791 | 117.3 g/min eta 8.1h
[43100/100000] loss 1.802 (pi 1.692 v 0.087 q 0.014 c 0.017) | plies 105 decisive 72% | buffer 200000 steps 78831 | 117.4 g/min eta 8.1h
[43125/100000] loss 1.804 (pi 1.693 v 0.087 q 0.015 c 0.017) | plies 103 decisive 73% | buffer 200000 steps 78873 | 117.4 g/min eta 8.1h
[43150/100000] loss 1.794 (pi 1.684 v 0.087 q 0.014 c 0.017) | plies 102 decisive 74% | buffer 200000 steps 78913 | 117.4 g/min eta 8.1h
[43175/100000] loss 1.796 (pi 1.687 v 0.087 q 0.014 c 0.017) | plies 100 decisive 76% | buffer 200000 steps 78955 | 117.4 g/min eta 8.1h
[43200/100000] loss 1.805 (pi 1.695 v 0.087 q 0.014 c 0.017) | plies 101 decisive 75% | buffer 200000 steps 79004 | 117.4 g/min eta 8.1h
[43225/100000] loss 1.806 (pi 1.696 v 0.087 q 0.014 c 0.017) | plies 99 decisive 78% | buffer 200000 steps 79046 | 117.4 g/min eta 8.1h
[43250/100000] loss 1.799 (pi 1.689 v 0.088 q 0.014 c 0.017) | plies 101 decisive 77% | buffer 200000 steps 79088 | 117.4 g/min eta 8.1h
[43275/100000] loss 1.796 (pi 1.685 v 0.088 q 0.014 c 0.017) | plies 101 decisive 78% | buffer 200000 steps 79135 | 117.4 g/min eta 8.1h
[43300/100000] loss 1.796 (pi 1.684 v 0.088 q 0.015 c 0.017) | plies 103 decisive 77% | buffer 200000 steps 79182 | 117.4 g/min eta 8.0h
[43325/100000] loss 1.804 (pi 1.693 v 0.088 q 0.015 c 0.018) | plies 103 decisive 78% | buffer 200000 steps 79225 | 117.4 g/min eta 8.0h
[43350/100000] loss 1.803 (pi 1.691 v 0.088 q 0.014 c 0.017) | plies 103 decisive 78% | buffer 200000 steps 79268 | 117.4 g/min eta 8.0h
[43375/100000] loss 1.807 (pi 1.697 v 0.088 q 0.014 c 0.017) | plies 103 decisive 78% | buffer 200000 steps 79311 | 117.4 g/min eta 8.0h
[43400/100000] loss 1.802 (pi 1.692 v 0.087 q 0.014 c 0.017) | plies 101 decisive 80% | buffer 200000 steps 79355 | 117.4 g/min eta 8.0h
[43425/100000] loss 1.803 (pi 1.694 v 0.087 q 0.014 c 0.017) | plies 100 decisive 79% | buffer 200000 steps 79392 | 117.5 g/min eta 8.0h
[43450/100000] loss 1.803 (pi 1.693 v 0.087 q 0.014 c 0.017) | plies 101 decisive 78% | buffer 200000 steps 79435 | 117.5 g/min eta 8.0h
[43475/100000] loss 1.805 (pi 1.694 v 0.088 q 0.014 c 0.018) | plies 101 decisive 78% | buffer 200000 steps 79477 | 117.5 g/min eta 8.0h
[43500/100000] loss 1.804 (pi 1.693 v 0.087 q 0.014 c 0.018) | plies 100 decisive 80% | buffer 200000 steps 79524 | 117.5 g/min eta 8.0h
[43525/100000] loss 1.800 (pi 1.689 v 0.088 q 0.014 c 0.018) | plies 101 decisive 79% | buffer 200000 steps 79568 | 117.5 g/min eta 8.0h
[43550/100000] loss 1.795 (pi 1.684 v 0.087 q 0.014 c 0.018) | plies 102 decisive 80% | buffer 200000 steps 79614 | 117.5 g/min eta 8.0h
[43575/100000] loss 1.792 (pi 1.680 v 0.088 q 0.015 c 0.019) | plies 102 decisive 81% | buffer 200000 steps 79658 | 117.5 g/min eta 8.0h
[43600/100000] loss 1.783 (pi 1.671 v 0.088 q 0.015 c 0.019) | plies 101 decisive 80% | buffer 200000 steps 79701 | 117.5 g/min eta 8.0h
[43625/100000] loss 1.777 (pi 1.666 v 0.087 q 0.015 c 0.018) | plies 103 decisive 80% | buffer 200000 steps 79745 | 117.5 g/min eta 8.0h
[43650/100000] loss 1.788 (pi 1.676 v 0.088 q 0.015 c 0.018) | plies 101 decisive 82% | buffer 200000 steps 79786 | 117.5 g/min eta 8.0h
[43675/100000] loss 1.793 (pi 1.681 v 0.089 q 0.015 c 0.018) | plies 100 decisive 80% | buffer 200000 steps 79824 | 117.5 g/min eta 8.0h
[43700/100000] loss 1.803 (pi 1.691 v 0.089 q 0.015 c 0.018) | plies 100 decisive 80% | buffer 200000 steps 79866 | 117.5 g/min eta 8.0h
[43725/100000] loss 1.807 (pi 1.696 v 0.088 q 0.015 c 0.018) | plies 100 decisive 80% | buffer 200000 steps 79911 | 117.5 g/min eta 8.0h
[43750/100000] loss 1.806 (pi 1.694 v 0.088 q 0.015 c 0.018) | plies 100 decisive 80% | buffer 200000 steps 79957 | 117.5 g/min eta 8.0h
[43775/100000] loss 1.808 (pi 1.697 v 0.088 q 0.015 c 0.018) | plies 102 decisive 78% | buffer 200000 steps 80006 | 117.5 g/min eta 8.0h
[43800/100000] loss 1.803 (pi 1.692 v 0.087 q 0.015 c 0.018) | plies 104 decisive 76% | buffer 200000 steps 80052 | 117.5 g/min eta 8.0h
[43825/100000] loss 1.807 (pi 1.696 v 0.087 q 0.015 c 0.017) | plies 103 decisive 78% | buffer 200000 steps 80095 | 117.5 g/min eta 8.0h
[43850/100000] loss 1.800 (pi 1.689 v 0.088 q 0.015 c 0.018) | plies 106 decisive 75% | buffer 200000 steps 80142 | 117.5 g/min eta 8.0h
[43875/100000] loss 1.797 (pi 1.686 v 0.087 q 0.015 c 0.018) | plies 106 decisive 76% | buffer 200000 steps 80188 | 117.5 g/min eta 8.0h
[43900/100000] loss 1.794 (pi 1.682 v 0.088 q 0.015 c 0.018) | plies 107 decisive 76% | buffer 200000 steps 80236 | 117.5 g/min eta 8.0h
[43925/100000] loss 1.793 (pi 1.681 v 0.089 q 0.015 c 0.018) | plies 107 decisive 76% | buffer 200000 steps 80278 | 117.5 g/min eta 8.0h
[43950/100000] loss 1.795 (pi 1.682 v 0.089 q 0.015 c 0.018) | plies 106 decisive 78% | buffer 200000 steps 80321 | 117.5 g/min eta 7.9h
[43975/100000] loss 1.793 (pi 1.681 v 0.088 q 0.015 c 0.018) | plies 103 decisive 80% | buffer 200000 steps 80360 | 117.5 g/min eta 7.9h
[44000/100000] loss 1.792 (pi 1.680 v 0.089 q 0.015 c 0.018) | plies 102 decisive 82% | buffer 200000 steps 80407 | 117.5 g/min eta 7.9h
  EVAL @44000: q-greedy 4-20-0 | policy-greedy 8-16-0 | search 8-0-0 (eval 22s)
[44025/100000] loss 1.802 (pi 1.688 v 0.089 q 0.015 c 0.019) | plies 103 decisive 81% | buffer 200000 steps 80451 | 117.4 g/min eta 7.9h
[44050/100000] loss 1.807 (pi 1.694 v 0.089 q 0.015 c 0.018) | plies 102 decisive 82% | buffer 200000 steps 80496 | 117.4 g/min eta 7.9h
[44075/100000] loss 1.802 (pi 1.690 v 0.088 q 0.015 c 0.018) | plies 102 decisive 82% | buffer 200000 steps 80542 | 117.5 g/min eta 7.9h
[44100/100000] loss 1.798 (pi 1.686 v 0.088 q 0.015 c 0.019) | plies 104 decisive 78% | buffer 200000 steps 80587 | 117.5 g/min eta 7.9h
[44125/100000] loss 1.796 (pi 1.685 v 0.087 q 0.015 c 0.018) | plies 105 decisive 78% | buffer 200000 steps 80635 | 117.5 g/min eta 7.9h
[44150/100000] loss 1.792 (pi 1.681 v 0.088 q 0.015 c 0.017) | plies 104 decisive 78% | buffer 200000 steps 80675 | 117.5 g/min eta 7.9h
[44175/100000] loss 1.786 (pi 1.674 v 0.089 q 0.015 c 0.017) | plies 106 decisive 75% | buffer 200000 steps 80719 | 117.5 g/min eta 7.9h
[44200/100000] loss 1.787 (pi 1.674 v 0.090 q 0.015 c 0.017) | plies 108 decisive 74% | buffer 200000 steps 80768 | 117.5 g/min eta 7.9h
[44225/100000] loss 1.788 (pi 1.676 v 0.089 q 0.015 c 0.017) | plies 107 decisive 74% | buffer 200000 steps 80808 | 117.5 g/min eta 7.9h
[44250/100000] loss 1.794 (pi 1.681 v 0.089 q 0.015 c 0.017) | plies 106 decisive 75% | buffer 200000 steps 80849 | 117.5 g/min eta 7.9h
[44275/100000] loss 1.795 (pi 1.683 v 0.089 q 0.015 c 0.017) | plies 104 decisive 76% | buffer 200000 steps 80890 | 117.5 g/min eta 7.9h
[44300/100000] loss 1.795 (pi 1.683 v 0.089 q 0.015 c 0.018) | plies 103 decisive 78% | buffer 200000 steps 80934 | 117.5 g/min eta 7.9h
[44325/100000] loss 1.798 (pi 1.686 v 0.089 q 0.015 c 0.018) | plies 102 decisive 78% | buffer 200000 steps 80979 | 117.5 g/min eta 7.9h
[44350/100000] loss 1.802 (pi 1.688 v 0.090 q 0.015 c 0.017) | plies 103 decisive 77% | buffer 200000 steps 81023 | 117.6 g/min eta 7.9h
[44375/100000] loss 1.802 (pi 1.688 v 0.091 q 0.015 c 0.018) | plies 103 decisive 77% | buffer 200000 steps 81066 | 117.6 g/min eta 7.9h
[44400/100000] loss 1.806 (pi 1.691 v 0.091 q 0.015 c 0.018) | plies 100 decisive 80% | buffer 200000 steps 81110 | 117.6 g/min eta 7.9h
[44425/100000] loss 1.800 (pi 1.685 v 0.091 q 0.015 c 0.018) | plies 102 decisive 79% | buffer 200000 steps 81157 | 117.6 g/min eta 7.9h
[44450/100000] loss 1.797 (pi 1.682 v 0.091 q 0.015 c 0.018) | plies 103 decisive 77% | buffer 200000 steps 81203 | 117.5 g/min eta 7.9h
[44475/100000] loss 1.796 (pi 1.681 v 0.091 q 0.015 c 0.018) | plies 104 decisive 76% | buffer 200000 steps 81242 | 117.5 g/min eta 7.9h
[44500/100000] loss 1.796 (pi 1.681 v 0.090 q 0.015 c 0.018) | plies 103 decisive 76% | buffer 200000 steps 81286 | 117.5 g/min eta 7.9h
[44525/100000] loss 1.795 (pi 1.681 v 0.090 q 0.015 c 0.018) | plies 103 decisive 76% | buffer 200000 steps 81333 | 117.5 g/min eta 7.9h
[44550/100000] loss 1.801 (pi 1.687 v 0.090 q 0.015 c 0.018) | plies 103 decisive 76% | buffer 200000 steps 81372 | 117.6 g/min eta 7.9h
[44575/100000] loss 1.797 (pi 1.684 v 0.089 q 0.015 c 0.018) | plies 104 decisive 76% | buffer 200000 steps 81418 | 117.6 g/min eta 7.9h
[44600/100000] loss 1.794 (pi 1.681 v 0.089 q 0.015 c 0.018) | plies 106 decisive 72% | buffer 200000 steps 81460 | 117.6 g/min eta 7.9h
[44625/100000] loss 1.802 (pi 1.689 v 0.089 q 0.015 c 0.018) | plies 105 decisive 72% | buffer 200000 steps 81505 | 117.6 g/min eta 7.8h
[44650/100000] loss 1.797 (pi 1.685 v 0.088 q 0.015 c 0.018) | plies 103 decisive 74% | buffer 200000 steps 81549 | 117.6 g/min eta 7.8h
[44675/100000] loss 1.799 (pi 1.686 v 0.089 q 0.015 c 0.018) | plies 104 decisive 76% | buffer 200000 steps 81594 | 117.6 g/min eta 7.8h
[44700/100000] loss 1.797 (pi 1.683 v 0.090 q 0.015 c 0.017) | plies 103 decisive 76% | buffer 200000 steps 81634 | 117.6 g/min eta 7.8h
[44725/100000] loss 1.798 (pi 1.684 v 0.090 q 0.015 c 0.018) | plies 103 decisive 77% | buffer 200000 steps 81680 | 117.6 g/min eta 7.8h
[44750/100000] loss 1.798 (pi 1.682 v 0.091 q 0.015 c 0.018) | plies 103 decisive 76% | buffer 200000 steps 81718 | 117.6 g/min eta 7.8h
[44775/100000] loss 1.796 (pi 1.682 v 0.090 q 0.015 c 0.018) | plies 101 decisive 77% | buffer 200000 steps 81760 | 117.6 g/min eta 7.8h
[44800/100000] loss 1.793 (pi 1.678 v 0.091 q 0.015 c 0.018) | plies 100 decisive 79% | buffer 200000 steps 81807 | 117.6 g/min eta 7.8h
[44825/100000] loss 1.800 (pi 1.685 v 0.090 q 0.015 c 0.018) | plies 99 decisive 80% | buffer 200000 steps 81850 | 117.6 g/min eta 7.8h
[44850/100000] loss 1.799 (pi 1.684 v 0.090 q 0.015 c 0.018) | plies 98 decisive 80% | buffer 200000 steps 81887 | 117.6 g/min eta 7.8h
[44875/100000] loss 1.801 (pi 1.686 v 0.091 q 0.015 c 0.018) | plies 95 decisive 82% | buffer 200000 steps 81926 | 117.6 g/min eta 7.8h
[44900/100000] loss 1.796 (pi 1.682 v 0.091 q 0.015 c 0.018) | plies 96 decisive 82% | buffer 200000 steps 81972 | 117.7 g/min eta 7.8h
[44925/100000] loss 1.797 (pi 1.682 v 0.092 q 0.015 c 0.018) | plies 94 decisive 82% | buffer 200000 steps 82014 | 117.7 g/min eta 7.8h
[44950/100000] loss 1.796 (pi 1.681 v 0.091 q 0.015 c 0.017) | plies 96 decisive 81% | buffer 200000 steps 82057 | 117.7 g/min eta 7.8h
[44975/100000] loss 1.795 (pi 1.680 v 0.091 q 0.015 c 0.018) | plies 96 decisive 82% | buffer 200000 steps 82099 | 117.7 g/min eta 7.8h
[45000/100000] loss 1.798 (pi 1.683 v 0.091 q 0.015 c 0.017) | plies 95 decisive 81% | buffer 200000 steps 82136 | 117.7 g/min eta 7.8h
  EVAL @45000: q-greedy 6-18-0 | policy-greedy 6-18-0 | search 8-0-0 (eval 24s)
[45025/100000] loss 1.799 (pi 1.684 v 0.091 q 0.015 c 0.017) | plies 95 decisive 82% | buffer 200000 steps 82177 | 117.5 g/min eta 7.8h
[45050/100000] loss 1.808 (pi 1.692 v 0.092 q 0.015 c 0.017) | plies 98 decisive 81% | buffer 200000 steps 82222 | 117.6 g/min eta 7.8h
[45075/100000] loss 1.805 (pi 1.688 v 0.093 q 0.015 c 0.018) | plies 98 decisive 80% | buffer 200000 steps 82261 | 117.6 g/min eta 7.8h
[45100/100000] loss 1.800 (pi 1.684 v 0.092 q 0.015 c 0.018) | plies 98 decisive 80% | buffer 200000 steps 82302 | 117.6 g/min eta 7.8h
[45125/100000] loss 1.799 (pi 1.683 v 0.092 q 0.015 c 0.018) | plies 98 decisive 80% | buffer 200000 steps 82343 | 117.7 g/min eta 7.8h
[45150/100000] loss 1.801 (pi 1.685 v 0.092 q 0.015 c 0.018) | plies 98 decisive 81% | buffer 200000 steps 82386 | 117.7 g/min eta 7.8h
[45175/100000] loss 1.797 (pi 1.680 v 0.093 q 0.015 c 0.018) | plies 98 decisive 81% | buffer 200000 steps 82430 | 117.7 g/min eta 7.8h
[45200/100000] loss 1.794 (pi 1.678 v 0.093 q 0.015 c 0.018) | plies 98 decisive 82% | buffer 200000 steps 82473 | 117.7 g/min eta 7.8h
[45225/100000] loss 1.794 (pi 1.678 v 0.092 q 0.015 c 0.017) | plies 100 decisive 82% | buffer 200000 steps 82519 | 117.7 g/min eta 7.8h
[45250/100000] loss 1.797 (pi 1.681 v 0.092 q 0.015 c 0.018) | plies 99 decisive 81% | buffer 200000 steps 82566 | 117.7 g/min eta 7.8h
[45275/100000] loss 1.797 (pi 1.681 v 0.092 q 0.015 c 0.017) | plies 101 decisive 80% | buffer 200000 steps 82610 | 117.7 g/min eta 7.8h
[45300/100000] loss 1.799 (pi 1.684 v 0.092 q 0.015 c 0.018) | plies 102 decisive 79% | buffer 200000 steps 82653 | 117.7 g/min eta 7.7h
[45325/100000] loss 1.801 (pi 1.684 v 0.093 q 0.015 c 0.017) | plies 102 decisive 80% | buffer 200000 steps 82695 | 117.7 g/min eta 7.7h
[45350/100000] loss 1.800 (pi 1.684 v 0.093 q 0.015 c 0.017) | plies 102 decisive 80% | buffer 200000 steps 82742 | 117.7 g/min eta 7.7h
[45375/100000] loss 1.797 (pi 1.680 v 0.093 q 0.015 c 0.018) | plies 101 decisive 81% | buffer 200000 steps 82787 | 117.7 g/min eta 7.7h
[45400/100000] loss 1.793 (pi 1.675 v 0.093 q 0.015 c 0.018) | plies 100 decisive 82% | buffer 200000 steps 82828 | 117.7 g/min eta 7.7h
[45425/100000] loss 1.796 (pi 1.679 v 0.093 q 0.015 c 0.018) | plies 100 decisive 81% | buffer 200000 steps 82875 | 117.7 g/min eta 7.7h
[45450/100000] loss 1.791 (pi 1.675 v 0.092 q 0.015 c 0.018) | plies 100 decisive 82% | buffer 200000 steps 82916 | 117.7 g/min eta 7.7h
[45475/100000] loss 1.796 (pi 1.679 v 0.093 q 0.015 c 0.018) | plies 101 decisive 80% | buffer 200000 steps 82962 | 117.7 g/min eta 7.7h
[45500/100000] loss 1.794 (pi 1.676 v 0.093 q 0.015 c 0.018) | plies 101 decisive 80% | buffer 200000 steps 83008 | 117.7 g/min eta 7.7h
[45525/100000] loss 1.791 (pi 1.674 v 0.093 q 0.015 c 0.018) | plies 102 decisive 78% | buffer 200000 steps 83049 | 117.7 g/min eta 7.7h
[45550/100000] loss 1.779 (pi 1.663 v 0.092 q 0.015 c 0.017) | plies 102 decisive 79% | buffer 200000 steps 83092 | 117.7 g/min eta 7.7h
[45575/100000] loss 1.787 (pi 1.670 v 0.093 q 0.015 c 0.018) | plies 103 decisive 78% | buffer 200000 steps 83136 | 117.7 g/min eta 7.7h
[45600/100000] loss 1.787 (pi 1.670 v 0.093 q 0.015 c 0.017) | plies 103 decisive 78% | buffer 200000 steps 83176 | 117.7 g/min eta 7.7h
[45625/100000] loss 1.785 (pi 1.667 v 0.094 q 0.015 c 0.017) | plies 102 decisive 78% | buffer 200000 steps 83214 | 117.7 g/min eta 7.7h
[45650/100000] loss 1.788 (pi 1.670 v 0.095 q 0.015 c 0.017) | plies 102 decisive 80% | buffer 200000 steps 83258 | 117.7 g/min eta 7.7h
[45675/100000] loss 1.793 (pi 1.675 v 0.094 q 0.015 c 0.017) | plies 102 decisive 80% | buffer 200000 steps 83303 | 117.7 g/min eta 7.7h
[45700/100000] loss 1.788 (pi 1.671 v 0.094 q 0.015 c 0.017) | plies 102 decisive 82% | buffer 200000 steps 83351 | 117.7 g/min eta 7.7h
[45725/100000] loss 1.789 (pi 1.671 v 0.094 q 0.015 c 0.017) | plies 102 decisive 82% | buffer 200000 steps 83399 | 117.7 g/min eta 7.7h
[45750/100000] loss 1.787 (pi 1.669 v 0.094 q 0.015 c 0.017) | plies 101 decisive 80% | buffer 200000 steps 83440 | 117.7 g/min eta 7.7h
[45775/100000] loss 1.786 (pi 1.667 v 0.094 q 0.015 c 0.018) | plies 101 decisive 80% | buffer 200000 steps 83485 | 117.7 g/min eta 7.7h
[45800/100000] loss 1.782 (pi 1.663 v 0.095 q 0.015 c 0.018) | plies 103 decisive 78% | buffer 200000 steps 83528 | 117.7 g/min eta 7.7h
[45825/100000] loss 1.778 (pi 1.659 v 0.095 q 0.015 c 0.018) | plies 106 decisive 76% | buffer 200000 steps 83574 | 117.7 g/min eta 7.7h
[45850/100000] loss 1.776 (pi 1.657 v 0.095 q 0.015 c 0.018) | plies 107 decisive 75% | buffer 200000 steps 83618 | 117.8 g/min eta 7.7h
[45875/100000] loss 1.772 (pi 1.653 v 0.095 q 0.015 c 0.018) | plies 107 decisive 74% | buffer 200000 steps 83666 | 117.8 g/min eta 7.7h
[45900/100000] loss 1.767 (pi 1.650 v 0.094 q 0.015 c 0.017) | plies 108 decisive 72% | buffer 200000 steps 83710 | 117.8 g/min eta 7.7h
[45925/100000] loss 1.763 (pi 1.647 v 0.093 q 0.015 c 0.017) | plies 108 decisive 72% | buffer 200000 steps 83753 | 117.8 g/min eta 7.7h
[45950/100000] loss 1.771 (pi 1.654 v 0.093 q 0.015 c 0.017) | plies 108 decisive 72% | buffer 200000 steps 83793 | 117.8 g/min eta 7.6h
[45975/100000] loss 1.777 (pi 1.660 v 0.094 q 0.015 c 0.017) | plies 107 decisive 72% | buffer 200000 steps 83834 | 117.8 g/min eta 7.6h
[46000/100000] loss 1.773 (pi 1.655 v 0.094 q 0.015 c 0.017) | plies 105 decisive 75% | buffer 200000 steps 83879 | 117.8 g/min eta 7.6h
  EVAL @46000: q-greedy 5-19-0 | policy-greedy 8-16-0 | search 8-0-0 (eval 29s)
[46025/100000] loss 1.770 (pi 1.651 v 0.094 q 0.015 c 0.017) | plies 104 decisive 76% | buffer 200000 steps 83920 | 117.6 g/min eta 7.6h
[46050/100000] loss 1.773 (pi 1.654 v 0.095 q 0.015 c 0.017) | plies 103 decisive 77% | buffer 200000 steps 83963 | 117.7 g/min eta 7.6h
[46075/100000] loss 1.778 (pi 1.660 v 0.095 q 0.015 c 0.017) | plies 101 decisive 78% | buffer 200000 steps 84005 | 117.7 g/min eta 7.6h
[46100/100000] loss 1.779 (pi 1.661 v 0.095 q 0.015 c 0.017) | plies 100 decisive 79% | buffer 200000 steps 84048 | 117.7 g/min eta 7.6h
[46125/100000] loss 1.777 (pi 1.658 v 0.095 q 0.015 c 0.017) | plies 99 decisive 80% | buffer 200000 steps 84092 | 117.7 g/min eta 7.6h
[46150/100000] loss 1.778 (pi 1.659 v 0.095 q 0.015 c 0.017) | plies 99 decisive 82% | buffer 200000 steps 84137 | 117.7 g/min eta 7.6h
[46175/100000] loss 1.779 (pi 1.660 v 0.096 q 0.015 c 0.017) | plies 99 decisive 82% | buffer 200000 steps 84182 | 117.7 g/min eta 7.6h
[46200/100000] loss 1.778 (pi 1.659 v 0.096 q 0.015 c 0.017) | plies 98 decisive 82% | buffer 200000 steps 84224 | 117.7 g/min eta 7.6h
[46225/100000] loss 1.770 (pi 1.651 v 0.096 q 0.015 c 0.017) | plies 97 decisive 83% | buffer 200000 steps 84268 | 117.7 g/min eta 7.6h
[46250/100000] loss 1.771 (pi 1.652 v 0.096 q 0.015 c 0.017) | plies 98 decisive 82% | buffer 200000 steps 84313 | 117.8 g/min eta 7.6h
[46275/100000] loss 1.765 (pi 1.645 v 0.096 q 0.015 c 0.018) | plies 98 decisive 82% | buffer 200000 steps 84351 | 117.8 g/min eta 7.6h
[46300/100000] loss 1.762 (pi 1.641 v 0.097 q 0.015 c 0.017) | plies 99 decisive 82% | buffer 200000 steps 84395 | 117.8 g/min eta 7.6h
[46325/100000] loss 1.769 (pi 1.649 v 0.097 q 0.015 c 0.017) | plies 101 decisive 81% | buffer 200000 steps 84440 | 117.8 g/min eta 7.6h
[46350/100000] loss 1.775 (pi 1.654 v 0.097 q 0.015 c 0.017) | plies 100 decisive 81% | buffer 200000 steps 84483 | 117.8 g/min eta 7.6h
[46375/100000] loss 1.776 (pi 1.655 v 0.097 q 0.015 c 0.017) | plies 100 decisive 80% | buffer 200000 steps 84527 | 117.8 g/min eta 7.6h
[46400/100000] loss 1.774 (pi 1.652 v 0.098 q 0.015 c 0.017) | plies 103 decisive 78% | buffer 200000 steps 84571 | 117.8 g/min eta 7.6h
[46425/100000] loss 1.771 (pi 1.649 v 0.097 q 0.015 c 0.018) | plies 105 decisive 76% | buffer 200000 steps 84615 | 117.8 g/min eta 7.6h
[46450/100000] loss 1.762 (pi 1.641 v 0.097 q 0.015 c 0.018) | plies 105 decisive 76% | buffer 200000 steps 84661 | 117.8 g/min eta 7.6h
[46475/100000] loss 1.759 (pi 1.638 v 0.097 q 0.015 c 0.017) | plies 107 decisive 78% | buffer 200000 steps 84711 | 117.7 g/min eta 7.6h
[46500/100000] loss 1.764 (pi 1.643 v 0.097 q 0.015 c 0.018) | plies 106 decisive 78% | buffer 200000 steps 84756 | 117.8 g/min eta 7.6h
[46525/100000] loss 1.768 (pi 1.645 v 0.098 q 0.015 c 0.018) | plies 106 decisive 78% | buffer 200000 steps 84802 | 117.8 g/min eta 7.6h
[46550/100000] loss 1.770 (pi 1.648 v 0.098 q 0.015 c 0.018) | plies 107 decisive 78% | buffer 200000 steps 84849 | 117.8 g/min eta 7.6h
[46575/100000] loss 1.772 (pi 1.650 v 0.098 q 0.015 c 0.018) | plies 107 decisive 78% | buffer 200000 steps 84892 | 117.8 g/min eta 7.6h
[46600/100000] loss 1.773 (pi 1.651 v 0.099 q 0.015 c 0.017) | plies 106 decisive 80% | buffer 200000 steps 84937 | 117.8 g/min eta 7.6h
[46625/100000] loss 1.771 (pi 1.649 v 0.098 q 0.015 c 0.017) | plies 104 decisive 82% | buffer 200000 steps 84981 | 117.8 g/min eta 7.6h
[46650/100000] loss 1.776 (pi 1.654 v 0.098 q 0.015 c 0.017) | plies 106 decisive 79% | buffer 200000 steps 85030 | 117.8 g/min eta 7.5h
[46675/100000] loss 1.767 (pi 1.645 v 0.098 q 0.015 c 0.017) | plies 105 decisive 77% | buffer 200000 steps 85076 | 117.8 g/min eta 7.5h
[46700/100000] loss 1.761 (pi 1.640 v 0.097 q 0.015 c 0.017) | plies 105 decisive 76% | buffer 200000 steps 85122 | 117.8 g/min eta 7.5h
[46725/100000] loss 1.765 (pi 1.643 v 0.098 q 0.015 c 0.018) | plies 105 decisive 76% | buffer 200000 steps 85164 | 117.8 g/min eta 7.5h
[46750/100000] loss 1.763 (pi 1.642 v 0.097 q 0.015 c 0.018) | plies 104 decisive 76% | buffer 200000 steps 85209 | 117.8 g/min eta 7.5h
[46775/100000] loss 1.760 (pi 1.638 v 0.097 q 0.015 c 0.017) | plies 106 decisive 76% | buffer 200000 steps 85254 | 117.8 g/min eta 7.5h
[46800/100000] loss 1.757 (pi 1.636 v 0.097 q 0.015 c 0.017) | plies 106 decisive 76% | buffer 200000 steps 85303 | 117.8 g/min eta 7.5h
[46825/100000] loss 1.760 (pi 1.639 v 0.097 q 0.015 c 0.017) | plies 104 decisive 76% | buffer 200000 steps 85342 | 117.8 g/min eta 7.5h
[46850/100000] loss 1.760 (pi 1.639 v 0.097 q 0.015 c 0.018) | plies 103 decisive 79% | buffer 200000 steps 85388 | 117.8 g/min eta 7.5h
[46875/100000] loss 1.756 (pi 1.635 v 0.098 q 0.015 c 0.018) | plies 102 decisive 80% | buffer 200000 steps 85437 | 117.8 g/min eta 7.5h
[46900/100000] loss 1.763 (pi 1.642 v 0.097 q 0.015 c 0.018) | plies 102 decisive 82% | buffer 200000 steps 85483 | 117.8 g/min eta 7.5h
[46925/100000] loss 1.765 (pi 1.643 v 0.098 q 0.015 c 0.018) | plies 102 decisive 82% | buffer 200000 steps 85524 | 117.8 g/min eta 7.5h
[46950/100000] loss 1.763 (pi 1.641 v 0.098 q 0.015 c 0.018) | plies 102 decisive 82% | buffer 200000 steps 85567 | 117.8 g/min eta 7.5h
[46975/100000] loss 1.759 (pi 1.637 v 0.098 q 0.015 c 0.018) | plies 103 decisive 80% | buffer 200000 steps 85616 | 117.8 g/min eta 7.5h
[47000/100000] loss 1.764 (pi 1.642 v 0.098 q 0.015 c 0.018) | plies 100 decisive 82% | buffer 200000 steps 85658 | 117.8 g/min eta 7.5h
  EVAL @47000: q-greedy 3-21-0 | policy-greedy 6-18-0 | search 8-0-0 (eval 31s)
[47025/100000] loss 1.757 (pi 1.635 v 0.098 q 0.015 c 0.018) | plies 103 decisive 81% | buffer 200000 steps 85703 | 117.7 g/min eta 7.5h
[47050/100000] loss 1.757 (pi 1.636 v 0.098 q 0.015 c 0.018) | plies 101 decisive 83% | buffer 200000 steps 85750 | 117.7 g/min eta 7.5h
[47075/100000] loss 1.757 (pi 1.636 v 0.097 q 0.015 c 0.018) | plies 101 decisive 82% | buffer 200000 steps 85793 | 117.7 g/min eta 7.5h
[47100/100000] loss 1.760 (pi 1.638 v 0.098 q 0.015 c 0.018) | plies 101 decisive 81% | buffer 200000 steps 85834 | 117.8 g/min eta 7.5h
[47125/100000] loss 1.762 (pi 1.639 v 0.099 q 0.015 c 0.018) | plies 101 decisive 82% | buffer 200000 steps 85879 | 117.8 g/min eta 7.5h
[47150/100000] loss 1.760 (pi 1.636 v 0.099 q 0.015 c 0.018) | plies 104 decisive 78% | buffer 200000 steps 85925 | 117.8 g/min eta 7.5h
[47175/100000] loss 1.762 (pi 1.638 v 0.099 q 0.016 c 0.018) | plies 102 decisive 80% | buffer 200000 steps 85969 | 117.8 g/min eta 7.5h
[47200/100000] loss 1.763 (pi 1.640 v 0.099 q 0.015 c 0.018) | plies 104 decisive 80% | buffer 200000 steps 86011 | 117.8 g/min eta 7.5h
[47225/100000] loss 1.765 (pi 1.643 v 0.099 q 0.015 c 0.018) | plies 104 decisive 78% | buffer 200000 steps 86058 | 117.8 g/min eta 7.5h
[47250/100000] loss 1.763 (pi 1.640 v 0.099 q 0.015 c 0.017) | plies 104 decisive 78% | buffer 200000 steps 86103 | 117.8 g/min eta 7.5h
[47275/100000] loss 1.763 (pi 1.640 v 0.099 q 0.015 c 0.018) | plies 106 decisive 78% | buffer 200000 steps 86153 | 117.8 g/min eta 7.5h
[47300/100000] loss 1.760 (pi 1.636 v 0.100 q 0.015 c 0.017) | plies 108 decisive 78% | buffer 200000 steps 86201 | 117.8 g/min eta 7.5h
[47325/100000] loss 1.764 (pi 1.641 v 0.100 q 0.015 c 0.017) | plies 108 decisive 79% | buffer 200000 steps 86243 | 117.8 g/min eta 7.5h
[47350/100000] loss 1.761 (pi 1.637 v 0.100 q 0.015 c 0.017) | plies 107 decisive 80% | buffer 200000 steps 86289 | 117.8 g/min eta 7.4h
[47375/100000] loss 1.760 (pi 1.637 v 0.100 q 0.015 c 0.017) | plies 107 decisive 80% | buffer 200000 steps 86335 | 117.8 g/min eta 7.4h
[47400/100000] loss 1.762 (pi 1.639 v 0.100 q 0.015 c 0.017) | plies 107 decisive 78% | buffer 200000 steps 86378 | 117.8 g/min eta 7.4h
[47425/100000] loss 1.761 (pi 1.638 v 0.100 q 0.015 c 0.017) | plies 105 decisive 80% | buffer 200000 steps 86422 | 117.8 g/min eta 7.4h
[47450/100000] loss 1.767 (pi 1.643 v 0.100 q 0.015 c 0.017) | plies 107 decisive 78% | buffer 200000 steps 86469 | 117.8 g/min eta 7.4h
[47475/100000] loss 1.756 (pi 1.632 v 0.100 q 0.015 c 0.017) | plies 106 decisive 78% | buffer 200000 steps 86517 | 117.8 g/min eta 7.4h
[47500/100000] loss 1.755 (pi 1.631 v 0.100 q 0.015 c 0.017) | plies 105 decisive 76% | buffer 200000 steps 86561 | 117.8 g/min eta 7.4h
[47525/100000] loss 1.758 (pi 1.635 v 0.100 q 0.015 c 0.017) | plies 107 decisive 74% | buffer 200000 steps 86608 | 117.8 g/min eta 7.4h
[47550/100000] loss 1.761 (pi 1.638 v 0.100 q 0.015 c 0.017) | plies 107 decisive 74% | buffer 200000 steps 86653 | 117.8 g/min eta 7.4h
[47575/100000] loss 1.768 (pi 1.644 v 0.100 q 0.015 c 0.017) | plies 107 decisive 74% | buffer 200000 steps 86700 | 117.8 g/min eta 7.4h
[47600/100000] loss 1.765 (pi 1.641 v 0.100 q 0.015 c 0.017) | plies 108 decisive 72% | buffer 200000 steps 86745 | 117.8 g/min eta 7.4h
[47625/100000] loss 1.764 (pi 1.641 v 0.100 q 0.015 c 0.017) | plies 109 decisive 70% | buffer 200000 steps 86788 | 117.8 g/min eta 7.4h
[47650/100000] loss 1.768 (pi 1.644 v 0.100 q 0.015 c 0.017) | plies 108 decisive 71% | buffer 200000 steps 86831 | 117.8 g/min eta 7.4h
[47675/100000] loss 1.773 (pi 1.650 v 0.099 q 0.015 c 0.017) | plies 107 decisive 73% | buffer 200000 steps 86874 | 117.8 g/min eta 7.4h
[47700/100000] loss 1.768 (pi 1.644 v 0.100 q 0.015 c 0.017) | plies 108 decisive 76% | buffer 200000 steps 86923 | 117.8 g/min eta 7.4h
[47725/100000] loss 1.772 (pi 1.647 v 0.101 q 0.015 c 0.017) | plies 107 decisive 77% | buffer 200000 steps 86969 | 117.8 g/min eta 7.4h
[47750/100000] loss 1.770 (pi 1.646 v 0.101 q 0.015 c 0.017) | plies 105 decisive 79% | buffer 200000 steps 87013 | 117.8 g/min eta 7.4h
[47775/100000] loss 1.772 (pi 1.647 v 0.101 q 0.015 c 0.017) | plies 104 decisive 80% | buffer 200000 steps 87055 | 117.8 g/min eta 7.4h
[47800/100000] loss 1.767 (pi 1.642 v 0.102 q 0.015 c 0.017) | plies 103 decisive 82% | buffer 200000 steps 87101 | 117.8 g/min eta 7.4h
[47825/100000] loss 1.759 (pi 1.635 v 0.101 q 0.015 c 0.017) | plies 103 decisive 84% | buffer 200000 steps 87150 | 117.8 g/min eta 7.4h
[47850/100000] loss 1.763 (pi 1.639 v 0.101 q 0.015 c 0.017) | plies 104 decisive 82% | buffer 200000 steps 87200 | 117.8 g/min eta 7.4h
[47875/100000] loss 1.764 (pi 1.639 v 0.102 q 0.015 c 0.017) | plies 105 decisive 83% | buffer 200000 steps 87245 | 117.8 g/min eta 7.4h
[47900/100000] loss 1.772 (pi 1.646 v 0.102 q 0.015 c 0.017) | plies 104 decisive 82% | buffer 200000 steps 87289 | 117.8 g/min eta 7.4h
[47925/100000] loss 1.772 (pi 1.647 v 0.101 q 0.015 c 0.017) | plies 105 decisive 80% | buffer 200000 steps 87339 | 117.8 g/min eta 7.4h
[47950/100000] loss 1.769 (pi 1.644 v 0.101 q 0.015 c 0.017) | plies 108 decisive 76% | buffer 200000 steps 87388 | 117.8 g/min eta 7.4h
[47975/100000] loss 1.775 (pi 1.650 v 0.101 q 0.015 c 0.018) | plies 109 decisive 74% | buffer 200000 steps 87434 | 117.8 g/min eta 7.4h
[48000/100000] loss 1.766 (pi 1.641 v 0.101 q 0.015 c 0.018) | plies 109 decisive 72% | buffer 200000 steps 87476 | 117.8 g/min eta 7.4h
  EVAL @48000: q-greedy 6-18-0 | policy-greedy 6-18-0 | search 8-0-0 (eval 23s)
[48025/100000] loss 1.767 (pi 1.642 v 0.100 q 0.015 c 0.018) | plies 110 decisive 70% | buffer 200000 steps 87520 | 117.7 g/min eta 7.4h
[48050/100000] loss 1.765 (pi 1.641 v 0.100 q 0.015 c 0.018) | plies 108 decisive 73% | buffer 200000 steps 87563 | 117.8 g/min eta 7.4h
[48075/100000] loss 1.771 (pi 1.647 v 0.099 q 0.015 c 0.018) | plies 108 decisive 72% | buffer 200000 steps 87607 | 117.8 g/min eta 7.3h
[48100/100000] loss 1.767 (pi 1.644 v 0.100 q 0.015 c 0.018) | plies 110 decisive 70% | buffer 200000 steps 87652 | 117.8 g/min eta 7.3h
[48125/100000] loss 1.762 (pi 1.639 v 0.099 q 0.015 c 0.017) | plies 108 decisive 71% | buffer 200000 steps 87692 | 117.8 g/min eta 7.3h
[48150/100000] loss 1.771 (pi 1.646 v 0.101 q 0.015 c 0.018) | plies 107 decisive 74% | buffer 200000 steps 87739 | 117.8 g/min eta 7.3h
[48175/100000] loss 1.772 (pi 1.648 v 0.100 q 0.015 c 0.018) | plies 107 decisive 74% | buffer 200000 steps 87781 | 117.8 g/min eta 7.3h
[48200/100000] loss 1.773 (pi 1.648 v 0.100 q 0.015 c 0.018) | plies 106 decisive 76% | buffer 200000 steps 87826 | 117.8 g/min eta 7.3h
[48225/100000] loss 1.771 (pi 1.647 v 0.100 q 0.015 c 0.018) | plies 104 decisive 78% | buffer 200000 steps 87866 | 117.8 g/min eta 7.3h
[48250/100000] loss 1.773 (pi 1.649 v 0.100 q 0.015 c 0.018) | plies 106 decisive 75% | buffer 200000 steps 87910 | 117.9 g/min eta 7.3h
[48275/100000] loss 1.768 (pi 1.643 v 0.100 q 0.015 c 0.018) | plies 106 decisive 76% | buffer 200000 steps 87954 | 117.9 g/min eta 7.3h
[48300/100000] loss 1.770 (pi 1.645 v 0.101 q 0.015 c 0.018) | plies 104 decisive 78% | buffer 200000 steps 87997 | 117.9 g/min eta 7.3h
[48325/100000] loss 1.769 (pi 1.646 v 0.100 q 0.015 c 0.017) | plies 104 decisive 78% | buffer 200000 steps 88043 | 117.9 g/min eta 7.3h
[48350/100000] loss 1.769 (pi 1.645 v 0.100 q 0.015 c 0.018) | plies 105 decisive 78% | buffer 200000 steps 88089 | 117.9 g/min eta 7.3h
[48375/100000] loss 1.768 (pi 1.644 v 0.100 q 0.015 c 0.017) | plies 105 decisive 77% | buffer 200000 steps 88132 | 117.9 g/min eta 7.3h
[48400/100000] loss 1.768 (pi 1.645 v 0.099 q 0.015 c 0.017) | plies 103 decisive 77% | buffer 200000 steps 88169 | 117.9 g/min eta 7.3h
[48425/100000] loss 1.767 (pi 1.644 v 0.100 q 0.015 c 0.017) | plies 103 decisive 78% | buffer 200000 steps 88214 | 117.9 g/min eta 7.3h
[48450/100000] loss 1.763 (pi 1.639 v 0.100 q 0.015 c 0.018) | plies 101 decisive 81% | buffer 200000 steps 88257 | 117.9 g/min eta 7.3h
[48475/100000] loss 1.768 (pi 1.643 v 0.101 q 0.015 c 0.018) | plies 101 decisive 80% | buffer 200000 steps 88300 | 117.9 g/min eta 7.3h
[48500/100000] loss 1.769 (pi 1.645 v 0.100 q 0.015 c 0.018) | plies 102 decisive 80% | buffer 200000 steps 88346 | 117.9 g/min eta 7.3h
[48525/100000] loss 1.769 (pi 1.646 v 0.100 q 0.015 c 0.017) | plies 103 decisive 79% | buffer 200000 steps 88397 | 117.9 g/min eta 7.3h
[48550/100000] loss 1.768 (pi 1.645 v 0.100 q 0.015 c 0.016) | plies 101 decisive 80% | buffer 200000 steps 88440 | 117.9 g/min eta 7.3h
[48575/100000] loss 1.766 (pi 1.644 v 0.099 q 0.015 c 0.017) | plies 103 decisive 78% | buffer 200000 steps 88488 | 117.9 g/min eta 7.3h
[48600/100000] loss 1.766 (pi 1.644 v 0.099 q 0.015 c 0.017) | plies 104 decisive 77% | buffer 200000 steps 88533 | 117.9 g/min eta 7.3h
[48625/100000] loss 1.771 (pi 1.649 v 0.098 q 0.015 c 0.017) | plies 106 decisive 74% | buffer 200000 steps 88578 | 117.9 g/min eta 7.3h
[48650/100000] loss 1.768 (pi 1.646 v 0.098 q 0.015 c 0.017) | plies 107 decisive 73% | buffer 200000 steps 88624 | 117.9 g/min eta 7.3h
[48675/100000] loss 1.764 (pi 1.642 v 0.098 q 0.015 c 0.018) | plies 107 decisive 75% | buffer 200000 steps 88670 | 117.9 g/min eta 7.3h
[48700/100000] loss 1.763 (pi 1.641 v 0.098 q 0.015 c 0.018) | plies 107 decisive 74% | buffer 200000 steps 88715 | 117.9 g/min eta 7.3h
[48725/100000] loss 1.763 (pi 1.641 v 0.098 q 0.015 c 0.018) | plies 106 decisive 74% | buffer 200000 steps 88757 | 117.9 g/min eta 7.2h
[48750/100000] loss 1.768 (pi 1.647 v 0.097 q 0.015 c 0.017) | plies 107 decisive 73% | buffer 200000 steps 88802 | 117.9 g/min eta 7.2h
[48775/100000] loss 1.767 (pi 1.646 v 0.097 q 0.015 c 0.017) | plies 105 decisive 76% | buffer 200000 steps 88845 | 117.9 g/min eta 7.2h
[48800/100000] loss 1.764 (pi 1.643 v 0.097 q 0.015 c 0.017) | plies 106 decisive 76% | buffer 200000 steps 88894 | 117.9 g/min eta 7.2h
[48825/100000] loss 1.766 (pi 1.644 v 0.098 q 0.015 c 0.017) | plies 104 decisive 77% | buffer 200000 steps 88936 | 117.9 g/min eta 7.2h
[48850/100000] loss 1.768 (pi 1.646 v 0.098 q 0.015 c 0.017) | plies 104 decisive 77% | buffer 200000 steps 88977 | 117.9 g/min eta 7.2h
[48875/100000] loss 1.770 (pi 1.650 v 0.097 q 0.015 c 0.017) | plies 106 decisive 74% | buffer 200000 steps 89022 | 117.9 g/min eta 7.2h
[48900/100000] loss 1.771 (pi 1.650 v 0.098 q 0.015 c 0.017) | plies 106 decisive 74% | buffer 200000 steps 89069 | 117.9 g/min eta 7.2h
[48925/100000] loss 1.768 (pi 1.647 v 0.098 q 0.015 c 0.017) | plies 107 decisive 76% | buffer 200000 steps 89114 | 117.9 g/min eta 7.2h
[48950/100000] loss 1.767 (pi 1.646 v 0.098 q 0.015 c 0.017) | plies 107 decisive 76% | buffer 200000 steps 89160 | 117.9 g/min eta 7.2h
[48975/100000] loss 1.768 (pi 1.646 v 0.098 q 0.015 c 0.017) | plies 108 decisive 74% | buffer 200000 steps 89208 | 117.9 g/min eta 7.2h
[49000/100000] loss 1.757 (pi 1.635 v 0.098 q 0.015 c 0.017) | plies 108 decisive 76% | buffer 200000 steps 89254 | 117.9 g/min eta 7.2h
  EVAL @49000: q-greedy 9-15-0 | policy-greedy 7-17-0 | search 7-1-0 (eval 34s)
[49025/100000] loss 1.764 (pi 1.643 v 0.098 q 0.015 c 0.017) | plies 110 decisive 74% | buffer 200000 steps 89300 | 117.7 g/min eta 7.2h
[49050/100000] loss 1.766 (pi 1.645 v 0.097 q 0.015 c 0.017) | plies 111 decisive 72% | buffer 200000 steps 89345 | 117.8 g/min eta 7.2h
[49075/100000] loss 1.766 (pi 1.645 v 0.097 q 0.015 c 0.018) | plies 108 decisive 74% | buffer 200000 steps 89386 | 117.8 g/min eta 7.2h
[49100/100000] loss 1.761 (pi 1.640 v 0.097 q 0.015 c 0.017) | plies 108 decisive 74% | buffer 200000 steps 89435 | 117.8 g/min eta 7.2h
[49125/100000] loss 1.762 (pi 1.642 v 0.097 q 0.015 c 0.017) | plies 107 decisive 72% | buffer 200000 steps 89477 | 117.9 g/min eta 7.2h
[49150/100000] loss 1.759 (pi 1.639 v 0.097 q 0.015 c 0.017) | plies 108 decisive 73% | buffer 200000 steps 89525 | 117.9 g/min eta 7.2h
[49175/100000] loss 1.769 (pi 1.649 v 0.097 q 0.015 c 0.017) | plies 106 decisive 76% | buffer 200000 steps 89571 | 117.9 g/min eta 7.2h
[49200/100000] loss 1.769 (pi 1.648 v 0.098 q 0.015 c 0.017) | plies 108 decisive 74% | buffer 200000 steps 89619 | 117.9 g/min eta 7.2h
[49225/100000] loss 1.768 (pi 1.646 v 0.098 q 0.015 c 0.017) | plies 106 decisive 76% | buffer 200000 steps 89665 | 117.9 g/min eta 7.2h
[49250/100000] loss 1.771 (pi 1.649 v 0.098 q 0.015 c 0.017) | plies 102 decisive 80% | buffer 200000 steps 89705 | 117.9 g/min eta 7.2h
[49275/100000] loss 1.768 (pi 1.646 v 0.098 q 0.015 c 0.018) | plies 104 decisive 80% | buffer 200000 steps 89751 | 117.9 g/min eta 7.2h
[49300/100000] loss 1.769 (pi 1.647 v 0.098 q 0.015 c 0.018) | plies 104 decisive 81% | buffer 200000 steps 89797 | 117.9 g/min eta 7.2h
[49325/100000] loss 1.769 (pi 1.646 v 0.099 q 0.015 c 0.018) | plies 105 decisive 80% | buffer 200000 steps 89844 | 117.9 g/min eta 7.2h
[49350/100000] loss 1.768 (pi 1.646 v 0.099 q 0.015 c 0.018) | plies 102 decisive 82% | buffer 200000 steps 89885 | 117.9 g/min eta 7.2h
[49375/100000] loss 1.765 (pi 1.642 v 0.099 q 0.015 c 0.017) | plies 102 decisive 80% | buffer 200000 steps 89927 | 117.9 g/min eta 7.2h
[49400/100000] loss 1.768 (pi 1.646 v 0.098 q 0.015 c 0.017) | plies 100 decisive 82% | buffer 200000 steps 89973 | 117.9 g/min eta 7.2h
[49425/100000] loss 1.762 (pi 1.641 v 0.098 q 0.015 c 0.017) | plies 101 decisive 81% | buffer 200000 steps 90016 | 117.9 g/min eta 7.2h
[49450/100000] loss 1.755 (pi 1.634 v 0.098 q 0.015 c 0.017) | plies 104 decisive 79% | buffer 200000 steps 90063 | 117.9 g/min eta 7.1h
[49475/100000] loss 1.760 (pi 1.640 v 0.097 q 0.015 c 0.017) | plies 105 decisive 78% | buffer 200000 steps 90112 | 117.9 g/min eta 7.1h
[49500/100000] loss 1.756 (pi 1.636 v 0.096 q 0.015 c 0.017) | plies 105 decisive 78% | buffer 200000 steps 90151 | 117.9 g/min eta 7.1h
[49525/100000] loss 1.760 (pi 1.639 v 0.097 q 0.015 c 0.017) | plies 105 decisive 77% | buffer 200000 steps 90197 | 117.9 g/min eta 7.1h
[49550/100000] loss 1.761 (pi 1.639 v 0.098 q 0.015 c 0.017) | plies 107 decisive 74% | buffer 200000 steps 90244 | 117.9 g/min eta 7.1h
[49575/100000] loss 1.759 (pi 1.639 v 0.096 q 0.015 c 0.017) | plies 109 decisive 74% | buffer 200000 steps 90292 | 117.9 g/min eta 7.1h
[49600/100000] loss 1.760 (pi 1.641 v 0.096 q 0.015 c 0.017) | plies 110 decisive 73% | buffer 200000 steps 90336 | 117.9 g/min eta 7.1h
[49625/100000] loss 1.766 (pi 1.647 v 0.096 q 0.015 c 0.017) | plies 110 decisive 72% | buffer 200000 steps 90383 | 117.9 g/min eta 7.1h
[49650/100000] loss 1.765 (pi 1.646 v 0.096 q 0.015 c 0.017) | plies 109 decisive 72% | buffer 200000 steps 90426 | 117.9 g/min eta 7.1h
[49675/100000] loss 1.762 (pi 1.643 v 0.096 q 0.015 c 0.017) | plies 109 decisive 72% | buffer 200000 steps 90472 | 117.9 g/min eta 7.1h
[49700/100000] loss 1.766 (pi 1.646 v 0.096 q 0.015 c 0.017) | plies 111 decisive 70% | buffer 200000 steps 90520 | 117.9 g/min eta 7.1h
[49725/100000] loss 1.767 (pi 1.648 v 0.096 q 0.015 c 0.017) | plies 109 decisive 70% | buffer 200000 steps 90565 | 117.9 g/min eta 7.1h
[49750/100000] loss 1.763 (pi 1.644 v 0.095 q 0.015 c 0.017) | plies 107 decisive 72% | buffer 200000 steps 90606 | 117.9 g/min eta 7.1h
[49775/100000] loss 1.767 (pi 1.648 v 0.096 q 0.015 c 0.017) | plies 106 decisive 73% | buffer 200000 steps 90651 | 117.9 g/min eta 7.1h
[49800/100000] loss 1.769 (pi 1.649 v 0.096 q 0.015 c 0.017) | plies 106 decisive 74% | buffer 200000 steps 90697 | 117.9 g/min eta 7.1h
[49825/100000] loss 1.768 (pi 1.648 v 0.096 q 0.015 c 0.018) | plies 106 decisive 74% | buffer 200000 steps 90741 | 117.9 g/min eta 7.1h
[49850/100000] loss 1.769 (pi 1.648 v 0.096 q 0.015 c 0.017) | plies 106 decisive 70% | buffer 200000 steps 90786 | 117.9 g/min eta 7.1h
[49875/100000] loss 1.773 (pi 1.654 v 0.095 q 0.015 c 0.017) | plies 106 decisive 72% | buffer 200000 steps 90835 | 117.9 g/min eta 7.1h
[49900/100000] loss 1.766 (pi 1.648 v 0.095 q 0.015 c 0.017) | plies 104 decisive 74% | buffer 200000 steps 90877 | 117.9 g/min eta 7.1h
[49925/100000] loss 1.765 (pi 1.647 v 0.095 q 0.015 c 0.016) | plies 106 decisive 74% | buffer 200000 steps 90924 | 117.9 g/min eta 7.1h
[49950/100000] loss 1.761 (pi 1.643 v 0.094 q 0.015 c 0.017) | plies 106 decisive 72% | buffer 200000 steps 90969 | 117.9 g/min eta 7.1h
[49975/100000] loss 1.763 (pi 1.646 v 0.094 q 0.015 c 0.017) | plies 108 decisive 70% | buffer 200000 steps 91017 | 117.9 g/min eta 7.1h
[50000/100000] loss 1.767 (pi 1.649 v 0.094 q 0.015 c 0.017) | plies 108 decisive 70% | buffer 200000 steps 91062 | 117.9 g/min eta 7.1h
  EVAL @50000: q-greedy 3-21-0 | policy-greedy 7-17-0 | search 8-0-0 (eval 30s)
[50025/100000] loss 1.764 (pi 1.647 v 0.094 q 0.015 c 0.017) | plies 106 decisive 72% | buffer 200000 steps 91102 | 117.7 g/min eta 7.1h
[50050/100000] loss 1.764 (pi 1.647 v 0.094 q 0.015 c 0.017) | plies 105 decisive 74% | buffer 200000 steps 91146 | 117.8 g/min eta 7.1h
[50075/100000] loss 1.762 (pi 1.645 v 0.093 q 0.015 c 0.017) | plies 105 decisive 75% | buffer 200000 steps 91193 | 117.8 g/min eta 7.1h
[50100/100000] loss 1.762 (pi 1.645 v 0.093 q 0.015 c 0.017) | plies 103 decisive 76% | buffer 200000 steps 91232 | 117.9 g/min eta 7.1h
[50125/100000] loss 1.759 (pi 1.641 v 0.094 q 0.015 c 0.017) | plies 103 decisive 76% | buffer 200000 steps 91278 | 117.9 g/min eta 7.1h
[50150/100000] loss 1.762 (pi 1.643 v 0.095 q 0.015 c 0.017) | plies 103 decisive 78% | buffer 200000 steps 91324 | 117.9 g/min eta 7.0h
[50175/100000] loss 1.760 (pi 1.642 v 0.094 q 0.015 c 0.017) | plies 102 decisive 80% | buffer 200000 steps 91369 | 117.9 g/min eta 7.0h
[50200/100000] loss 1.766 (pi 1.648 v 0.094 q 0.015 c 0.017) | plies 104 decisive 79% | buffer 200000 steps 91417 | 117.9 g/min eta 7.0h
[50225/100000] loss 1.761 (pi 1.643 v 0.094 q 0.015 c 0.017) | plies 105 decisive 78% | buffer 200000 steps 91459 | 117.9 g/min eta 7.0h
[50250/100000] loss 1.762 (pi 1.644 v 0.094 q 0.015 c 0.017) | plies 106 decisive 78% | buffer 200000 steps 91503 | 117.9 g/min eta 7.0h
[50275/100000] loss 1.768 (pi 1.649 v 0.095 q 0.015 c 0.018) | plies 106 decisive 76% | buffer 200000 steps 91546 | 117.9 g/min eta 7.0h
[50300/100000] loss 1.766 (pi 1.648 v 0.095 q 0.015 c 0.017) | plies 109 decisive 74% | buffer 200000 steps 91589 | 117.9 g/min eta 7.0h
[50325/100000] loss 1.763 (pi 1.645 v 0.094 q 0.015 c 0.017) | plies 107 decisive 75% | buffer 200000 steps 91632 | 117.9 g/min eta 7.0h
[50350/100000] loss 1.761 (pi 1.644 v 0.094 q 0.015 c 0.017) | plies 106 decisive 75% | buffer 200000 steps 91671 | 117.9 g/min eta 7.0h
[50375/100000] loss 1.764 (pi 1.647 v 0.094 q 0.015 c 0.017) | plies 107 decisive 72% | buffer 200000 steps 91713 | 117.9 g/min eta 7.0h
[50400/100000] loss 1.766 (pi 1.649 v 0.094 q 0.015 c 0.017) | plies 105 decisive 72% | buffer 200000 steps 91759 | 117.9 g/min eta 7.0h
[50425/100000] loss 1.771 (pi 1.653 v 0.094 q 0.015 c 0.017) | plies 106 decisive 72% | buffer 200000 steps 91803 | 117.9 g/min eta 7.0h
[50450/100000] loss 1.765 (pi 1.647 v 0.094 q 0.015 c 0.017) | plies 105 decisive 72% | buffer 200000 steps 91848 | 117.9 g/min eta 7.0h
[50475/100000] loss 1.770 (pi 1.652 v 0.095 q 0.015 c 0.017) | plies 105 decisive 74% | buffer 200000 steps 91897 | 117.9 g/min eta 7.0h
[50500/100000] loss 1.778 (pi 1.659 v 0.095 q 0.015 c 0.017) | plies 104 decisive 75% | buffer 200000 steps 91938 | 117.9 g/min eta 7.0h
[50525/100000] loss 1.773 (pi 1.655 v 0.095 q 0.015 c 0.017) | plies 104 decisive 74% | buffer 200000 steps 91980 | 117.9 g/min eta 7.0h
[50550/100000] loss 1.772 (pi 1.655 v 0.094 q 0.015 c 0.018) | plies 105 decisive 75% | buffer 200000 steps 92025 | 117.9 g/min eta 7.0h
[50575/100000] loss 1.770 (pi 1.653 v 0.094 q 0.015 c 0.017) | plies 105 decisive 78% | buffer 200000 steps 92073 | 117.9 g/min eta 7.0h
[50600/100000] loss 1.769 (pi 1.652 v 0.094 q 0.015 c 0.017) | plies 105 decisive 78% | buffer 200000 steps 92117 | 117.9 g/min eta 7.0h
[50625/100000] loss 1.772 (pi 1.654 v 0.094 q 0.015 c 0.018) | plies 106 decisive 76% | buffer 200000 steps 92166 | 117.9 g/min eta 7.0h
[50650/100000] loss 1.775 (pi 1.656 v 0.095 q 0.015 c 0.018) | plies 105 decisive 77% | buffer 200000 steps 92208 | 117.9 g/min eta 7.0h
[50675/100000] loss 1.770 (pi 1.652 v 0.095 q 0.015 c 0.017) | plies 103 decisive 78% | buffer 200000 steps 92249 | 117.9 g/min eta 7.0h
[50700/100000] loss 1.771 (pi 1.652 v 0.095 q 0.015 c 0.017) | plies 104 decisive 78% | buffer 200000 steps 92296 | 117.9 g/min eta 7.0h
[50725/100000] loss 1.771 (pi 1.652 v 0.095 q 0.015 c 0.017) | plies 104 decisive 77% | buffer 200000 steps 92339 | 117.9 g/min eta 7.0h
[50750/100000] loss 1.774 (pi 1.656 v 0.094 q 0.015 c 0.017) | plies 105 decisive 76% | buffer 200000 steps 92383 | 117.9 g/min eta 7.0h
[50775/100000] loss 1.779 (pi 1.661 v 0.095 q 0.015 c 0.017) | plies 103 decisive 77% | buffer 200000 steps 92427 | 117.9 g/min eta 7.0h
[50800/100000] loss 1.781 (pi 1.662 v 0.095 q 0.015 c 0.017) | plies 105 decisive 76% | buffer 200000 steps 92475 | 117.9 g/min eta 7.0h
[50825/100000] loss 1.784 (pi 1.664 v 0.097 q 0.015 c 0.017) | plies 102 decisive 78% | buffer 200000 steps 92521 | 117.9 g/min eta 7.0h
[50850/100000] loss 1.785 (pi 1.666 v 0.096 q 0.015 c 0.017) | plies 104 decisive 76% | buffer 200000 steps 92565 | 117.9 g/min eta 6.9h
[50875/100000] loss 1.781 (pi 1.661 v 0.096 q 0.015 c 0.017) | plies 103 decisive 78% | buffer 200000 steps 92605 | 117.9 g/min eta 6.9h
[50900/100000] loss 1.777 (pi 1.659 v 0.095 q 0.015 c 0.017) | plies 104 decisive 76% | buffer 200000 steps 92652 | 117.9 g/min eta 6.9h
[50925/100000] loss 1.779 (pi 1.661 v 0.095 q 0.015 c 0.017) | plies 103 decisive 78% | buffer 200000 steps 92694 | 117.9 g/min eta 6.9h
[50950/100000] loss 1.778 (pi 1.660 v 0.095 q 0.015 c 0.017) | plies 103 decisive 78% | buffer 200000 steps 92737 | 117.9 g/min eta 6.9h
[50975/100000] loss 1.773 (pi 1.655 v 0.096 q 0.014 c 0.017) | plies 103 decisive 76% | buffer 200000 steps 92780 | 117.9 g/min eta 6.9h
[51000/100000] loss 1.777 (pi 1.658 v 0.096 q 0.015 c 0.017) | plies 100 decisive 80% | buffer 200000 steps 92823 | 117.9 g/min eta 6.9h
  EVAL @51000: q-greedy 3-21-0 | policy-greedy 5-19-0 | search 8-0-0 (eval 32s)
[51025/100000] loss 1.780 (pi 1.660 v 0.096 q 0.015 c 0.017) | plies 102 decisive 80% | buffer 200000 steps 92875 | 117.8 g/min eta 6.9h
[51050/100000] loss 1.772 (pi 1.652 v 0.096 q 0.015 c 0.017) | plies 100 decisive 80% | buffer 200000 steps 92919 | 117.8 g/min eta 6.9h
[51075/100000] loss 1.767 (pi 1.649 v 0.095 q 0.015 c 0.017) | plies 104 decisive 76% | buffer 200000 steps 92965 | 117.8 g/min eta 6.9h
[51100/100000] loss 1.771 (pi 1.653 v 0.095 q 0.015 c 0.017) | plies 102 decisive 77% | buffer 200000 steps 93009 | 117.9 g/min eta 6.9h
[51125/100000] loss 1.771 (pi 1.653 v 0.094 q 0.015 c 0.017) | plies 104 decisive 74% | buffer 200000 steps 93053 | 117.9 g/min eta 6.9h
[51150/100000] loss 1.782 (pi 1.665 v 0.094 q 0.014 c 0.017) | plies 104 decisive 76% | buffer 200000 steps 93097 | 117.9 g/min eta 6.9h
[51175/100000] loss 1.779 (pi 1.661 v 0.095 q 0.015 c 0.017) | plies 105 decisive 76% | buffer 200000 steps 93138 | 117.9 g/min eta 6.9h
[51200/100000] loss 1.784 (pi 1.666 v 0.095 q 0.015 c 0.017) | plies 104 decisive 76% | buffer 200000 steps 93182 | 117.9 g/min eta 6.9h
[51225/100000] loss 1.786 (pi 1.668 v 0.095 q 0.015 c 0.017) | plies 103 decisive 74% | buffer 200000 steps 93225 | 117.9 g/min eta 6.9h
[51250/100000] loss 1.780 (pi 1.661 v 0.095 q 0.015 c 0.017) | plies 104 decisive 72% | buffer 200000 steps 93270 | 117.9 g/min eta 6.9h
[51275/100000] loss 1.774 (pi 1.655 v 0.095 q 0.015 c 0.017) | plies 104 decisive 74% | buffer 200000 steps 93317 | 117.9 g/min eta 6.9h
[51300/100000] loss 1.774 (pi 1.656 v 0.095 q 0.015 c 0.017) | plies 106 decisive 71% | buffer 200000 steps 93367 | 117.9 g/min eta 6.9h
[51325/100000] loss 1.775 (pi 1.657 v 0.094 q 0.015 c 0.017) | plies 107 decisive 71% | buffer 200000 steps 93413 | 117.9 g/min eta 6.9h
[51350/100000] loss 1.774 (pi 1.656 v 0.095 q 0.015 c 0.017) | plies 107 decisive 70% | buffer 200000 steps 93457 | 117.9 g/min eta 6.9h
[51375/100000] loss 1.776 (pi 1.658 v 0.095 q 0.015 c 0.017) | plies 106 decisive 71% | buffer 200000 steps 93500 | 117.9 g/min eta 6.9h
[51400/100000] loss 1.775 (pi 1.657 v 0.094 q 0.015 c 0.017) | plies 106 decisive 72% | buffer 200000 steps 93540 | 117.9 g/min eta 6.9h
[51425/100000] loss 1.776 (pi 1.658 v 0.095 q 0.015 c 0.017) | plies 106 decisive 71% | buffer 200000 steps 93584 | 117.9 g/min eta 6.9h
[51450/100000] loss 1.782 (pi 1.662 v 0.096 q 0.015 c 0.017) | plies 103 decisive 75% | buffer 200000 steps 93623 | 117.9 g/min eta 6.9h
[51475/100000] loss 1.781 (pi 1.661 v 0.096 q 0.015 c 0.017) | plies 102 decisive 77% | buffer 200000 steps 93667 | 117.9 g/min eta 6.9h
[51500/100000] loss 1.777 (pi 1.658 v 0.096 q 0.015 c 0.017) | plies 101 decisive 78% | buffer 200000 steps 93712 | 117.9 g/min eta 6.9h
[51525/100000] loss 1.780 (pi 1.660 v 0.096 q 0.015 c 0.018) | plies 100 decisive 80% | buffer 200000 steps 93758 | 117.9 g/min eta 6.9h
[51550/100000] loss 1.780 (pi 1.660 v 0.096 q 0.015 c 0.018) | plies 99 decisive 83% | buffer 200000 steps 93801 | 117.9 g/min eta 6.8h
[51575/100000] loss 1.784 (pi 1.664 v 0.096 q 0.015 c 0.018) | plies 101 decisive 82% | buffer 200000 steps 93846 | 117.9 g/min eta 6.8h
[51600/100000] loss 1.778 (pi 1.659 v 0.095 q 0.015 c 0.018) | plies 102 decisive 80% | buffer 200000 steps 93886 | 117.9 g/min eta 6.8h
[51625/100000] loss 1.774 (pi 1.656 v 0.095 q 0.015 c 0.018) | plies 102 decisive 82% | buffer 200000 steps 93930 | 118.0 g/min eta 6.8h
[51650/100000] loss 1.774 (pi 1.655 v 0.096 q 0.015 c 0.017) | plies 104 decisive 79% | buffer 200000 steps 93971 | 118.0 g/min eta 6.8h
[51675/100000] loss 1.779 (pi 1.659 v 0.096 q 0.015 c 0.018) | plies 104 decisive 78% | buffer 200000 steps 94019 | 118.0 g/min eta 6.8h
[51700/100000] loss 1.774 (pi 1.654 v 0.096 q 0.015 c 0.018) | plies 102 decisive 80% | buffer 200000 steps 94058 | 118.0 g/min eta 6.8h
[51725/100000] loss 1.777 (pi 1.657 v 0.096 q 0.015 c 0.018) | plies 101 decisive 80% | buffer 200000 steps 94098 | 118.0 g/min eta 6.8h
[51750/100000] loss 1.773 (pi 1.654 v 0.096 q 0.015 c 0.017) | plies 103 decisive 77% | buffer 200000 steps 94143 | 118.0 g/min eta 6.8h
[51775/100000] loss 1.774 (pi 1.654 v 0.097 q 0.015 c 0.018) | plies 101 decisive 77% | buffer 200000 steps 94185 | 118.0 g/min eta 6.8h
[51800/100000] loss 1.774 (pi 1.653 v 0.097 q 0.015 c 0.018) | plies 101 decisive 77% | buffer 200000 steps 94228 | 118.0 g/min eta 6.8h
[51825/100000] loss 1.769 (pi 1.648 v 0.097 q 0.015 c 0.018) | plies 100 decisive 76% | buffer 200000 steps 94270 | 118.0 g/min eta 6.8h
[51850/100000] loss 1.770 (pi 1.649 v 0.097 q 0.015 c 0.018) | plies 100 decisive 78% | buffer 200000 steps 94311 | 118.0 g/min eta 6.8h
[51875/100000] loss 1.774 (pi 1.653 v 0.097 q 0.015 c 0.017) | plies 98 decisive 79% | buffer 200000 steps 94355 | 118.0 g/min eta 6.8h
[51900/100000] loss 1.776 (pi 1.655 v 0.096 q 0.015 c 0.018) | plies 101 decisive 75% | buffer 200000 steps 94405 | 118.0 g/min eta 6.8h
[51925/100000] loss 1.770 (pi 1.650 v 0.096 q 0.015 c 0.018) | plies 102 decisive 74% | buffer 200000 steps 94449 | 118.0 g/min eta 6.8h
[51950/100000] loss 1.768 (pi 1.648 v 0.096 q 0.015 c 0.018) | plies 103 decisive 74% | buffer 200000 steps 94492 | 118.0 g/min eta 6.8h
[51975/100000] loss 1.767 (pi 1.649 v 0.095 q 0.015 c 0.017) | plies 104 decisive 73% | buffer 200000 steps 94534 | 118.0 g/min eta 6.8h
[52000/100000] loss 1.773 (pi 1.655 v 0.095 q 0.015 c 0.017) | plies 104 decisive 74% | buffer 200000 steps 94576 | 118.0 g/min eta 6.8h
  EVAL @52000: q-greedy 4-20-0 | policy-greedy 12-12-0 | search 8-0-0 (eval 25s)
[52025/100000] loss 1.768 (pi 1.649 v 0.095 q 0.015 c 0.017) | plies 104 decisive 74% | buffer 200000 steps 94617 | 117.9 g/min eta 6.8h
[52050/100000] loss 1.769 (pi 1.651 v 0.094 q 0.015 c 0.017) | plies 105 decisive 72% | buffer 200000 steps 94658 | 117.9 g/min eta 6.8h
[52075/100000] loss 1.772 (pi 1.654 v 0.094 q 0.015 c 0.017) | plies 106 decisive 72% | buffer 200000 steps 94706 | 117.9 g/min eta 6.8h
[52100/100000] loss 1.766 (pi 1.648 v 0.094 q 0.015 c 0.017) | plies 104 decisive 74% | buffer 200000 steps 94752 | 118.0 g/min eta 6.8h
[52125/100000] loss 1.768 (pi 1.650 v 0.094 q 0.015 c 0.017) | plies 104 decisive 75% | buffer 200000 steps 94794 | 118.0 g/min eta 6.8h
[52150/100000] loss 1.758 (pi 1.639 v 0.095 q 0.015 c 0.017) | plies 102 decisive 76% | buffer 200000 steps 94838 | 118.0 g/min eta 6.8h
[52175/100000] loss 1.757 (pi 1.638 v 0.095 q 0.015 c 0.017) | plies 103 decisive 76% | buffer 200000 steps 94887 | 118.0 g/min eta 6.8h
[52200/100000] loss 1.760 (pi 1.641 v 0.095 q 0.015 c 0.017) | plies 104 decisive 76% | buffer 200000 steps 94935 | 118.0 g/min eta 6.8h
[52225/100000] loss 1.764 (pi 1.645 v 0.095 q 0.015 c 0.017) | plies 105 decisive 75% | buffer 200000 steps 94979 | 118.0 g/min eta 6.7h
[52250/100000] loss 1.763 (pi 1.646 v 0.095 q 0.015 c 0.016) | plies 106 decisive 76% | buffer 200000 steps 95028 | 118.0 g/min eta 6.7h
[52275/100000] loss 1.764 (pi 1.646 v 0.095 q 0.015 c 0.017) | plies 105 decisive 76% | buffer 200000 steps 95069 | 118.0 g/min eta 6.7h
[52300/100000] loss 1.765 (pi 1.647 v 0.094 q 0.015 c 0.017) | plies 106 decisive 74% | buffer 200000 steps 95115 | 118.0 g/min eta 6.7h
[52325/100000] loss 1.760 (pi 1.643 v 0.094 q 0.015 c 0.017) | plies 106 decisive 75% | buffer 200000 steps 95161 | 118.0 g/min eta 6.7h
[52350/100000] loss 1.766 (pi 1.648 v 0.094 q 0.015 c 0.017) | plies 107 decisive 73% | buffer 200000 steps 95207 | 118.0 g/min eta 6.7h
[52375/100000] loss 1.771 (pi 1.652 v 0.095 q 0.015 c 0.018) | plies 107 decisive 72% | buffer 200000 steps 95252 | 118.0 g/min eta 6.7h
[52400/100000] loss 1.767 (pi 1.648 v 0.095 q 0.015 c 0.018) | plies 106 decisive 74% | buffer 200000 steps 95294 | 118.0 g/min eta 6.7h
[52425/100000] loss 1.768 (pi 1.650 v 0.095 q 0.015 c 0.017) | plies 107 decisive 72% | buffer 200000 steps 95337 | 118.0 g/min eta 6.7h
[52450/100000] loss 1.768 (pi 1.650 v 0.095 q 0.015 c 0.017) | plies 105 decisive 74% | buffer 200000 steps 95379 | 118.0 g/min eta 6.7h
[52475/100000] loss 1.765 (pi 1.648 v 0.094 q 0.015 c 0.018) | plies 106 decisive 73% | buffer 200000 steps 95423 | 118.0 g/min eta 6.7h
[52500/100000] loss 1.769 (pi 1.652 v 0.093 q 0.015 c 0.017) | plies 106 decisive 72% | buffer 200000 steps 95468 | 118.0 g/min eta 6.7h
[52525/100000] loss 1.765 (pi 1.649 v 0.093 q 0.015 c 0.017) | plies 104 decisive 74% | buffer 200000 steps 95505 | 118.0 g/min eta 6.7h
[52550/100000] loss 1.767 (pi 1.651 v 0.093 q 0.015 c 0.017) | plies 104 decisive 76% | buffer 200000 steps 95547 | 118.0 g/min eta 6.7h
[52575/100000] loss 1.766 (pi 1.650 v 0.093 q 0.014 c 0.017) | plies 103 decisive 77% | buffer 200000 steps 95592 | 118.0 g/min eta 6.7h
[52600/100000] loss 1.764 (pi 1.649 v 0.093 q 0.014 c 0.016) | plies 103 decisive 76% | buffer 200000 steps 95633 | 118.0 g/min eta 6.7h
[52625/100000] loss 1.761 (pi 1.645 v 0.093 q 0.015 c 0.017) | plies 103 decisive 77% | buffer 200000 steps 95678 | 118.0 g/min eta 6.7h
[52650/100000] loss 1.764 (pi 1.648 v 0.093 q 0.015 c 0.017) | plies 103 decisive 77% | buffer 200000 steps 95723 | 118.0 g/min eta 6.7h
[52675/100000] loss 1.762 (pi 1.646 v 0.093 q 0.015 c 0.017) | plies 102 decisive 78% | buffer 200000 steps 95765 | 118.0 g/min eta 6.7h
[52700/100000] loss 1.763 (pi 1.648 v 0.092 q 0.015 c 0.017) | plies 101 decisive 78% | buffer 200000 steps 95810 | 118.0 g/min eta 6.7h
[52725/100000] loss 1.763 (pi 1.647 v 0.093 q 0.015 c 0.017) | plies 105 decisive 75% | buffer 200000 steps 95858 | 118.0 g/min eta 6.7h
[52750/100000] loss 1.766 (pi 1.650 v 0.093 q 0.015 c 0.017) | plies 106 decisive 74% | buffer 200000 steps 95907 | 118.0 g/min eta 6.7h
[52775/100000] loss 1.765 (pi 1.649 v 0.092 q 0.015 c 0.017) | plies 105 decisive 74% | buffer 200000 steps 95951 | 118.0 g/min eta 6.7h
[52800/100000] loss 1.764 (pi 1.649 v 0.092 q 0.015 c 0.017) | plies 106 decisive 74% | buffer 200000 steps 95997 | 118.0 g/min eta 6.7h
[52825/100000] loss 1.765 (pi 1.650 v 0.091 q 0.015 c 0.017) | plies 106 decisive 75% | buffer 200000 steps 96042 | 118.0 g/min eta 6.7h
[52850/100000] loss 1.757 (pi 1.643 v 0.091 q 0.015 c 0.017) | plies 105 decisive 74% | buffer 200000 steps 96084 | 118.0 g/min eta 6.7h
[52875/100000] loss 1.753 (pi 1.639 v 0.091 q 0.015 c 0.017) | plies 107 decisive 76% | buffer 200000 steps 96130 | 118.0 g/min eta 6.7h
[52900/100000] loss 1.760 (pi 1.644 v 0.092 q 0.015 c 0.017) | plies 107 decisive 76% | buffer 200000 steps 96176 | 118.0 g/min eta 6.7h
[52925/100000] loss 1.761 (pi 1.646 v 0.091 q 0.015 c 0.017) | plies 106 decisive 76% | buffer 200000 steps 96222 | 118.0 g/min eta 6.6h
[52950/100000] loss 1.760 (pi 1.645 v 0.092 q 0.015 c 0.017) | plies 105 decisive 75% | buffer 200000 steps 96265 | 118.0 g/min eta 6.6h
[52975/100000] loss 1.755 (pi 1.640 v 0.092 q 0.015 c 0.017) | plies 104 decisive 78% | buffer 200000 steps 96308 | 118.0 g/min eta 6.6h
[53000/100000] loss 1.760 (pi 1.644 v 0.092 q 0.015 c 0.018) | plies 106 decisive 75% | buffer 200000 steps 96355 | 118.0 g/min eta 6.6h
  EVAL @53000: q-greedy 2-22-0 | policy-greedy 10-14-0 | search 8-0-0 (eval 24s)
[53025/100000] loss 1.759 (pi 1.643 v 0.092 q 0.015 c 0.017) | plies 106 decisive 74% | buffer 200000 steps 96402 | 117.9 g/min eta 6.6h
[53050/100000] loss 1.760 (pi 1.646 v 0.091 q 0.015 c 0.017) | plies 106 decisive 74% | buffer 200000 steps 96444 | 118.0 g/min eta 6.6h
[53075/100000] loss 1.764 (pi 1.648 v 0.091 q 0.015 c 0.018) | plies 106 decisive 73% | buffer 200000 steps 96493 | 118.0 g/min eta 6.6h
[53100/100000] loss 1.760 (pi 1.645 v 0.091 q 0.015 c 0.017) | plies 104 decisive 75% | buffer 200000 steps 96535 | 118.0 g/min eta 6.6h
[53125/100000] loss 1.762 (pi 1.647 v 0.091 q 0.015 c 0.017) | plies 103 decisive 76% | buffer 200000 steps 96581 | 118.0 g/min eta 6.6h
[53150/100000] loss 1.761 (pi 1.646 v 0.091 q 0.015 c 0.017) | plies 104 decisive 77% | buffer 200000 steps 96625 | 118.0 g/min eta 6.6h
[53175/100000] loss 1.762 (pi 1.648 v 0.091 q 0.015 c 0.017) | plies 106 decisive 72% | buffer 200000 steps 96669 | 118.0 g/min eta 6.6h
[53200/100000] loss 1.766 (pi 1.651 v 0.091 q 0.015 c 0.017) | plies 104 decisive 72% | buffer 200000 steps 96712 | 118.0 g/min eta 6.6h
[53225/100000] loss 1.764 (pi 1.649 v 0.091 q 0.015 c 0.017) | plies 103 decisive 74% | buffer 200000 steps 96751 | 118.0 g/min eta 6.6h
[53250/100000] loss 1.763 (pi 1.649 v 0.091 q 0.015 c 0.017) | plies 104 decisive 73% | buffer 200000 steps 96794 | 118.1 g/min eta 6.6h
[53275/100000] loss 1.761 (pi 1.648 v 0.090 q 0.015 c 0.017) | plies 103 decisive 74% | buffer 200000 steps 96837 | 118.1 g/min eta 6.6h
[53300/100000] loss 1.759 (pi 1.647 v 0.089 q 0.015 c 0.017) | plies 104 decisive 72% | buffer 200000 steps 96878 | 118.1 g/min eta 6.6h
[53325/100000] loss 1.760 (pi 1.648 v 0.090 q 0.015 c 0.017) | plies 105 decisive 72% | buffer 200000 steps 96921 | 118.0 g/min eta 6.6h
[53350/100000] loss 1.760 (pi 1.648 v 0.089 q 0.014 c 0.017) | plies 105 decisive 72% | buffer 200000 steps 96962 | 118.0 g/min eta 6.6h
[53375/100000] loss 1.760 (pi 1.648 v 0.089 q 0.014 c 0.017) | plies 107 decisive 71% | buffer 200000 steps 97011 | 118.0 g/min eta 6.6h
[53400/100000] loss 1.759 (pi 1.646 v 0.090 q 0.015 c 0.017) | plies 106 decisive 74% | buffer 200000 steps 97053 | 118.0 g/min eta 6.6h
[53425/100000] loss 1.759 (pi 1.647 v 0.089 q 0.015 c 0.017) | plies 105 decisive 76% | buffer 200000 steps 97091 | 118.1 g/min eta 6.6h
[53450/100000] loss 1.755 (pi 1.641 v 0.090 q 0.015 c 0.017) | plies 104 decisive 74% | buffer 200000 steps 97133 | 118.1 g/min eta 6.6h
[53475/100000] loss 1.759 (pi 1.646 v 0.090 q 0.015 c 0.017) | plies 104 decisive 74% | buffer 200000 steps 97174 | 118.1 g/min eta 6.6h
[53500/100000] loss 1.766 (pi 1.653 v 0.089 q 0.015 c 0.017) | plies 103 decisive 74% | buffer 200000 steps 97217 | 118.1 g/min eta 6.6h
[53525/100000] loss 1.767 (pi 1.654 v 0.090 q 0.015 c 0.017) | plies 103 decisive 72% | buffer 200000 steps 97264 | 118.1 g/min eta 6.6h
[53550/100000] loss 1.758 (pi 1.645 v 0.089 q 0.015 c 0.017) | plies 103 decisive 72% | buffer 200000 steps 97308 | 118.1 g/min eta 6.6h
[53575/100000] loss 1.759 (pi 1.646 v 0.090 q 0.015 c 0.017) | plies 101 decisive 74% | buffer 200000 steps 97357 | 118.1 g/min eta 6.6h
[53600/100000] loss 1.763 (pi 1.650 v 0.090 q 0.015 c 0.017) | plies 104 decisive 71% | buffer 200000 steps 97403 | 118.1 g/min eta 6.6h
[53625/100000] loss 1.758 (pi 1.644 v 0.090 q 0.015 c 0.018) | plies 105 decisive 70% | buffer 200000 steps 97443 | 118.1 g/min eta 6.5h
[53650/100000] loss 1.754 (pi 1.640 v 0.090 q 0.015 c 0.018) | plies 105 decisive 70% | buffer 200000 steps 97487 | 118.1 g/min eta 6.5h
[53675/100000] loss 1.758 (pi 1.644 v 0.090 q 0.015 c 0.017) | plies 104 decisive 72% | buffer 200000 steps 97526 | 118.1 g/min eta 6.5h
[53700/100000] loss 1.758 (pi 1.643 v 0.090 q 0.015 c 0.017) | plies 103 decisive 76% | buffer 200000 steps 97572 | 118.1 g/min eta 6.5h
[53725/100000] loss 1.759 (pi 1.645 v 0.090 q 0.015 c 0.018) | plies 101 decisive 78% | buffer 200000 steps 97613 | 118.1 g/min eta 6.5h
[53750/100000] loss 1.758 (pi 1.643 v 0.091 q 0.015 c 0.018) | plies 102 decisive 77% | buffer 200000 steps 97659 | 118.1 g/min eta 6.5h
[53775/100000] loss 1.758 (pi 1.643 v 0.091 q 0.015 c 0.018) | plies 102 decisive 77% | buffer 200000 steps 97704 | 118.1 g/min eta 6.5h
[53800/100000] loss 1.761 (pi 1.647 v 0.090 q 0.015 c 0.018) | plies 102 decisive 78% | buffer 200000 steps 97748 | 118.1 g/min eta 6.5h
[53825/100000] loss 1.757 (pi 1.643 v 0.090 q 0.015 c 0.018) | plies 104 decisive 76% | buffer 200000 steps 97795 | 118.1 g/min eta 6.5h
[53850/100000] loss 1.767 (pi 1.653 v 0.090 q 0.015 c 0.017) | plies 104 decisive 76% | buffer 200000 steps 97837 | 118.1 g/min eta 6.5h
[53875/100000] loss 1.769 (pi 1.656 v 0.089 q 0.015 c 0.017) | plies 106 decisive 74% | buffer 200000 steps 97881 | 118.1 g/min eta 6.5h
[53900/100000] loss 1.763 (pi 1.650 v 0.090 q 0.015 c 0.017) | plies 105 decisive 73% | buffer 200000 steps 97925 | 118.1 g/min eta 6.5h
[53925/100000] loss 1.765 (pi 1.652 v 0.090 q 0.015 c 0.017) | plies 106 decisive 73% | buffer 200000 steps 97970 | 118.1 g/min eta 6.5h
[53950/100000] loss 1.762 (pi 1.648 v 0.089 q 0.015 c 0.018) | plies 105 decisive 73% | buffer 200000 steps 98011 | 118.1 g/min eta 6.5h
[53975/100000] loss 1.763 (pi 1.649 v 0.089 q 0.015 c 0.018) | plies 103 decisive 75% | buffer 200000 steps 98054 | 118.1 g/min eta 6.5h
[54000/100000] loss 1.761 (pi 1.647 v 0.090 q 0.015 c 0.018) | plies 102 decisive 75% | buffer 200000 steps 98094 | 118.1 g/min eta 6.5h
  EVAL @54000: q-greedy 5-19-0 | policy-greedy 4-20-0 | search 8-0-0 (eval 24s)
[54025/100000] loss 1.755 (pi 1.641 v 0.090 q 0.015 c 0.018) | plies 100 decisive 78% | buffer 200000 steps 98138 | 118.0 g/min eta 6.5h
[54050/100000] loss 1.759 (pi 1.645 v 0.091 q 0.015 c 0.017) | plies 100 decisive 80% | buffer 200000 steps 98183 | 118.1 g/min eta 6.5h
[54075/100000] loss 1.766 (pi 1.649 v 0.092 q 0.015 c 0.018) | plies 98 decisive 82% | buffer 200000 steps 98226 | 118.1 g/min eta 6.5h
[54100/100000] loss 1.761 (pi 1.645 v 0.092 q 0.015 c 0.018) | plies 98 decisive 81% | buffer 200000 steps 98267 | 118.1 g/min eta 6.5h
[54125/100000] loss 1.758 (pi 1.642 v 0.091 q 0.015 c 0.018) | plies 98 decisive 80% | buffer 200000 steps 98310 | 118.1 g/min eta 6.5h
[54150/100000] loss 1.759 (pi 1.642 v 0.092 q 0.015 c 0.018) | plies 97 decisive 81% | buffer 200000 steps 98350 | 118.1 g/min eta 6.5h
[54175/100000] loss 1.765 (pi 1.649 v 0.092 q 0.015 c 0.017) | plies 99 decisive 78% | buffer 200000 steps 98393 | 118.1 g/min eta 6.5h
[54200/100000] loss 1.764 (pi 1.649 v 0.091 q 0.015 c 0.017) | plies 99 decisive 79% | buffer 200000 steps 98440 | 118.1 g/min eta 6.5h
[54225/100000] loss 1.765 (pi 1.650 v 0.092 q 0.015 c 0.017) | plies 99 decisive 78% | buffer 200000 steps 98483 | 118.1 g/min eta 6.5h
[54250/100000] loss 1.762 (pi 1.647 v 0.092 q 0.015 c 0.017) | plies 101 decisive 76% | buffer 200000 steps 98531 | 118.1 g/min eta 6.5h
[54275/100000] loss 1.759 (pi 1.644 v 0.091 q 0.015 c 0.018) | plies 102 decisive 76% | buffer 200000 steps 98575 | 118.1 g/min eta 6.5h
[54300/100000] loss 1.759 (pi 1.643 v 0.092 q 0.015 c 0.017) | plies 104 decisive 74% | buffer 200000 steps 98621 | 118.1 g/min eta 6.4h
[54325/100000] loss 1.762 (pi 1.647 v 0.091 q 0.015 c 0.017) | plies 104 decisive 74% | buffer 200000 steps 98666 | 118.1 g/min eta 6.4h
[54350/100000] loss 1.768 (pi 1.653 v 0.091 q 0.015 c 0.017) | plies 107 decisive 71% | buffer 200000 steps 98708 | 118.1 g/min eta 6.4h
[54375/100000] loss 1.769 (pi 1.653 v 0.091 q 0.015 c 0.018) | plies 106 decisive 72% | buffer 200000 steps 98752 | 118.1 g/min eta 6.4h
[54400/100000] loss 1.771 (pi 1.655 v 0.092 q 0.015 c 0.017) | plies 104 decisive 72% | buffer 200000 steps 98791 | 118.2 g/min eta 6.4h
[54425/100000] loss 1.769 (pi 1.653 v 0.092 q 0.015 c 0.018) | plies 104 decisive 72% | buffer 200000 steps 98831 | 118.2 g/min eta 6.4h
[54450/100000] loss 1.767 (pi 1.649 v 0.093 q 0.015 c 0.018) | plies 103 decisive 73% | buffer 200000 steps 98875 | 118.1 g/min eta 6.4h
[54475/100000] loss 1.762 (pi 1.646 v 0.092 q 0.015 c 0.018) | plies 104 decisive 72% | buffer 200000 steps 98921 | 118.1 g/min eta 6.4h
[54500/100000] loss 1.764 (pi 1.647 v 0.092 q 0.015 c 0.019) | plies 102 decisive 74% | buffer 200000 steps 98961 | 118.1 g/min eta 6.4h
[54525/100000] loss 1.762 (pi 1.646 v 0.092 q 0.015 c 0.018) | plies 102 decisive 74% | buffer 200000 steps 99009 | 118.2 g/min eta 6.4h
[54550/100000] loss 1.767 (pi 1.651 v 0.092 q 0.015 c 0.018) | plies 102 decisive 77% | buffer 200000 steps 99059 | 118.1 g/min eta 6.4h
[54575/100000] loss 1.766 (pi 1.650 v 0.092 q 0.015 c 0.017) | plies 102 decisive 78% | buffer 200000 steps 99105 | 118.1 g/min eta 6.4h
[54600/100000] loss 1.768 (pi 1.653 v 0.091 q 0.015 c 0.017) | plies 105 decisive 76% | buffer 200000 steps 99148 | 118.1 g/min eta 6.4h
[54625/100000] loss 1.765 (pi 1.650 v 0.091 q 0.015 c 0.017) | plies 106 decisive 76% | buffer 200000 steps 99190 | 118.1 g/min eta 6.4h
[54650/100000] loss 1.766 (pi 1.651 v 0.091 q 0.015 c 0.017) | plies 108 decisive 74% | buffer 200000 steps 99237 | 118.1 g/min eta 6.4h
[54675/100000] loss 1.767 (pi 1.652 v 0.092 q 0.015 c 0.017) | plies 106 decisive 76% | buffer 200000 steps 99277 | 118.1 g/min eta 6.4h
[54700/100000] loss 1.767 (pi 1.652 v 0.091 q 0.015 c 0.017) | plies 107 decisive 75% | buffer 200000 steps 99324 | 118.1 g/min eta 6.4h
[54725/100000] loss 1.769 (pi 1.654 v 0.092 q 0.015 c 0.017) | plies 106 decisive 74% | buffer 200000 steps 99367 | 118.1 g/min eta 6.4h
[54750/100000] loss 1.766 (pi 1.651 v 0.092 q 0.015 c 0.017) | plies 104 decisive 75% | buffer 200000 steps 99409 | 118.2 g/min eta 6.4h
[54775/100000] loss 1.762 (pi 1.647 v 0.092 q 0.015 c 0.017) | plies 104 decisive 76% | buffer 200000 steps 99457 | 118.2 g/min eta 6.4h
[54800/100000] loss 1.768 (pi 1.652 v 0.092 q 0.015 c 0.017) | plies 104 decisive 76% | buffer 200000 steps 99507 | 118.2 g/min eta 6.4h
[54825/100000] loss 1.771 (pi 1.654 v 0.093 q 0.015 c 0.017) | plies 103 decisive 78% | buffer 200000 steps 99549 | 118.2 g/min eta 6.4h
[54850/100000] loss 1.767 (pi 1.650 v 0.093 q 0.015 c 0.017) | plies 102 decisive 78% | buffer 200000 steps 99595 | 118.2 g/min eta 6.4h
[54875/100000] loss 1.772 (pi 1.655 v 0.093 q 0.015 c 0.017) | plies 103 decisive 77% | buffer 200000 steps 99641 | 118.2 g/min eta 6.4h
[54900/100000] loss 1.766 (pi 1.648 v 0.094 q 0.015 c 0.018) | plies 101 decisive 80% | buffer 200000 steps 99682 | 118.2 g/min eta 6.4h
[54925/100000] loss 1.764 (pi 1.646 v 0.093 q 0.015 c 0.018) | plies 99 decisive 80% | buffer 200000 steps 99720 | 118.2 g/min eta 6.4h
[54950/100000] loss 1.766 (pi 1.649 v 0.093 q 0.015 c 0.017) | plies 99 decisive 80% | buffer 200000 steps 99760 | 118.2 g/min eta 6.4h
[54975/100000] loss 1.772 (pi 1.654 v 0.094 q 0.015 c 0.018) | plies 98 decisive 77% | buffer 200000 steps 99797 | 118.2 g/min eta 6.3h
[55000/100000] loss 1.770 (pi 1.652 v 0.094 q 0.015 c 0.018) | plies 98 decisive 76% | buffer 200000 steps 99845 | 118.2 g/min eta 6.3h
  EVAL @55000: q-greedy 5-19-0 | policy-greedy 9-15-0 | search 8-0-0 (eval 26s)
[55025/100000] loss 1.775 (pi 1.657 v 0.094 q 0.015 c 0.018) | plies 100 decisive 74% | buffer 200000 steps 99889 | 118.1 g/min eta 6.3h
[55050/100000] loss 1.769 (pi 1.651 v 0.094 q 0.015 c 0.018) | plies 100 decisive 74% | buffer 200000 steps 99936 | 118.1 g/min eta 6.3h
[55075/100000] loss 1.778 (pi 1.660 v 0.094 q 0.015 c 0.018) | plies 102 decisive 72% | buffer 200000 steps 99990 | 118.1 g/min eta 6.3h
[55100/100000] loss 1.775 (pi 1.657 v 0.094 q 0.015 c 0.018) | plies 105 decisive 69% | buffer 200000 steps 100033 | 118.1 g/min eta 6.3h
[55125/100000] loss 1.772 (pi 1.655 v 0.093 q 0.015 c 0.017) | plies 108 decisive 68% | buffer 200000 steps 100080 | 118.2 g/min eta 6.3h
[55150/100000] loss 1.772 (pi 1.656 v 0.092 q 0.015 c 0.018) | plies 110 decisive 68% | buffer 200000 steps 100126 | 118.2 g/min eta 6.3h
[55175/100000] loss 1.766 (pi 1.649 v 0.093 q 0.015 c 0.018) | plies 111 decisive 70% | buffer 200000 steps 100170 | 118.2 g/min eta 6.3h
[55200/100000] loss 1.765 (pi 1.649 v 0.092 q 0.015 c 0.018) | plies 109 decisive 71% | buffer 200000 steps 100210 | 118.2 g/min eta 6.3h
[55225/100000] loss 1.765 (pi 1.649 v 0.093 q 0.015 c 0.018) | plies 108 decisive 72% | buffer 200000 steps 100249 | 118.2 g/min eta 6.3h
[55250/100000] loss 1.769 (pi 1.652 v 0.093 q 0.015 c 0.018) | plies 108 decisive 72% | buffer 200000 steps 100296 | 118.2 g/min eta 6.3h
[55275/100000] loss 1.770 (pi 1.654 v 0.092 q 0.015 c 0.018) | plies 104 decisive 75% | buffer 200000 steps 100338 | 118.2 g/min eta 6.3h
[55300/100000] loss 1.767 (pi 1.651 v 0.092 q 0.016 c 0.018) | plies 102 decisive 78% | buffer 200000 steps 100379 | 118.2 g/min eta 6.3h
[55325/100000] loss 1.763 (pi 1.647 v 0.092 q 0.015 c 0.018) | plies 103 decisive 76% | buffer 200000 steps 100426 | 118.2 g/min eta 6.3h
[55350/100000] loss 1.765 (pi 1.649 v 0.092 q 0.015 c 0.017) | plies 103 decisive 76% | buffer 200000 steps 100474 | 118.2 g/min eta 6.3h
[55375/100000] loss 1.778 (pi 1.662 v 0.092 q 0.015 c 0.018) | plies 102 decisive 75% | buffer 200000 steps 100516 | 118.2 g/min eta 6.3h
[55400/100000] loss 1.776 (pi 1.660 v 0.092 q 0.015 c 0.018) | plies 103 decisive 74% | buffer 200000 steps 100563 | 118.2 g/min eta 6.3h
[55425/100000] loss 1.775 (pi 1.659 v 0.092 q 0.015 c 0.018) | plies 104 decisive 73% | buffer 200000 steps 100605 | 118.2 g/min eta 6.3h
[55450/100000] loss 1.771 (pi 1.655 v 0.092 q 0.015 c 0.018) | plies 103 decisive 73% | buffer 200000 steps 100646 | 118.2 g/min eta 6.3h
[55475/100000] loss 1.774 (pi 1.659 v 0.091 q 0.015 c 0.018) | plies 105 decisive 70% | buffer 200000 steps 100691 | 118.2 g/min eta 6.3h
[55500/100000] loss 1.779 (pi 1.664 v 0.092 q 0.015 c 0.018) | plies 106 decisive 70% | buffer 200000 steps 100735 | 118.2 g/min eta 6.3h
[55525/100000] loss 1.779 (pi 1.664 v 0.091 q 0.015 c 0.018) | plies 104 decisive 72% | buffer 200000 steps 100779 | 118.2 g/min eta 6.3h
[55550/100000] loss 1.780 (pi 1.666 v 0.090 q 0.015 c 0.018) | plies 106 decisive 70% | buffer 200000 steps 100827 | 118.2 g/min eta 6.3h
[55575/100000] loss 1.777 (pi 1.661 v 0.092 q 0.015 c 0.018) | plies 108 decisive 69% | buffer 200000 steps 100870 | 118.2 g/min eta 6.3h
[55600/100000] loss 1.777 (pi 1.662 v 0.091 q 0.015 c 0.018) | plies 107 decisive 70% | buffer 200000 steps 100913 | 118.2 g/min eta 6.3h
[55625/100000] loss 1.775 (pi 1.661 v 0.091 q 0.015 c 0.018) | plies 108 decisive 70% | buffer 200000 steps 100958 | 118.2 g/min eta 6.3h
[55650/100000] loss 1.784 (pi 1.669 v 0.090 q 0.015 c 0.018) | plies 107 decisive 72% | buffer 200000 steps 101001 | 118.2 g/min eta 6.3h
[55675/100000] loss 1.781 (pi 1.667 v 0.091 q 0.015 c 0.018) | plies 106 decisive 72% | buffer 200000 steps 101044 | 118.2 g/min eta 6.3h
[55700/100000] loss 1.787 (pi 1.672 v 0.091 q 0.015 c 0.018) | plies 106 decisive 72% | buffer 200000 steps 101092 | 118.2 g/min eta 6.2h
[55725/100000] loss 1.784 (pi 1.670 v 0.090 q 0.015 c 0.018) | plies 106 decisive 72% | buffer 200000 steps 101138 | 118.2 g/min eta 6.2h
[55750/100000] loss 1.780 (pi 1.667 v 0.089 q 0.015 c 0.018) | plies 104 decisive 74% | buffer 200000 steps 101186 | 118.2 g/min eta 6.2h
[55775/100000] loss 1.783 (pi 1.669 v 0.090 q 0.015 c 0.019) | plies 105 decisive 74% | buffer 200000 steps 101236 | 118.2 g/min eta 6.2h
[55800/100000] loss 1.779 (pi 1.665 v 0.089 q 0.015 c 0.019) | plies 104 decisive 76% | buffer 200000 steps 101282 | 118.2 g/min eta 6.2h
[55825/100000] loss 1.783 (pi 1.669 v 0.090 q 0.015 c 0.019) | plies 104 decisive 78% | buffer 200000 steps 101328 | 118.2 g/min eta 6.2h
[55850/100000] loss 1.778 (pi 1.664 v 0.090 q 0.015 c 0.018) | plies 106 decisive 75% | buffer 200000 steps 101373 | 118.2 g/min eta 6.2h
[55875/100000] loss 1.777 (pi 1.664 v 0.089 q 0.015 c 0.018) | plies 106 decisive 76% | buffer 200000 steps 101415 | 118.2 g/min eta 6.2h
[55900/100000] loss 1.783 (pi 1.669 v 0.090 q 0.015 c 0.018) | plies 107 decisive 74% | buffer 200000 steps 101460 | 118.2 g/min eta 6.2h
[55925/100000] loss 1.782 (pi 1.667 v 0.090 q 0.015 c 0.018) | plies 108 decisive 76% | buffer 200000 steps 101509 | 118.2 g/min eta 6.2h
[55950/100000] loss 1.779 (pi 1.665 v 0.090 q 0.015 c 0.018) | plies 107 decisive 78% | buffer 200000 steps 101550 | 118.2 g/min eta 6.2h
[55975/100000] loss 1.784 (pi 1.669 v 0.090 q 0.015 c 0.019) | plies 105 decisive 77% | buffer 200000 steps 101594 | 118.2 g/min eta 6.2h
[56000/100000] loss 1.780 (pi 1.666 v 0.090 q 0.015 c 0.019) | plies 106 decisive 76% | buffer 200000 steps 101638 | 118.2 g/min eta 6.2h
  EVAL @56000: q-greedy 9-15-0 | policy-greedy 5-19-0 | search 8-0-0 (eval 30s)
[56025/100000] loss 1.790 (pi 1.676 v 0.090 q 0.015 c 0.018) | plies 105 decisive 75% | buffer 200000 steps 101682 | 118.1 g/min eta 6.2h
[56050/100000] loss 1.791 (pi 1.677 v 0.090 q 0.015 c 0.018) | plies 105 decisive 76% | buffer 200000 steps 101728 | 118.1 g/min eta 6.2h
[56075/100000] loss 1.793 (pi 1.678 v 0.091 q 0.015 c 0.019) | plies 106 decisive 77% | buffer 200000 steps 101772 | 118.1 g/min eta 6.2h
[56100/100000] loss 1.787 (pi 1.672 v 0.090 q 0.015 c 0.019) | plies 105 decisive 78% | buffer 200000 steps 101822 | 118.2 g/min eta 6.2h
[56125/100000] loss 1.785 (pi 1.671 v 0.090 q 0.015 c 0.018) | plies 104 decisive 75% | buffer 200000 steps 101869 | 118.2 g/min eta 6.2h
[56150/100000] loss 1.785 (pi 1.670 v 0.091 q 0.015 c 0.019) | plies 106 decisive 74% | buffer 200000 steps 101919 | 118.2 g/min eta 6.2h
[56175/100000] loss 1.785 (pi 1.670 v 0.091 q 0.015 c 0.018) | plies 105 decisive 76% | buffer 200000 steps 101959 | 118.2 g/min eta 6.2h
[56200/100000] loss 1.786 (pi 1.672 v 0.091 q 0.015 c 0.018) | plies 104 decisive 77% | buffer 200000 steps 102000 | 118.2 g/min eta 6.2h
[56225/100000] loss 1.789 (pi 1.674 v 0.092 q 0.015 c 0.018) | plies 103 decisive 78% | buffer 200000 steps 102044 | 118.2 g/min eta 6.2h
[56250/100000] loss 1.794 (pi 1.678 v 0.092 q 0.015 c 0.018) | plies 103 decisive 77% | buffer 200000 steps 102090 | 118.2 g/min eta 6.2h
[56275/100000] loss 1.793 (pi 1.678 v 0.091 q 0.015 c 0.018) | plies 104 decisive 76% | buffer 200000 steps 102139 | 118.2 g/min eta 6.2h
[56300/100000] loss 1.797 (pi 1.680 v 0.092 q 0.015 c 0.018) | plies 105 decisive 75% | buffer 200000 steps 102183 | 118.2 g/min eta 6.2h
[56325/100000] loss 1.798 (pi 1.682 v 0.092 q 0.015 c 0.018) | plies 106 decisive 75% | buffer 200000 steps 102230 | 118.2 g/min eta 6.2h
[56350/100000] loss 1.802 (pi 1.686 v 0.092 q 0.015 c 0.017) | plies 105 decisive 75% | buffer 200000 steps 102272 | 118.2 g/min eta 6.2h
[56375/100000] loss 1.806 (pi 1.690 v 0.092 q 0.015 c 0.017) | plies 106 decisive 74% | buffer 200000 steps 102318 | 118.2 g/min eta 6.2h
[56400/100000] loss 1.805 (pi 1.690 v 0.091 q 0.015 c 0.017) | plies 108 decisive 72% | buffer 200000 steps 102361 | 118.2 g/min eta 6.1h
[56425/100000] loss 1.802 (pi 1.687 v 0.092 q 0.015 c 0.017) | plies 108 decisive 72% | buffer 200000 steps 102402 | 118.2 g/min eta 6.1h
[56450/100000] loss 1.796 (pi 1.682 v 0.091 q 0.015 c 0.017) | plies 107 decisive 72% | buffer 200000 steps 102442 | 118.2 g/min eta 6.1h
[56475/100000] loss 1.795 (pi 1.680 v 0.090 q 0.015 c 0.017) | plies 106 decisive 71% | buffer 200000 steps 102486 | 118.2 g/min eta 6.1h
[56500/100000] loss 1.788 (pi 1.674 v 0.091 q 0.015 c 0.017) | plies 104 decisive 72% | buffer 200000 steps 102528 | 118.2 g/min eta 6.1h
[56525/100000] loss 1.788 (pi 1.674 v 0.090 q 0.015 c 0.017) | plies 103 decisive 72% | buffer 200000 steps 102569 | 118.2 g/min eta 6.1h
[56550/100000] loss 1.793 (pi 1.679 v 0.090 q 0.015 c 0.018) | plies 104 decisive 72% | buffer 200000 steps 102616 | 118.2 g/min eta 6.1h
[56575/100000] loss 1.790 (pi 1.676 v 0.090 q 0.015 c 0.018) | plies 103 decisive 72% | buffer 200000 steps 102660 | 118.2 g/min eta 6.1h
[56600/100000] loss 1.794 (pi 1.680 v 0.090 q 0.015 c 0.017) | plies 103 decisive 72% | buffer 200000 steps 102705 | 118.2 g/min eta 6.1h
[56625/100000] loss 1.792 (pi 1.679 v 0.090 q 0.015 c 0.017) | plies 104 decisive 72% | buffer 200000 steps 102752 | 118.2 g/min eta 6.1h
[56650/100000] loss 1.783 (pi 1.670 v 0.089 q 0.015 c 0.017) | plies 104 decisive 72% | buffer 200000 steps 102795 | 118.2 g/min eta 6.1h
[56675/100000] loss 1.780 (pi 1.668 v 0.089 q 0.014 c 0.017) | plies 103 decisive 74% | buffer 200000 steps 102838 | 118.2 g/min eta 6.1h
[56700/100000] loss 1.793 (pi 1.679 v 0.090 q 0.015 c 0.018) | plies 104 decisive 74% | buffer 200000 steps 102880 | 118.2 g/min eta 6.1h
[56725/100000] loss 1.794 (pi 1.682 v 0.089 q 0.015 c 0.018) | plies 103 decisive 75% | buffer 200000 steps 102922 | 118.2 g/min eta 6.1h
[56750/100000] loss 1.791 (pi 1.678 v 0.089 q 0.015 c 0.018) | plies 99 decisive 78% | buffer 200000 steps 102961 | 118.2 g/min eta 6.1h
[56775/100000] loss 1.794 (pi 1.681 v 0.090 q 0.015 c 0.017) | plies 99 decisive 78% | buffer 200000 steps 103001 | 118.2 g/min eta 6.1h
[56800/100000] loss 1.798 (pi 1.683 v 0.091 q 0.015 c 0.017) | plies 100 decisive 77% | buffer 200000 steps 103046 | 118.2 g/min eta 6.1h
[56825/100000] loss 1.792 (pi 1.677 v 0.091 q 0.015 c 0.017) | plies 99 decisive 78% | buffer 200000 steps 103088 | 118.3 g/min eta 6.1h
[56850/100000] loss 1.793 (pi 1.679 v 0.091 q 0.015 c 0.017) | plies 98 decisive 80% | buffer 200000 steps 103139 | 118.3 g/min eta 6.1h
[56875/100000] loss 1.789 (pi 1.675 v 0.091 q 0.015 c 0.017) | plies 100 decisive 76% | buffer 200000 steps 103185 | 118.2 g/min eta 6.1h
[56900/100000] loss 1.788 (pi 1.674 v 0.091 q 0.015 c 0.017) | plies 101 decisive 76% | buffer 200000 steps 103234 | 118.3 g/min eta 6.1h
[56925/100000] loss 1.800 (pi 1.685 v 0.091 q 0.015 c 0.018) | plies 103 decisive 75% | buffer 200000 steps 103275 | 118.3 g/min eta 6.1h
[56950/100000] loss 1.798 (pi 1.684 v 0.091 q 0.015 c 0.017) | plies 105 decisive 74% | buffer 200000 steps 103319 | 118.3 g/min eta 6.1h
[56975/100000] loss 1.798 (pi 1.684 v 0.090 q 0.015 c 0.017) | plies 105 decisive 72% | buffer 200000 steps 103358 | 118.3 g/min eta 6.1h
[57000/100000] loss 1.797 (pi 1.683 v 0.090 q 0.015 c 0.017) | plies 102 decisive 76% | buffer 200000 steps 103397 | 118.3 g/min eta 6.1h
  EVAL @57000: q-greedy 7-17-0 | policy-greedy 9-15-0 | search 8-0-0 (eval 23s)
[57025/100000] loss 1.794 (pi 1.681 v 0.090 q 0.015 c 0.017) | plies 102 decisive 76% | buffer 200000 steps 103439 | 118.2 g/min eta 6.1h
[57050/100000] loss 1.795 (pi 1.681 v 0.091 q 0.015 c 0.017) | plies 102 decisive 76% | buffer 200000 steps 103480 | 118.2 g/min eta 6.1h
[57075/100000] loss 1.794 (pi 1.680 v 0.091 q 0.015 c 0.017) | plies 101 decisive 77% | buffer 200000 steps 103525 | 118.2 g/min eta 6.1h
[57100/100000] loss 1.797 (pi 1.683 v 0.091 q 0.015 c 0.018) | plies 99 decisive 80% | buffer 200000 steps 103566 | 118.3 g/min eta 6.0h
[57125/100000] loss 1.799 (pi 1.685 v 0.091 q 0.015 c 0.018) | plies 98 decisive 80% | buffer 200000 steps 103609 | 118.3 g/min eta 6.0h
[57150/100000] loss 1.798 (pi 1.684 v 0.091 q 0.015 c 0.018) | plies 98 decisive 80% | buffer 200000 steps 103650 | 118.3 g/min eta 6.0h
[57175/100000] loss 1.798 (pi 1.683 v 0.091 q 0.015 c 0.017) | plies 99 decisive 80% | buffer 200000 steps 103695 | 118.3 g/min eta 6.0h
[57200/100000] loss 1.805 (pi 1.690 v 0.092 q 0.015 c 0.017) | plies 99 decisive 80% | buffer 200000 steps 103735 | 118.3 g/min eta 6.0h
[57225/100000] loss 1.800 (pi 1.685 v 0.091 q 0.015 c 0.018) | plies 99 decisive 80% | buffer 200000 steps 103773 | 118.3 g/min eta 6.0h
[57250/100000] loss 1.796 (pi 1.679 v 0.094 q 0.015 c 0.018) | plies 101 decisive 78% | buffer 200000 steps 103818 | 118.3 g/min eta 6.0h
[57275/100000] loss 1.802 (pi 1.686 v 0.093 q 0.015 c 0.017) | plies 101 decisive 78% | buffer 200000 steps 103865 | 118.3 g/min eta 6.0h
[57300/100000] loss 1.803 (pi 1.687 v 0.092 q 0.015 c 0.017) | plies 102 decisive 76% | buffer 200000 steps 103908 | 118.3 g/min eta 6.0h
[57325/100000] loss 1.807 (pi 1.690 v 0.093 q 0.015 c 0.017) | plies 102 decisive 76% | buffer 200000 steps 103951 | 118.3 g/min eta 6.0h
[57350/100000] loss 1.799 (pi 1.682 v 0.093 q 0.015 c 0.017) | plies 104 decisive 75% | buffer 200000 steps 103997 | 118.3 g/min eta 6.0h
[57375/100000] loss 1.795 (pi 1.678 v 0.093 q 0.015 c 0.017) | plies 104 decisive 75% | buffer 200000 steps 104040 | 118.3 g/min eta 6.0h
[57400/100000] loss 1.786 (pi 1.670 v 0.093 q 0.015 c 0.017) | plies 104 decisive 75% | buffer 200000 steps 104080 | 118.3 g/min eta 6.0h
[57425/100000] loss 1.788 (pi 1.671 v 0.093 q 0.015 c 0.017) | plies 105 decisive 74% | buffer 200000 steps 104125 | 118.3 g/min eta 6.0h
[57450/100000] loss 1.791 (pi 1.674 v 0.094 q 0.015 c 0.017) | plies 104 decisive 74% | buffer 200000 steps 104167 | 118.3 g/min eta 6.0h
[57475/100000] loss 1.797 (pi 1.681 v 0.093 q 0.015 c 0.017) | plies 104 decisive 74% | buffer 200000 steps 104212 | 118.3 g/min eta 6.0h
[57500/100000] loss 1.796 (pi 1.679 v 0.093 q 0.015 c 0.017) | plies 105 decisive 73% | buffer 200000 steps 104251 | 118.3 g/min eta 6.0h
[57525/100000] loss 1.798 (pi 1.682 v 0.093 q 0.015 c 0.017) | plies 105 decisive 72% | buffer 200000 steps 104292 | 118.3 g/min eta 6.0h
[57550/100000] loss 1.798 (pi 1.682 v 0.093 q 0.015 c 0.017) | plies 104 decisive 72% | buffer 200000 steps 104337 | 118.3 g/min eta 6.0h
[57575/100000] loss 1.798 (pi 1.683 v 0.093 q 0.014 c 0.017) | plies 104 decisive 73% | buffer 200000 steps 104382 | 118.3 g/min eta 6.0h
[57600/100000] loss 1.803 (pi 1.686 v 0.093 q 0.015 c 0.017) | plies 104 decisive 72% | buffer 200000 steps 104429 | 118.3 g/min eta 6.0h
[57625/100000] loss 1.798 (pi 1.682 v 0.093 q 0.015 c 0.017) | plies 102 decisive 72% | buffer 200000 steps 104470 | 118.3 g/min eta 6.0h
[57650/100000] loss 1.795 (pi 1.679 v 0.093 q 0.015 c 0.017) | plies 103 decisive 73% | buffer 200000 steps 104514 | 118.3 g/min eta 6.0h
[57675/100000] loss 1.798 (pi 1.682 v 0.093 q 0.015 c 0.017) | plies 102 decisive 74% | buffer 200000 steps 104556 | 118.3 g/min eta 6.0h
[57700/100000] loss 1.798 (pi 1.682 v 0.093 q 0.015 c 0.017) | plies 101 decisive 76% | buffer 200000 steps 104596 | 118.3 g/min eta 6.0h
[57725/100000] loss 1.804 (pi 1.687 v 0.093 q 0.015 c 0.017) | plies 102 decisive 76% | buffer 200000 steps 104642 | 118.3 g/min eta 6.0h
[57750/100000] loss 1.799 (pi 1.683 v 0.093 q 0.015 c 0.017) | plies 101 decisive 78% | buffer 200000 steps 104687 | 118.3 g/min eta 6.0h
[57775/100000] loss 1.791 (pi 1.674 v 0.093 q 0.015 c 0.017) | plies 103 decisive 75% | buffer 200000 steps 104735 | 118.3 g/min eta 5.9h
[57800/100000] loss 1.797 (pi 1.679 v 0.094 q 0.015 c 0.017) | plies 104 decisive 76% | buffer 200000 steps 104780 | 118.3 g/min eta 5.9h
[57825/100000] loss 1.797 (pi 1.681 v 0.093 q 0.015 c 0.017) | plies 106 decisive 74% | buffer 200000 steps 104826 | 118.3 g/min eta 5.9h
[57850/100000] loss 1.791 (pi 1.674 v 0.093 q 0.015 c 0.017) | plies 107 decisive 72% | buffer 200000 steps 104866 | 118.3 g/min eta 5.9h
[57875/100000] loss 1.791 (pi 1.676 v 0.092 q 0.015 c 0.017) | plies 107 decisive 70% | buffer 200000 steps 104910 | 118.3 g/min eta 5.9h
[57900/100000] loss 1.792 (pi 1.677 v 0.092 q 0.015 c 0.017) | plies 108 decisive 70% | buffer 200000 steps 104954 | 118.3 g/min eta 5.9h
[57925/100000] loss 1.794 (pi 1.680 v 0.091 q 0.015 c 0.017) | plies 108 decisive 72% | buffer 200000 steps 105001 | 118.3 g/min eta 5.9h
[57950/100000] loss 1.797 (pi 1.682 v 0.092 q 0.015 c 0.017) | plies 106 decisive 73% | buffer 200000 steps 105041 | 118.3 g/min eta 5.9h
[57975/100000] loss 1.803 (pi 1.688 v 0.092 q 0.015 c 0.017) | plies 104 decisive 74% | buffer 200000 steps 105083 | 118.3 g/min eta 5.9h
[58000/100000] loss 1.802 (pi 1.686 v 0.092 q 0.015 c 0.017) | plies 103 decisive 75% | buffer 200000 steps 105125 | 118.3 g/min eta 5.9h
  EVAL @58000: q-greedy 5-19-0 | policy-greedy 4-20-0 | search 8-0-0 (eval 24s)
[58025/100000] loss 1.798 (pi 1.684 v 0.092 q 0.015 c 0.016) | plies 103 decisive 75% | buffer 200000 steps 105170 | 118.2 g/min eta 5.9h
[58050/100000] loss 1.799 (pi 1.684 v 0.092 q 0.015 c 0.017) | plies 101 decisive 76% | buffer 200000 steps 105210 | 118.3 g/min eta 5.9h
[58075/100000] loss 1.798 (pi 1.684 v 0.091 q 0.015 c 0.017) | plies 102 decisive 78% | buffer 200000 steps 105260 | 118.3 g/min eta 5.9h
[58100/100000] loss 1.794 (pi 1.680 v 0.091 q 0.015 c 0.017) | plies 104 decisive 75% | buffer 200000 steps 105309 | 118.3 g/min eta 5.9h
[58125/100000] loss 1.794 (pi 1.679 v 0.091 q 0.015 c 0.017) | plies 102 decisive 78% | buffer 200000 steps 105355 | 118.3 g/min eta 5.9h
[58150/100000] loss 1.795 (pi 1.680 v 0.091 q 0.015 c 0.017) | plies 103 decisive 75% | buffer 200000 steps 105394 | 118.3 g/min eta 5.9h
[58175/100000] loss 1.788 (pi 1.673 v 0.092 q 0.015 c 0.017) | plies 103 decisive 74% | buffer 200000 steps 105432 | 118.3 g/min eta 5.9h
[58200/100000] loss 1.787 (pi 1.672 v 0.092 q 0.015 c 0.018) | plies 105 decisive 72% | buffer 200000 steps 105479 | 118.3 g/min eta 5.9h
[58225/100000] loss 1.794 (pi 1.678 v 0.092 q 0.015 c 0.018) | plies 103 decisive 74% | buffer 200000 steps 105520 | 118.3 g/min eta 5.9h
[58250/100000] loss 1.786 (pi 1.671 v 0.091 q 0.015 c 0.017) | plies 104 decisive 74% | buffer 200000 steps 105565 | 118.4 g/min eta 5.9h
[58275/100000] loss 1.790 (pi 1.675 v 0.092 q 0.015 c 0.017) | plies 103 decisive 74% | buffer 200000 steps 105613 | 118.4 g/min eta 5.9h
[58300/100000] loss 1.792 (pi 1.677 v 0.092 q 0.015 c 0.017) | plies 101 decisive 76% | buffer 200000 steps 105652 | 118.4 g/min eta 5.9h
[58325/100000] loss 1.787 (pi 1.672 v 0.092 q 0.015 c 0.017) | plies 101 decisive 73% | buffer 200000 steps 105696 | 118.4 g/min eta 5.9h
[58350/100000] loss 1.787 (pi 1.672 v 0.092 q 0.014 c 0.017) | plies 101 decisive 74% | buffer 200000 steps 105738 | 118.4 g/min eta 5.9h
[58375/100000] loss 1.788 (pi 1.673 v 0.092 q 0.014 c 0.017) | plies 101 decisive 74% | buffer 200000 steps 105779 | 118.4 g/min eta 5.9h
[58400/100000] loss 1.787 (pi 1.673 v 0.091 q 0.014 c 0.017) | plies 100 decisive 76% | buffer 200000 steps 105823 | 118.4 g/min eta 5.9h
[58425/100000] loss 1.789 (pi 1.675 v 0.091 q 0.014 c 0.017) | plies 99 decisive 77% | buffer 200000 steps 105861 | 118.4 g/min eta 5.9h
[58450/100000] loss 1.788 (pi 1.673 v 0.091 q 0.015 c 0.017) | plies 99 decisive 78% | buffer 200000 steps 105904 | 118.4 g/min eta 5.8h
[58475/100000] loss 1.784 (pi 1.670 v 0.091 q 0.015 c 0.017) | plies 98 decisive 78% | buffer 200000 steps 105948 | 118.4 g/min eta 5.8h
[58500/100000] loss 1.787 (pi 1.673 v 0.092 q 0.014 c 0.017) | plies 97 decisive 80% | buffer 200000 steps 105989 | 118.4 g/min eta 5.8h
[58525/100000] loss 1.788 (pi 1.675 v 0.091 q 0.014 c 0.017) | plies 97 decisive 81% | buffer 200000 steps 106029 | 118.4 g/min eta 5.8h
[58550/100000] loss 1.791 (pi 1.677 v 0.091 q 0.014 c 0.017) | plies 97 decisive 81% | buffer 200000 steps 106074 | 118.4 g/min eta 5.8h
[58575/100000] loss 1.784 (pi 1.671 v 0.091 q 0.014 c 0.017) | plies 97 decisive 82% | buffer 200000 steps 106113 | 118.4 g/min eta 5.8h
[58600/100000] loss 1.783 (pi 1.669 v 0.091 q 0.014 c 0.017) | plies 96 decisive 82% | buffer 200000 steps 106153 | 118.4 g/min eta 5.8h
[58625/100000] loss 1.784 (pi 1.670 v 0.092 q 0.014 c 0.016) | plies 99 decisive 81% | buffer 200000 steps 106197 | 118.4 g/min eta 5.8h
[58650/100000] loss 1.785 (pi 1.670 v 0.093 q 0.014 c 0.016) | plies 99 decisive 80% | buffer 200000 steps 106238 | 118.4 g/min eta 5.8h
[58675/100000] loss 1.792 (pi 1.677 v 0.093 q 0.014 c 0.016) | plies 97 decisive 80% | buffer 200000 steps 106282 | 118.4 g/min eta 5.8h
[58700/100000] loss 1.787 (pi 1.673 v 0.092 q 0.014 c 0.016) | plies 99 decisive 78% | buffer 200000 steps 106329 | 118.4 g/min eta 5.8h
[58725/100000] loss 1.791 (pi 1.677 v 0.092 q 0.014 c 0.016) | plies 101 decisive 78% | buffer 200000 steps 106375 | 118.4 g/min eta 5.8h
[58750/100000] loss 1.788 (pi 1.672 v 0.093 q 0.014 c 0.017) | plies 101 decisive 77% | buffer 200000 steps 106417 | 118.4 g/min eta 5.8h
[58775/100000] loss 1.787 (pi 1.673 v 0.092 q 0.015 c 0.017) | plies 105 decisive 74% | buffer 200000 steps 106464 | 118.4 g/min eta 5.8h
[58800/100000] loss 1.788 (pi 1.672 v 0.092 q 0.015 c 0.017) | plies 104 decisive 74% | buffer 200000 steps 106506 | 118.4 g/min eta 5.8h
[58825/100000] loss 1.784 (pi 1.669 v 0.092 q 0.015 c 0.017) | plies 105 decisive 72% | buffer 200000 steps 106549 | 118.4 g/min eta 5.8h
[58850/100000] loss 1.774 (pi 1.659 v 0.093 q 0.014 c 0.017) | plies 107 decisive 72% | buffer 200000 steps 106596 | 118.4 g/min eta 5.8h
[58875/100000] loss 1.774 (pi 1.659 v 0.092 q 0.014 c 0.017) | plies 108 decisive 70% | buffer 200000 steps 106639 | 118.4 g/min eta 5.8h
[58900/100000] loss 1.776 (pi 1.661 v 0.091 q 0.014 c 0.017) | plies 109 decisive 70% | buffer 200000 steps 106685 | 118.4 g/min eta 5.8h
[58925/100000] loss 1.772 (pi 1.659 v 0.090 q 0.014 c 0.016) | plies 106 decisive 70% | buffer 200000 steps 106725 | 118.4 g/min eta 5.8h
[58950/100000] loss 1.773 (pi 1.661 v 0.090 q 0.014 c 0.017) | plies 106 decisive 70% | buffer 200000 steps 106772 | 118.4 g/min eta 5.8h
[58975/100000] loss 1.779 (pi 1.667 v 0.089 q 0.014 c 0.016) | plies 106 decisive 72% | buffer 200000 steps 106820 | 118.4 g/min eta 5.8h
[59000/100000] loss 1.777 (pi 1.665 v 0.089 q 0.014 c 0.016) | plies 106 decisive 70% | buffer 200000 steps 106861 | 118.4 g/min eta 5.8h
  EVAL @59000: q-greedy 0-24-0 | policy-greedy 5-19-0 | search 8-0-0 (eval 24s)
[59025/100000] loss 1.780 (pi 1.668 v 0.089 q 0.014 c 0.016) | plies 105 decisive 73% | buffer 200000 steps 106906 | 118.3 g/min eta 5.8h
[59050/100000] loss 1.782 (pi 1.671 v 0.089 q 0.014 c 0.016) | plies 103 decisive 74% | buffer 200000 steps 106947 | 118.3 g/min eta 5.8h
[59075/100000] loss 1.779 (pi 1.669 v 0.088 q 0.014 c 0.016) | plies 102 decisive 76% | buffer 200000 steps 106989 | 118.4 g/min eta 5.8h
[59100/100000] loss 1.781 (pi 1.671 v 0.088 q 0.014 c 0.016) | plies 103 decisive 75% | buffer 200000 steps 107041 | 118.4 g/min eta 5.8h
[59125/100000] loss 1.782 (pi 1.671 v 0.088 q 0.014 c 0.016) | plies 105 decisive 73% | buffer 200000 steps 107088 | 118.4 g/min eta 5.8h
[59150/100000] loss 1.780 (pi 1.669 v 0.089 q 0.014 c 0.017) | plies 107 decisive 70% | buffer 200000 steps 107131 | 118.4 g/min eta 5.7h
[59175/100000] loss 1.778 (pi 1.667 v 0.088 q 0.014 c 0.017) | plies 106 decisive 69% | buffer 200000 steps 107177 | 118.4 g/min eta 5.7h
[59200/100000] loss 1.776 (pi 1.665 v 0.089 q 0.014 c 0.017) | plies 108 decisive 70% | buffer 200000 steps 107223 | 118.4 g/min eta 5.7h
[59225/100000] loss 1.778 (pi 1.666 v 0.089 q 0.014 c 0.017) | plies 108 decisive 70% | buffer 200000 steps 107267 | 118.4 g/min eta 5.7h
[59250/100000] loss 1.775 (pi 1.664 v 0.089 q 0.015 c 0.016) | plies 108 decisive 70% | buffer 200000 steps 107311 | 118.4 g/min eta 5.7h
[59275/100000] loss 1.778 (pi 1.667 v 0.089 q 0.014 c 0.016) | plies 109 decisive 70% | buffer 200000 steps 107358 | 118.4 g/min eta 5.7h
[59300/100000] loss 1.777 (pi 1.667 v 0.088 q 0.015 c 0.016) | plies 108 decisive 70% | buffer 200000 steps 107399 | 118.4 g/min eta 5.7h
[59325/100000] loss 1.776 (pi 1.666 v 0.088 q 0.014 c 0.016) | plies 106 decisive 72% | buffer 200000 steps 107444 | 118.4 g/min eta 5.7h
[59350/100000] loss 1.782 (pi 1.671 v 0.089 q 0.014 c 0.016) | plies 105 decisive 76% | buffer 200000 steps 107487 | 118.4 g/min eta 5.7h
[59375/100000] loss 1.779 (pi 1.668 v 0.088 q 0.014 c 0.016) | plies 106 decisive 75% | buffer 200000 steps 107535 | 118.4 g/min eta 5.7h
[59400/100000] loss 1.775 (pi 1.665 v 0.087 q 0.014 c 0.016) | plies 106 decisive 74% | buffer 200000 steps 107581 | 118.4 g/min eta 5.7h
[59425/100000] loss 1.773 (pi 1.663 v 0.088 q 0.014 c 0.016) | plies 105 decisive 74% | buffer 200000 steps 107623 | 118.4 g/min eta 5.7h
[59450/100000] loss 1.776 (pi 1.666 v 0.088 q 0.014 c 0.016) | plies 106 decisive 73% | buffer 200000 steps 107665 | 118.4 g/min eta 5.7h
[59475/100000] loss 1.777 (pi 1.667 v 0.088 q 0.014 c 0.016) | plies 104 decisive 75% | buffer 200000 steps 107706 | 118.4 g/min eta 5.7h
[59500/100000] loss 1.774 (pi 1.663 v 0.089 q 0.014 c 0.016) | plies 104 decisive 78% | buffer 200000 steps 107751 | 118.4 g/min eta 5.7h
[59525/100000] loss 1.770 (pi 1.659 v 0.088 q 0.014 c 0.016) | plies 105 decisive 76% | buffer 200000 steps 107794 | 118.4 g/min eta 5.7h
[59550/100000] loss 1.774 (pi 1.664 v 0.088 q 0.014 c 0.016) | plies 107 decisive 74% | buffer 200000 steps 107843 | 118.4 g/min eta 5.7h
[59575/100000] loss 1.772 (pi 1.662 v 0.088 q 0.014 c 0.016) | plies 105 decisive 74% | buffer 200000 steps 107885 | 118.4 g/min eta 5.7h
[59600/100000] loss 1.769 (pi 1.658 v 0.088 q 0.014 c 0.017) | plies 104 decisive 76% | buffer 200000 steps 107931 | 118.4 g/min eta 5.7h
[59625/100000] loss 1.766 (pi 1.656 v 0.088 q 0.014 c 0.017) | plies 104 decisive 75% | buffer 200000 steps 107974 | 118.4 g/min eta 5.7h
[59650/100000] loss 1.764 (pi 1.654 v 0.087 q 0.014 c 0.017) | plies 105 decisive 75% | buffer 200000 steps 108020 | 118.4 g/min eta 5.7h
[59675/100000] loss 1.767 (pi 1.656 v 0.088 q 0.014 c 0.016) | plies 105 decisive 74% | buffer 200000 steps 108061 | 118.4 g/min eta 5.7h
[59700/100000] loss 1.775 (pi 1.664 v 0.088 q 0.014 c 0.016) | plies 105 decisive 72% | buffer 200000 steps 108102 | 118.4 g/min eta 5.7h
[59725/100000] loss 1.773 (pi 1.661 v 0.088 q 0.014 c 0.017) | plies 104 decisive 74% | buffer 200000 steps 108145 | 118.4 g/min eta 5.7h
[59750/100000] loss 1.772 (pi 1.661 v 0.088 q 0.015 c 0.017) | plies 102 decisive 74% | buffer 200000 steps 108189 | 118.4 g/min eta 5.7h
[59775/100000] loss 1.770 (pi 1.657 v 0.089 q 0.015 c 0.017) | plies 100 decisive 78% | buffer 200000 steps 108232 | 118.5 g/min eta 5.7h
[59800/100000] loss 1.777 (pi 1.665 v 0.090 q 0.015 c 0.017) | plies 102 decisive 76% | buffer 200000 steps 108282 | 118.4 g/min eta 5.7h
[59825/100000] loss 1.773 (pi 1.661 v 0.090 q 0.015 c 0.016) | plies 103 decisive 74% | buffer 200000 steps 108322 | 118.4 g/min eta 5.7h
[59850/100000] loss 1.772 (pi 1.660 v 0.089 q 0.014 c 0.016) | plies 101 decisive 76% | buffer 200000 steps 108359 | 118.5 g/min eta 5.6h
[59875/100000] loss 1.771 (pi 1.660 v 0.089 q 0.014 c 0.016) | plies 103 decisive 75% | buffer 200000 steps 108407 | 118.5 g/min eta 5.6h
[59900/100000] loss 1.763 (pi 1.651 v 0.090 q 0.014 c 0.016) | plies 103 decisive 74% | buffer 200000 steps 108446 | 118.5 g/min eta 5.6h
[59925/100000] loss 1.765 (pi 1.652 v 0.090 q 0.014 c 0.017) | plies 105 decisive 74% | buffer 200000 steps 108496 | 118.5 g/min eta 5.6h
[59950/100000] loss 1.761 (pi 1.649 v 0.089 q 0.015 c 0.016) | plies 106 decisive 73% | buffer 200000 steps 108543 | 118.4 g/min eta 5.6h
[59975/100000] loss 1.760 (pi 1.648 v 0.089 q 0.014 c 0.016) | plies 107 decisive 74% | buffer 200000 steps 108590 | 118.4 g/min eta 5.6h
[60000/100000] loss 1.767 (pi 1.654 v 0.090 q 0.014 c 0.016) | plies 105 decisive 76% | buffer 200000 steps 108633 | 118.5 g/min eta 5.6h
  EVAL @60000: q-greedy 5-19-0 | policy-greedy 10-14-0 | search 8-0-0 (eval 24s)
[60025/100000] loss 1.768 (pi 1.656 v 0.090 q 0.014 c 0.016) | plies 105 decisive 76% | buffer 200000 steps 108677 | 118.4 g/min eta 5.6h
[60050/100000] loss 1.768 (pi 1.657 v 0.089 q 0.014 c 0.016) | plies 103 decisive 76% | buffer 200000 steps 108714 | 118.4 g/min eta 5.6h
[60075/100000] loss 1.770 (pi 1.658 v 0.090 q 0.014 c 0.016) | plies 101 decisive 78% | buffer 200000 steps 108757 | 118.4 g/min eta 5.6h
[60100/100000] loss 1.760 (pi 1.648 v 0.089 q 0.014 c 0.016) | plies 104 decisive 74% | buffer 200000 steps 108806 | 118.4 g/min eta 5.6h
[60125/100000] loss 1.761 (pi 1.650 v 0.089 q 0.014 c 0.017) | plies 105 decisive 74% | buffer 200000 steps 108859 | 118.5 g/min eta 5.6h
[60150/100000] loss 1.773 (pi 1.661 v 0.089 q 0.014 c 0.016) | plies 104 decisive 76% | buffer 200000 steps 108905 | 118.4 g/min eta 5.6h
[60175/100000] loss 1.768 (pi 1.656 v 0.089 q 0.014 c 0.016) | plies 102 decisive 78% | buffer 200000 steps 108947 | 118.4 g/min eta 5.6h
[60200/100000] loss 1.769 (pi 1.658 v 0.089 q 0.014 c 0.016) | plies 102 decisive 76% | buffer 200000 steps 108991 | 118.4 g/min eta 5.6h
[60225/100000] loss 1.764 (pi 1.654 v 0.089 q 0.014 c 0.016) | plies 103 decisive 76% | buffer 200000 steps 109038 | 118.4 g/min eta 5.6h
[60250/100000] loss 1.763 (pi 1.653 v 0.089 q 0.014 c 0.016) | plies 106 decisive 74% | buffer 200000 steps 109080 | 118.4 g/min eta 5.6h
[60275/100000] loss 1.765 (pi 1.654 v 0.089 q 0.014 c 0.016) | plies 107 decisive 72% | buffer 200000 steps 109122 | 118.5 g/min eta 5.6h
[60300/100000] loss 1.761 (pi 1.650 v 0.089 q 0.014 c 0.016) | plies 105 decisive 74% | buffer 200000 steps 109167 | 118.5 g/min eta 5.6h
[60325/100000] loss 1.764 (pi 1.654 v 0.089 q 0.014 c 0.016) | plies 103 decisive 74% | buffer 200000 steps 109209 | 118.5 g/min eta 5.6h
[60350/100000] loss 1.757 (pi 1.646 v 0.089 q 0.014 c 0.016) | plies 104 decisive 72% | buffer 200000 steps 109252 | 118.5 g/min eta 5.6h
[60375/100000] loss 1.759 (pi 1.649 v 0.089 q 0.014 c 0.016) | plies 105 decisive 69% | buffer 200000 steps 109295 | 118.5 g/min eta 5.6h
[60400/100000] loss 1.760 (pi 1.650 v 0.088 q 0.014 c 0.016) | plies 105 decisive 68% | buffer 200000 steps 109342 | 118.5 g/min eta 5.6h
[60425/100000] loss 1.759 (pi 1.649 v 0.087 q 0.014 c 0.016) | plies 105 decisive 70% | buffer 200000 steps 109390 | 118.5 g/min eta 5.6h
[60450/100000] loss 1.766 (pi 1.657 v 0.087 q 0.014 c 0.016) | plies 108 decisive 69% | buffer 200000 steps 109439 | 118.5 g/min eta 5.6h
[60475/100000] loss 1.763 (pi 1.654 v 0.086 q 0.014 c 0.016) | plies 107 decisive 71% | buffer 200000 steps 109482 | 118.5 g/min eta 5.6h
[60500/100000] loss 1.756 (pi 1.647 v 0.087 q 0.014 c 0.016) | plies 106 decisive 72% | buffer 200000 steps 109525 | 118.5 g/min eta 5.6h
[60525/100000] loss 1.759 (pi 1.650 v 0.087 q 0.014 c 0.016) | plies 107 decisive 73% | buffer 200000 steps 109568 | 118.5 g/min eta 5.6h
[60550/100000] loss 1.764 (pi 1.655 v 0.087 q 0.014 c 0.016) | plies 106 decisive 75% | buffer 200000 steps 109613 | 118.5 g/min eta 5.6h
[60575/100000] loss 1.761 (pi 1.651 v 0.087 q 0.014 c 0.016) | plies 107 decisive 76% | buffer 200000 steps 109658 | 118.5 g/min eta 5.5h
[60600/100000] loss 1.765 (pi 1.655 v 0.088 q 0.014 c 0.016) | plies 106 decisive 77% | buffer 200000 steps 109697 | 118.5 g/min eta 5.5h
[60625/100000] loss 1.771 (pi 1.659 v 0.089 q 0.014 c 0.016) | plies 107 decisive 76% | buffer 200000 steps 109744 | 118.5 g/min eta 5.5h
[60650/100000] loss 1.765 (pi 1.653 v 0.090 q 0.014 c 0.016) | plies 104 decisive 77% | buffer 200000 steps 109783 | 118.5 g/min eta 5.5h
[60675/100000] loss 1.765 (pi 1.653 v 0.089 q 0.014 c 0.016) | plies 105 decisive 75% | buffer 200000 steps 109830 | 118.5 g/min eta 5.5h
[60700/100000] loss 1.764 (pi 1.652 v 0.089 q 0.015 c 0.017) | plies 106 decisive 74% | buffer 200000 steps 109876 | 118.5 g/min eta 5.5h
[60725/100000] loss 1.760 (pi 1.647 v 0.090 q 0.014 c 0.016) | plies 106 decisive 73% | buffer 200000 steps 109919 | 118.5 g/min eta 5.5h
[60750/100000] loss 1.755 (pi 1.643 v 0.089 q 0.014 c 0.016) | plies 107 decisive 72% | buffer 200000 steps 109962 | 118.5 g/min eta 5.5h
[60775/100000] loss 1.760 (pi 1.647 v 0.090 q 0.015 c 0.017) | plies 107 decisive 70% | buffer 200000 steps 110005 | 118.5 g/min eta 5.5h
[60800/100000] loss 1.763 (pi 1.650 v 0.090 q 0.015 c 0.017) | plies 106 decisive 72% | buffer 200000 steps 110046 | 118.5 g/min eta 5.5h
[60825/100000] loss 1.759 (pi 1.646 v 0.090 q 0.014 c 0.017) | plies 105 decisive 72% | buffer 200000 steps 110089 | 118.5 g/min eta 5.5h
[60850/100000] loss 1.766 (pi 1.653 v 0.090 q 0.014 c 0.017) | plies 107 decisive 70% | buffer 200000 steps 110132 | 118.5 g/min eta 5.5h
[60875/100000] loss 1.765 (pi 1.652 v 0.090 q 0.015 c 0.017) | plies 105 decisive 72% | buffer 200000 steps 110173 | 118.5 g/min eta 5.5h
[60900/100000] loss 1.763 (pi 1.650 v 0.090 q 0.014 c 0.017) | plies 104 decisive 72% | buffer 200000 steps 110219 | 118.5 g/min eta 5.5h
[60925/100000] loss 1.765 (pi 1.652 v 0.090 q 0.014 c 0.017) | plies 104 decisive 74% | buffer 200000 steps 110267 | 118.5 g/min eta 5.5h
[60950/100000] loss 1.761 (pi 1.648 v 0.090 q 0.014 c 0.016) | plies 105 decisive 72% | buffer 200000 steps 110311 | 118.5 g/min eta 5.5h
[60975/100000] loss 1.765 (pi 1.654 v 0.090 q 0.014 c 0.016) | plies 105 decisive 72% | buffer 200000 steps 110355 | 118.5 g/min eta 5.5h
[61000/100000] loss 1.769 (pi 1.656 v 0.090 q 0.014 c 0.016) | plies 106 decisive 71% | buffer 200000 steps 110400 | 118.5 g/min eta 5.5h
  EVAL @61000: q-greedy 7-17-0 | policy-greedy 10-14-0 | search 8-0-0 (eval 30s)
[61025/100000] loss 1.765 (pi 1.653 v 0.090 q 0.014 c 0.017) | plies 107 decisive 72% | buffer 200000 steps 110445 | 118.4 g/min eta 5.5h
[61050/100000] loss 1.766 (pi 1.654 v 0.089 q 0.014 c 0.016) | plies 107 decisive 72% | buffer 200000 steps 110491 | 118.4 g/min eta 5.5h
[61075/100000] loss 1.766 (pi 1.653 v 0.090 q 0.014 c 0.016) | plies 109 decisive 71% | buffer 200000 steps 110537 | 118.4 g/min eta 5.5h
[61100/100000] loss 1.763 (pi 1.651 v 0.090 q 0.014 c 0.016) | plies 110 decisive 72% | buffer 200000 steps 110582 | 118.4 g/min eta 5.5h
[61125/100000] loss 1.759 (pi 1.648 v 0.089 q 0.014 c 0.016) | plies 110 decisive 72% | buffer 200000 steps 110629 | 118.4 g/min eta 5.5h
[61150/100000] loss 1.762 (pi 1.650 v 0.090 q 0.014 c 0.016) | plies 109 decisive 74% | buffer 200000 steps 110677 | 118.4 g/min eta 5.5h
[61175/100000] loss 1.768 (pi 1.655 v 0.091 q 0.014 c 0.016) | plies 108 decisive 76% | buffer 200000 steps 110722 | 118.5 g/min eta 5.5h
[61200/100000] loss 1.761 (pi 1.649 v 0.090 q 0.014 c 0.016) | plies 107 decisive 76% | buffer 200000 steps 110765 | 118.5 g/min eta 5.5h
[61225/100000] loss 1.766 (pi 1.653 v 0.091 q 0.014 c 0.016) | plies 106 decisive 76% | buffer 200000 steps 110808 | 118.5 g/min eta 5.5h
[61250/100000] loss 1.768 (pi 1.656 v 0.090 q 0.014 c 0.017) | plies 106 decisive 76% | buffer 200000 steps 110852 | 118.5 g/min eta 5.5h
[61275/100000] loss 1.767 (pi 1.653 v 0.090 q 0.014 c 0.017) | plies 104 decisive 77% | buffer 200000 steps 110894 | 118.5 g/min eta 5.4h
[61300/100000] loss 1.768 (pi 1.656 v 0.090 q 0.015 c 0.017) | plies 103 decisive 77% | buffer 200000 steps 110938 | 118.5 g/min eta 5.4h
[61325/100000] loss 1.763 (pi 1.650 v 0.090 q 0.015 c 0.017) | plies 99 decisive 79% | buffer 200000 steps 110977 | 118.5 g/min eta 5.4h
[61350/100000] loss 1.764 (pi 1.650 v 0.091 q 0.015 c 0.016) | plies 99 decisive 80% | buffer 200000 steps 111023 | 118.5 g/min eta 5.4h
[61375/100000] loss 1.758 (pi 1.645 v 0.091 q 0.015 c 0.016) | plies 99 decisive 79% | buffer 200000 steps 111069 | 118.5 g/min eta 5.4h
[61400/100000] loss 1.758 (pi 1.644 v 0.091 q 0.015 c 0.017) | plies 99 decisive 80% | buffer 200000 steps 111112 | 118.5 g/min eta 5.4h
[61425/100000] loss 1.753 (pi 1.639 v 0.091 q 0.015 c 0.017) | plies 97 decisive 80% | buffer 200000 steps 111152 | 118.5 g/min eta 5.4h
[61450/100000] loss 1.753 (pi 1.639 v 0.091 q 0.015 c 0.016) | plies 94 decisive 82% | buffer 200000 steps 111195 | 118.5 g/min eta 5.4h
[61475/100000] loss 1.760 (pi 1.646 v 0.091 q 0.015 c 0.016) | plies 96 decisive 80% | buffer 200000 steps 111235 | 118.5 g/min eta 5.4h
[61500/100000] loss 1.754 (pi 1.640 v 0.091 q 0.015 c 0.017) | plies 96 decisive 80% | buffer 200000 steps 111279 | 118.5 g/min eta 5.4h
[61525/100000] loss 1.755 (pi 1.641 v 0.091 q 0.015 c 0.017) | plies 98 decisive 80% | buffer 200000 steps 111322 | 118.5 g/min eta 5.4h
[61550/100000] loss 1.766 (pi 1.650 v 0.092 q 0.015 c 0.017) | plies 98 decisive 78% | buffer 200000 steps 111362 | 118.5 g/min eta 5.4h
[61575/100000] loss 1.773 (pi 1.657 v 0.092 q 0.015 c 0.017) | plies 98 decisive 78% | buffer 200000 steps 111404 | 118.5 g/min eta 5.4h
[61600/100000] loss 1.770 (pi 1.656 v 0.092 q 0.015 c 0.017) | plies 99 decisive 76% | buffer 200000 steps 111447 | 118.5 g/min eta 5.4h
[61625/100000] loss 1.772 (pi 1.657 v 0.092 q 0.014 c 0.017) | plies 100 decisive 75% | buffer 200000 steps 111492 | 118.5 g/min eta 5.4h
[61650/100000] loss 1.770 (pi 1.654 v 0.093 q 0.015 c 0.017) | plies 101 decisive 76% | buffer 200000 steps 111535 | 118.5 g/min eta 5.4h
[61675/100000] loss 1.772 (pi 1.657 v 0.092 q 0.015 c 0.016) | plies 101 decisive 74% | buffer 200000 steps 111582 | 118.5 g/min eta 5.4h
[61700/100000] loss 1.767 (pi 1.651 v 0.092 q 0.015 c 0.016) | plies 101 decisive 75% | buffer 200000 steps 111624 | 118.5 g/min eta 5.4h
[61725/100000] loss 1.765 (pi 1.651 v 0.091 q 0.015 c 0.016) | plies 102 decisive 74% | buffer 200000 steps 111673 | 118.5 g/min eta 5.4h
[61750/100000] loss 1.770 (pi 1.656 v 0.092 q 0.015 c 0.016) | plies 102 decisive 74% | buffer 200000 steps 111720 | 118.5 g/min eta 5.4h
[61775/100000] loss 1.766 (pi 1.652 v 0.091 q 0.015 c 0.016) | plies 102 decisive 76% | buffer 200000 steps 111765 | 118.5 g/min eta 5.4h
[61800/100000] loss 1.764 (pi 1.650 v 0.091 q 0.015 c 0.017) | plies 102 decisive 77% | buffer 200000 steps 111810 | 118.5 g/min eta 5.4h
[61825/100000] loss 1.760 (pi 1.645 v 0.092 q 0.015 c 0.016) | plies 102 decisive 77% | buffer 200000 steps 111856 | 118.5 g/min eta 5.4h
[61850/100000] loss 1.764 (pi 1.649 v 0.092 q 0.014 c 0.017) | plies 102 decisive 76% | buffer 200000 steps 111901 | 118.5 g/min eta 5.4h
[61875/100000] loss 1.763 (pi 1.649 v 0.091 q 0.014 c 0.016) | plies 103 decisive 78% | buffer 200000 steps 111946 | 118.5 g/min eta 5.4h
[61900/100000] loss 1.759 (pi 1.646 v 0.091 q 0.014 c 0.016) | plies 105 decisive 76% | buffer 200000 steps 111993 | 118.5 g/min eta 5.4h
[61925/100000] loss 1.753 (pi 1.639 v 0.091 q 0.014 c 0.016) | plies 106 decisive 74% | buffer 200000 steps 112041 | 118.5 g/min eta 5.4h
[61950/100000] loss 1.756 (pi 1.641 v 0.092 q 0.014 c 0.016) | plies 106 decisive 73% | buffer 200000 steps 112081 | 118.5 g/min eta 5.4h
[61975/100000] loss 1.759 (pi 1.646 v 0.091 q 0.015 c 0.016) | plies 106 decisive 72% | buffer 200000 steps 112125 | 118.5 g/min eta 5.3h
[62000/100000] loss 1.759 (pi 1.646 v 0.091 q 0.014 c 0.016) | plies 105 decisive 73% | buffer 200000 steps 112167 | 118.5 g/min eta 5.3h
  EVAL @62000: q-greedy 8-16-0 | policy-greedy 11-13-0 | search 8-0-0 (eval 23s)
[62025/100000] loss 1.766 (pi 1.652 v 0.092 q 0.015 c 0.016) | plies 104 decisive 74% | buffer 200000 steps 112210 | 118.4 g/min eta 5.3h
[62050/100000] loss 1.763 (pi 1.648 v 0.092 q 0.015 c 0.016) | plies 106 decisive 72% | buffer 200000 steps 112256 | 118.4 g/min eta 5.3h
[62075/100000] loss 1.757 (pi 1.642 v 0.092 q 0.015 c 0.016) | plies 107 decisive 71% | buffer 200000 steps 112304 | 118.5 g/min eta 5.3h
[62100/100000] loss 1.766 (pi 1.650 v 0.092 q 0.015 c 0.017) | plies 106 decisive 73% | buffer 200000 steps 112346 | 118.5 g/min eta 5.3h
[62125/100000] loss 1.764 (pi 1.649 v 0.092 q 0.015 c 0.017) | plies 106 decisive 74% | buffer 200000 steps 112391 | 118.5 g/min eta 5.3h
[62150/100000] loss 1.766 (pi 1.650 v 0.093 q 0.015 c 0.017) | plies 106 decisive 73% | buffer 200000 steps 112436 | 118.5 g/min eta 5.3h
[62175/100000] loss 1.768 (pi 1.653 v 0.093 q 0.015 c 0.016) | plies 106 decisive 72% | buffer 200000 steps 112479 | 118.5 g/min eta 5.3h
[62200/100000] loss 1.769 (pi 1.653 v 0.093 q 0.015 c 0.017) | plies 106 decisive 72% | buffer 200000 steps 112518 | 118.5 g/min eta 5.3h
[62225/100000] loss 1.762 (pi 1.646 v 0.093 q 0.015 c 0.016) | plies 106 decisive 71% | buffer 200000 steps 112561 | 118.5 g/min eta 5.3h
[62250/100000] loss 1.754 (pi 1.638 v 0.093 q 0.015 c 0.017) | plies 104 decisive 73% | buffer 200000 steps 112602 | 118.5 g/min eta 5.3h
[62275/100000] loss 1.757 (pi 1.642 v 0.093 q 0.015 c 0.016) | plies 102 decisive 74% | buffer 200000 steps 112645 | 118.5 g/min eta 5.3h
[62300/100000] loss 1.758 (pi 1.643 v 0.093 q 0.014 c 0.016) | plies 103 decisive 74% | buffer 200000 steps 112691 | 118.5 g/min eta 5.3h
[62325/100000] loss 1.750 (pi 1.635 v 0.092 q 0.015 c 0.017) | plies 101 decisive 75% | buffer 200000 steps 112737 | 118.5 g/min eta 5.3h
[62350/100000] loss 1.752 (pi 1.637 v 0.092 q 0.015 c 0.017) | plies 101 decisive 76% | buffer 200000 steps 112784 | 118.5 g/min eta 5.3h
[62375/100000] loss 1.750 (pi 1.635 v 0.092 q 0.014 c 0.016) | plies 103 decisive 75% | buffer 200000 steps 112830 | 118.5 g/min eta 5.3h
[62400/100000] loss 1.760 (pi 1.646 v 0.092 q 0.014 c 0.016) | plies 104 decisive 76% | buffer 200000 steps 112875 | 118.5 g/min eta 5.3h
[62425/100000] loss 1.754 (pi 1.640 v 0.091 q 0.014 c 0.016) | plies 104 decisive 76% | buffer 200000 steps 112919 | 118.6 g/min eta 5.3h
[62450/100000] loss 1.761 (pi 1.647 v 0.092 q 0.014 c 0.016) | plies 104 decisive 76% | buffer 200000 steps 112961 | 118.5 g/min eta 5.3h
[62475/100000] loss 1.767 (pi 1.652 v 0.092 q 0.015 c 0.017) | plies 105 decisive 74% | buffer 200000 steps 113005 | 118.5 g/min eta 5.3h
[62500/100000] loss 1.762 (pi 1.646 v 0.092 q 0.015 c 0.017) | plies 104 decisive 74% | buffer 200000 steps 113046 | 118.6 g/min eta 5.3h
[62525/100000] loss 1.755 (pi 1.640 v 0.092 q 0.015 c 0.017) | plies 106 decisive 72% | buffer 200000 steps 113087 | 118.6 g/min eta 5.3h
[62550/100000] loss 1.751 (pi 1.636 v 0.092 q 0.015 c 0.017) | plies 104 decisive 72% | buffer 200000 steps 113131 | 118.6 g/min eta 5.3h
[62575/100000] loss 1.751 (pi 1.635 v 0.093 q 0.015 c 0.017) | plies 103 decisive 72% | buffer 200000 steps 113177 | 118.5 g/min eta 5.3h
[62600/100000] loss 1.744 (pi 1.629 v 0.092 q 0.015 c 0.017) | plies 101 decisive 73% | buffer 200000 steps 113216 | 118.5 g/min eta 5.3h
[62625/100000] loss 1.752 (pi 1.638 v 0.092 q 0.015 c 0.016) | plies 102 decisive 74% | buffer 200000 steps 113264 | 118.5 g/min eta 5.3h
[62650/100000] loss 1.755 (pi 1.641 v 0.091 q 0.015 c 0.016) | plies 102 decisive 74% | buffer 200000 steps 113310 | 118.6 g/min eta 5.3h
[62675/100000] loss 1.755 (pi 1.640 v 0.092 q 0.015 c 0.016) | plies 101 decisive 76% | buffer 200000 steps 113352 | 118.6 g/min eta 5.2h
[62700/100000] loss 1.754 (pi 1.639 v 0.092 q 0.014 c 0.016) | plies 102 decisive 76% | buffer 200000 steps 113398 | 118.6 g/min eta 5.2h
[62725/100000] loss 1.752 (pi 1.637 v 0.093 q 0.014 c 0.016) | plies 101 decisive 76% | buffer 200000 steps 113440 | 118.6 g/min eta 5.2h
[62750/100000] loss 1.759 (pi 1.643 v 0.094 q 0.015 c 0.016) | plies 103 decisive 76% | buffer 200000 steps 113485 | 118.6 g/min eta 5.2h
[62775/100000] loss 1.763 (pi 1.647 v 0.093 q 0.015 c 0.016) | plies 102 decisive 77% | buffer 200000 steps 113530 | 118.6 g/min eta 5.2h
[62800/100000] loss 1.760 (pi 1.643 v 0.093 q 0.015 c 0.016) | plies 104 decisive 76% | buffer 200000 steps 113575 | 118.6 g/min eta 5.2h
[62825/100000] loss 1.755 (pi 1.639 v 0.093 q 0.015 c 0.016) | plies 103 decisive 76% | buffer 200000 steps 113615 | 118.6 g/min eta 5.2h
[62850/100000] loss 1.758 (pi 1.643 v 0.092 q 0.015 c 0.016) | plies 103 decisive 74% | buffer 200000 steps 113656 | 118.6 g/min eta 5.2h
[62875/100000] loss 1.760 (pi 1.644 v 0.093 q 0.015 c 0.016) | plies 103 decisive 76% | buffer 200000 steps 113698 | 118.6 g/min eta 5.2h
[62900/100000] loss 1.756 (pi 1.640 v 0.093 q 0.015 c 0.016) | plies 102 decisive 76% | buffer 200000 steps 113742 | 118.6 g/min eta 5.2h
[62925/100000] loss 1.749 (pi 1.632 v 0.094 q 0.015 c 0.016) | plies 100 decisive 78% | buffer 200000 steps 113780 | 118.6 g/min eta 5.2h
[62950/100000] loss 1.752 (pi 1.635 v 0.095 q 0.015 c 0.016) | plies 98 decisive 80% | buffer 200000 steps 113822 | 118.6 g/min eta 5.2h
[62975/100000] loss 1.749 (pi 1.631 v 0.095 q 0.015 c 0.016) | plies 97 decisive 80% | buffer 200000 steps 113860 | 118.6 g/min eta 5.2h
[63000/100000] loss 1.751 (pi 1.633 v 0.095 q 0.015 c 0.016) | plies 96 decisive 81% | buffer 200000 steps 113904 | 118.6 g/min eta 5.2h
  EVAL @63000: q-greedy 4-20-0 | policy-greedy 4-20-0 | search 8-0-0 (eval 23s)
[63025/100000] loss 1.758 (pi 1.639 v 0.096 q 0.015 c 0.016) | plies 100 decisive 78% | buffer 200000 steps 113954 | 118.5 g/min eta 5.2h
[63050/100000] loss 1.749 (pi 1.632 v 0.094 q 0.015 c 0.016) | plies 101 decisive 77% | buffer 200000 steps 113999 | 118.5 g/min eta 5.2h
[63075/100000] loss 1.752 (pi 1.636 v 0.094 q 0.014 c 0.016) | plies 101 decisive 77% | buffer 200000 steps 114042 | 118.6 g/min eta 5.2h
[63100/100000] loss 1.747 (pi 1.630 v 0.094 q 0.014 c 0.016) | plies 101 decisive 78% | buffer 200000 steps 114086 | 118.6 g/min eta 5.2h
[63125/100000] loss 1.747 (pi 1.629 v 0.095 q 0.014 c 0.016) | plies 105 decisive 74% | buffer 200000 steps 114133 | 118.6 g/min eta 5.2h
[63150/100000] loss 1.741 (pi 1.625 v 0.093 q 0.014 c 0.016) | plies 107 decisive 72% | buffer 200000 steps 114180 | 118.6 g/min eta 5.2h
[63175/100000] loss 1.751 (pi 1.633 v 0.094 q 0.015 c 0.016) | plies 109 decisive 70% | buffer 200000 steps 114224 | 118.6 g/min eta 5.2h
[63200/100000] loss 1.751 (pi 1.634 v 0.094 q 0.015 c 0.016) | plies 111 decisive 67% | buffer 200000 steps 114269 | 118.6 g/min eta 5.2h
[63225/100000] loss 1.750 (pi 1.634 v 0.094 q 0.015 c 0.016) | plies 108 decisive 69% | buffer 200000 steps 114311 | 118.6 g/min eta 5.2h
[63250/100000] loss 1.758 (pi 1.642 v 0.093 q 0.015 c 0.016) | plies 106 decisive 70% | buffer 200000 steps 114353 | 118.6 g/min eta 5.2h
[63275/100000] loss 1.755 (pi 1.640 v 0.093 q 0.014 c 0.016) | plies 108 decisive 69% | buffer 200000 steps 114396 | 118.6 g/min eta 5.2h
[63300/100000] loss 1.757 (pi 1.641 v 0.093 q 0.014 c 0.016) | plies 107 decisive 70% | buffer 200000 steps 114443 | 118.6 g/min eta 5.2h
[63325/100000] loss 1.749 (pi 1.634 v 0.093 q 0.014 c 0.016) | plies 105 decisive 72% | buffer 200000 steps 114484 | 118.6 g/min eta 5.2h
[63350/100000] loss 1.747 (pi 1.632 v 0.093 q 0.014 c 0.016) | plies 105 decisive 72% | buffer 200000 steps 114532 | 118.6 g/min eta 5.2h
[63375/100000] loss 1.748 (pi 1.633 v 0.092 q 0.014 c 0.016) | plies 103 decisive 75% | buffer 200000 steps 114573 | 118.6 g/min eta 5.1h
[63400/100000] loss 1.749 (pi 1.634 v 0.092 q 0.014 c 0.016) | plies 103 decisive 76% | buffer 200000 steps 114619 | 118.6 g/min eta 5.1h
[63425/100000] loss 1.748 (pi 1.632 v 0.094 q 0.014 c 0.016) | plies 103 decisive 76% | buffer 200000 steps 114665 | 118.6 g/min eta 5.1h
[63450/100000] loss 1.742 (pi 1.626 v 0.093 q 0.014 c 0.016) | plies 105 decisive 76% | buffer 200000 steps 114711 | 118.6 g/min eta 5.1h
[63475/100000] loss 1.733 (pi 1.617 v 0.094 q 0.015 c 0.016) | plies 106 decisive 74% | buffer 200000 steps 114758 | 118.6 g/min eta 5.1h
[63500/100000] loss 1.735 (pi 1.619 v 0.093 q 0.014 c 0.016) | plies 108 decisive 72% | buffer 200000 steps 114804 | 118.6 g/min eta 5.1h
[63525/100000] loss 1.737 (pi 1.622 v 0.093 q 0.014 c 0.016) | plies 109 decisive 72% | buffer 200000 steps 114848 | 118.6 g/min eta 5.1h
[63550/100000] loss 1.741 (pi 1.626 v 0.092 q 0.014 c 0.016) | plies 107 decisive 74% | buffer 200000 steps 114894 | 118.6 g/min eta 5.1h
[63575/100000] loss 1.744 (pi 1.630 v 0.092 q 0.014 c 0.016) | plies 109 decisive 72% | buffer 200000 steps 114938 | 118.6 g/min eta 5.1h
[63600/100000] loss 1.742 (pi 1.628 v 0.092 q 0.014 c 0.016) | plies 106 decisive 74% | buffer 200000 steps 114984 | 118.6 g/min eta 5.1h
[63625/100000] loss 1.735 (pi 1.621 v 0.092 q 0.014 c 0.016) | plies 106 decisive 76% | buffer 200000 steps 115024 | 118.6 g/min eta 5.1h
[63650/100000] loss 1.737 (pi 1.622 v 0.093 q 0.014 c 0.016) | plies 105 decisive 75% | buffer 200000 steps 115070 | 118.6 g/min eta 5.1h
[63675/100000] loss 1.737 (pi 1.622 v 0.093 q 0.014 c 0.016) | plies 103 decisive 76% | buffer 200000 steps 115108 | 118.6 g/min eta 5.1h
[63700/100000] loss 1.737 (pi 1.622 v 0.092 q 0.014 c 0.015) | plies 102 decisive 76% | buffer 200000 steps 115152 | 118.6 g/min eta 5.1h
[63725/100000] loss 1.731 (pi 1.618 v 0.091 q 0.014 c 0.016) | plies 103 decisive 75% | buffer 200000 steps 115198 | 118.6 g/min eta 5.1h
[63750/100000] loss 1.735 (pi 1.622 v 0.091 q 0.014 c 0.016) | plies 102 decisive 76% | buffer 200000 steps 115242 | 118.6 g/min eta 5.1h
[63775/100000] loss 1.736 (pi 1.623 v 0.091 q 0.014 c 0.016) | plies 102 decisive 76% | buffer 200000 steps 115285 | 118.6 g/min eta 5.1h
[63800/100000] loss 1.747 (pi 1.633 v 0.092 q 0.014 c 0.016) | plies 102 decisive 75% | buffer 200000 steps 115325 | 118.6 g/min eta 5.1h
[63825/100000] loss 1.745 (pi 1.631 v 0.092 q 0.014 c 0.016) | plies 101 decisive 74% | buffer 200000 steps 115363 | 118.6 g/min eta 5.1h
[63850/100000] loss 1.753 (pi 1.639 v 0.092 q 0.014 c 0.016) | plies 100 decisive 75% | buffer 200000 steps 115406 | 118.7 g/min eta 5.1h
[63875/100000] loss 1.754 (pi 1.640 v 0.092 q 0.014 c 0.016) | plies 102 decisive 74% | buffer 200000 steps 115449 | 118.7 g/min eta 5.1h
[63900/100000] loss 1.748 (pi 1.633 v 0.093 q 0.014 c 0.016) | plies 101 decisive 77% | buffer 200000 steps 115493 | 118.6 g/min eta 5.1h
[63925/100000] loss 1.748 (pi 1.634 v 0.092 q 0.014 c 0.016) | plies 100 decisive 78% | buffer 200000 steps 115537 | 118.6 g/min eta 5.1h
[63950/100000] loss 1.748 (pi 1.635 v 0.091 q 0.014 c 0.016) | plies 100 decisive 76% | buffer 200000 steps 115577 | 118.7 g/min eta 5.1h
[63975/100000] loss 1.748 (pi 1.635 v 0.092 q 0.014 c 0.016) | plies 101 decisive 74% | buffer 200000 steps 115621 | 118.6 g/min eta 5.1h
[64000/100000] loss 1.753 (pi 1.639 v 0.092 q 0.014 c 0.016) | plies 101 decisive 74% | buffer 200000 steps 115662 | 118.7 g/min eta 5.1h
  EVAL @64000: q-greedy 5-19-0 | policy-greedy 5-19-0 | search 8-0-0 (eval 25s)
[64025/100000] loss 1.752 (pi 1.638 v 0.092 q 0.014 c 0.015) | plies 102 decisive 74% | buffer 200000 steps 115706 | 118.6 g/min eta 5.1h
[64050/100000] loss 1.756 (pi 1.642 v 0.092 q 0.014 c 0.016) | plies 103 decisive 74% | buffer 200000 steps 115751 | 118.6 g/min eta 5.1h
[64075/100000] loss 1.751 (pi 1.636 v 0.092 q 0.014 c 0.016) | plies 102 decisive 76% | buffer 200000 steps 115797 | 118.6 g/min eta 5.0h
[64100/100000] loss 1.750 (pi 1.636 v 0.092 q 0.014 c 0.016) | plies 101 decisive 76% | buffer 200000 steps 115838 | 118.6 g/min eta 5.0h
[64125/100000] loss 1.748 (pi 1.633 v 0.093 q 0.014 c 0.016) | plies 100 decisive 74% | buffer 200000 steps 115882 | 118.7 g/min eta 5.0h
[64150/100000] loss 1.751 (pi 1.636 v 0.093 q 0.014 c 0.016) | plies 101 decisive 75% | buffer 200000 steps 115924 | 118.6 g/min eta 5.0h
[64175/100000] loss 1.748 (pi 1.633 v 0.093 q 0.014 c 0.016) | plies 100 decisive 78% | buffer 200000 steps 115966 | 118.7 g/min eta 5.0h
[64200/100000] loss 1.745 (pi 1.630 v 0.093 q 0.014 c 0.016) | plies 102 decisive 77% | buffer 200000 steps 116012 | 118.7 g/min eta 5.0h
[64225/100000] loss 1.750 (pi 1.636 v 0.092 q 0.014 c 0.016) | plies 104 decisive 74% | buffer 200000 steps 116056 | 118.7 g/min eta 5.0h
[64250/100000] loss 1.748 (pi 1.634 v 0.092 q 0.014 c 0.016) | plies 103 decisive 75% | buffer 200000 steps 116100 | 118.7 g/min eta 5.0h
[64275/100000] loss 1.750 (pi 1.635 v 0.092 q 0.014 c 0.016) | plies 103 decisive 74% | buffer 200000 steps 116147 | 118.7 g/min eta 5.0h
[64300/100000] loss 1.755 (pi 1.642 v 0.092 q 0.014 c 0.016) | plies 105 decisive 72% | buffer 200000 steps 116189 | 118.7 g/min eta 5.0h
[64325/100000] loss 1.753 (pi 1.641 v 0.091 q 0.014 c 0.015) | plies 104 decisive 76% | buffer 200000 steps 116230 | 118.7 g/min eta 5.0h
[64350/100000] loss 1.753 (pi 1.641 v 0.091 q 0.014 c 0.015) | plies 100 decisive 78% | buffer 200000 steps 116266 | 118.7 g/min eta 5.0h
[64375/100000] loss 1.761 (pi 1.647 v 0.092 q 0.014 c 0.015) | plies 101 decisive 78% | buffer 200000 steps 116311 | 118.7 g/min eta 5.0h
[64400/100000] loss 1.759 (pi 1.646 v 0.092 q 0.014 c 0.015) | plies 101 decisive 78% | buffer 200000 steps 116356 | 118.7 g/min eta 5.0h
[64425/100000] loss 1.763 (pi 1.650 v 0.092 q 0.014 c 0.015) | plies 100 decisive 78% | buffer 200000 steps 116400 | 118.7 g/min eta 5.0h
[64450/100000] loss 1.764 (pi 1.650 v 0.093 q 0.014 c 0.016) | plies 100 decisive 78% | buffer 200000 steps 116445 | 118.7 g/min eta 5.0h
[64475/100000] loss 1.758 (pi 1.644 v 0.092 q 0.014 c 0.016) | plies 102 decisive 76% | buffer 200000 steps 116488 | 118.7 g/min eta 5.0h
[64500/100000] loss 1.753 (pi 1.640 v 0.092 q 0.014 c 0.015) | plies 102 decisive 78% | buffer 200000 steps 116532 | 118.7 g/min eta 5.0h
[64525/100000] loss 1.758 (pi 1.644 v 0.093 q 0.014 c 0.015) | plies 104 decisive 75% | buffer 200000 steps 116577 | 118.7 g/min eta 5.0h
[64550/100000] loss 1.755 (pi 1.640 v 0.093 q 0.014 c 0.015) | plies 107 decisive 72% | buffer 200000 steps 116620 | 118.7 g/min eta 5.0h
[64575/100000] loss 1.750 (pi 1.636 v 0.092 q 0.014 c 0.015) | plies 108 decisive 72% | buffer 200000 steps 116668 | 118.7 g/min eta 5.0h
[64600/100000] loss 1.745 (pi 1.632 v 0.092 q 0.014 c 0.015) | plies 107 decisive 72% | buffer 200000 steps 116710 | 118.7 g/min eta 5.0h
[64625/100000] loss 1.745 (pi 1.632 v 0.091 q 0.014 c 0.016) | plies 107 decisive 75% | buffer 200000 steps 116755 | 118.7 g/min eta 5.0h
[64650/100000] loss 1.748 (pi 1.635 v 0.092 q 0.014 c 0.015) | plies 108 decisive 74% | buffer 200000 steps 116800 | 118.7 g/min eta 5.0h
[64675/100000] loss 1.751 (pi 1.639 v 0.091 q 0.014 c 0.015) | plies 107 decisive 76% | buffer 200000 steps 116845 | 118.7 g/min eta 5.0h
[64700/100000] loss 1.748 (pi 1.635 v 0.091 q 0.014 c 0.016) | plies 108 decisive 74% | buffer 200000 steps 116895 | 118.7 g/min eta 5.0h
[64725/100000] loss 1.745 (pi 1.633 v 0.090 q 0.014 c 0.016) | plies 107 decisive 74% | buffer 200000 steps 116937 | 118.7 g/min eta 5.0h
[64750/100000] loss 1.748 (pi 1.635 v 0.091 q 0.014 c 0.016) | plies 109 decisive 73% | buffer 200000 steps 116979 | 118.7 g/min eta 5.0h
[64775/100000] loss 1.745 (pi 1.633 v 0.091 q 0.014 c 0.015) | plies 107 decisive 73% | buffer 200000 steps 117021 | 118.7 g/min eta 4.9h
[64800/100000] loss 1.744 (pi 1.632 v 0.091 q 0.014 c 0.015) | plies 108 decisive 73% | buffer 200000 steps 117061 | 118.7 g/min eta 4.9h
[64825/100000] loss 1.757 (pi 1.644 v 0.091 q 0.014 c 0.015) | plies 107 decisive 72% | buffer 200000 steps 117105 | 118.7 g/min eta 4.9h
[64850/100000] loss 1.760 (pi 1.647 v 0.092 q 0.014 c 0.015) | plies 104 decisive 74% | buffer 200000 steps 117145 | 118.7 g/min eta 4.9h
[64875/100000] loss 1.758 (pi 1.645 v 0.092 q 0.014 c 0.015) | plies 104 decisive 74% | buffer 200000 steps 117188 | 118.7 g/min eta 4.9h
[64900/100000] loss 1.754 (pi 1.639 v 0.093 q 0.014 c 0.015) | plies 102 decisive 75% | buffer 200000 steps 117231 | 118.7 g/min eta 4.9h
[64925/100000] loss 1.747 (pi 1.633 v 0.093 q 0.014 c 0.015) | plies 103 decisive 73% | buffer 200000 steps 117275 | 118.7 g/min eta 4.9h
[64950/100000] loss 1.747 (pi 1.632 v 0.093 q 0.014 c 0.016) | plies 101 decisive 76% | buffer 200000 steps 117317 | 118.7 g/min eta 4.9h
[64975/100000] loss 1.750 (pi 1.634 v 0.093 q 0.014 c 0.015) | plies 101 decisive 76% | buffer 200000 steps 117359 | 118.7 g/min eta 4.9h
[65000/100000] loss 1.756 (pi 1.641 v 0.093 q 0.014 c 0.016) | plies 101 decisive 76% | buffer 200000 steps 117404 | 118.7 g/min eta 4.9h
  EVAL @65000: q-greedy 12-12-0 | policy-greedy 9-15-0 | search 8-0-0 (eval 22s)
[65025/100000] loss 1.754 (pi 1.639 v 0.093 q 0.014 c 0.015) | plies 103 decisive 74% | buffer 200000 steps 117445 | 118.6 g/min eta 4.9h
[65050/100000] loss 1.757 (pi 1.643 v 0.092 q 0.014 c 0.015) | plies 105 decisive 71% | buffer 200000 steps 117491 | 118.7 g/min eta 4.9h
[65075/100000] loss 1.760 (pi 1.646 v 0.092 q 0.014 c 0.015) | plies 105 decisive 71% | buffer 200000 steps 117535 | 118.7 g/min eta 4.9h
[65100/100000] loss 1.760 (pi 1.646 v 0.092 q 0.014 c 0.015) | plies 105 decisive 71% | buffer 200000 steps 117577 | 118.7 g/min eta 4.9h
[65125/100000] loss 1.759 (pi 1.646 v 0.092 q 0.014 c 0.015) | plies 101 decisive 74% | buffer 200000 steps 117616 | 118.7 g/min eta 4.9h
[65150/100000] loss 1.758 (pi 1.645 v 0.092 q 0.014 c 0.015) | plies 103 decisive 70% | buffer 200000 steps 117659 | 118.7 g/min eta 4.9h
[65175/100000] loss 1.763 (pi 1.650 v 0.092 q 0.014 c 0.015) | plies 102 decisive 70% | buffer 200000 steps 117701 | 118.7 g/min eta 4.9h
[65200/100000] loss 1.762 (pi 1.648 v 0.093 q 0.014 c 0.014) | plies 101 decisive 73% | buffer 200000 steps 117743 | 118.7 g/min eta 4.9h
[65225/100000] loss 1.757 (pi 1.644 v 0.093 q 0.014 c 0.015) | plies 100 decisive 74% | buffer 200000 steps 117787 | 118.7 g/min eta 4.9h
[65250/100000] loss 1.759 (pi 1.645 v 0.093 q 0.014 c 0.015) | plies 98 decisive 76% | buffer 200000 steps 117830 | 118.7 g/min eta 4.9h
[65275/100000] loss 1.757 (pi 1.643 v 0.093 q 0.014 c 0.015) | plies 97 decisive 79% | buffer 200000 steps 117876 | 118.7 g/min eta 4.9h
[65300/100000] loss 1.753 (pi 1.637 v 0.094 q 0.014 c 0.015) | plies 98 decisive 78% | buffer 200000 steps 117919 | 118.7 g/min eta 4.9h
[65325/100000] loss 1.754 (pi 1.638 v 0.094 q 0.014 c 0.015) | plies 99 decisive 79% | buffer 200000 steps 117962 | 118.7 g/min eta 4.9h
[65350/100000] loss 1.752 (pi 1.637 v 0.094 q 0.014 c 0.015) | plies 98 decisive 82% | buffer 200000 steps 118005 | 118.7 g/min eta 4.9h
[65375/100000] loss 1.754 (pi 1.638 v 0.094 q 0.014 c 0.015) | plies 100 decisive 80% | buffer 200000 steps 118051 | 118.7 g/min eta 4.9h
[65400/100000] loss 1.749 (pi 1.633 v 0.094 q 0.014 c 0.015) | plies 99 decisive 80% | buffer 200000 steps 118090 | 118.7 g/min eta 4.9h
[65425/100000] loss 1.741 (pi 1.625 v 0.095 q 0.014 c 0.015) | plies 99 decisive 81% | buffer 200000 steps 118132 | 118.7 g/min eta 4.9h
[65450/100000] loss 1.749 (pi 1.632 v 0.095 q 0.014 c 0.015) | plies 102 decisive 80% | buffer 200000 steps 118179 | 118.7 g/min eta 4.8h
[65475/100000] loss 1.747 (pi 1.631 v 0.094 q 0.014 c 0.015) | plies 103 decisive 80% | buffer 200000 steps 118227 | 118.7 g/min eta 4.8h
[65500/100000] loss 1.744 (pi 1.628 v 0.094 q 0.014 c 0.016) | plies 104 decisive 77% | buffer 200000 steps 118270 | 118.7 g/min eta 4.8h
[65525/100000] loss 1.744 (pi 1.628 v 0.095 q 0.014 c 0.015) | plies 105 decisive 75% | buffer 200000 steps 118310 | 118.7 g/min eta 4.8h
[65550/100000] loss 1.754 (pi 1.637 v 0.096 q 0.014 c 0.015) | plies 105 decisive 74% | buffer 200000 steps 118350 | 118.7 g/min eta 4.8h
[65575/100000] loss 1.754 (pi 1.637 v 0.095 q 0.014 c 0.015) | plies 105 decisive 74% | buffer 200000 steps 118396 | 118.7 g/min eta 4.8h
[65600/100000] loss 1.748 (pi 1.631 v 0.095 q 0.014 c 0.015) | plies 107 decisive 72% | buffer 200000 steps 118441 | 118.7 g/min eta 4.8h
[65625/100000] loss 1.739 (pi 1.623 v 0.095 q 0.014 c 0.015) | plies 108 decisive 72% | buffer 200000 steps 118487 | 118.7 g/min eta 4.8h
[65650/100000] loss 1.744 (pi 1.629 v 0.094 q 0.014 c 0.015) | plies 109 decisive 70% | buffer 200000 steps 118536 | 118.7 g/min eta 4.8h
[65675/100000] loss 1.744 (pi 1.628 v 0.095 q 0.014 c 0.015) | plies 108 decisive 70% | buffer 200000 steps 118580 | 118.8 g/min eta 4.8h
[65700/100000] loss 1.746 (pi 1.630 v 0.095 q 0.014 c 0.015) | plies 108 decisive 72% | buffer 200000 steps 118625 | 118.8 g/min eta 4.8h
[65725/100000] loss 1.750 (pi 1.633 v 0.095 q 0.014 c 0.015) | plies 106 decisive 72% | buffer 200000 steps 118664 | 118.8 g/min eta 4.8h
[65750/100000] loss 1.735 (pi 1.619 v 0.094 q 0.014 c 0.015) | plies 108 decisive 72% | buffer 200000 steps 118709 | 118.8 g/min eta 4.8h
[65775/100000] loss 1.736 (pi 1.620 v 0.095 q 0.014 c 0.015) | plies 106 decisive 74% | buffer 200000 steps 118754 | 118.8 g/min eta 4.8h
[65800/100000] loss 1.744 (pi 1.628 v 0.094 q 0.014 c 0.015) | plies 107 decisive 74% | buffer 200000 steps 118801 | 118.7 g/min eta 4.8h
[65825/100000] loss 1.750 (pi 1.635 v 0.094 q 0.014 c 0.015) | plies 107 decisive 72% | buffer 200000 steps 118846 | 118.7 g/min eta 4.8h
[65850/100000] loss 1.751 (pi 1.635 v 0.094 q 0.014 c 0.015) | plies 104 decisive 75% | buffer 200000 steps 118892 | 118.7 g/min eta 4.8h
[65875/100000] loss 1.747 (pi 1.632 v 0.094 q 0.014 c 0.015) | plies 104 decisive 74% | buffer 200000 steps 118931 | 118.8 g/min eta 4.8h
[65900/100000] loss 1.739 (pi 1.624 v 0.093 q 0.014 c 0.015) | plies 104 decisive 72% | buffer 200000 steps 118976 | 118.8 g/min eta 4.8h
[65925/100000] loss 1.742 (pi 1.627 v 0.093 q 0.014 c 0.016) | plies 106 decisive 73% | buffer 200000 steps 119016 | 118.8 g/min eta 4.8h
[65950/100000] loss 1.742 (pi 1.626 v 0.094 q 0.014 c 0.015) | plies 104 decisive 74% | buffer 200000 steps 119058 | 118.8 g/min eta 4.8h
[65975/100000] loss 1.743 (pi 1.627 v 0.095 q 0.014 c 0.016) | plies 105 decisive 72% | buffer 200000 steps 119105 | 118.8 g/min eta 4.8h
[66000/100000] loss 1.747 (pi 1.630 v 0.095 q 0.014 c 0.015) | plies 104 decisive 72% | buffer 200000 steps 119148 | 118.8 g/min eta 4.8h
  EVAL @66000: q-greedy 2-22-0 | policy-greedy 6-18-0 | search 8-0-0 (eval 28s)
[66025/100000] loss 1.742 (pi 1.626 v 0.094 q 0.014 c 0.015) | plies 105 decisive 70% | buffer 200000 steps 119190 | 118.7 g/min eta 4.8h
[66050/100000] loss 1.734 (pi 1.619 v 0.093 q 0.014 c 0.015) | plies 106 decisive 68% | buffer 200000 steps 119232 | 118.7 g/min eta 4.8h
[66075/100000] loss 1.734 (pi 1.619 v 0.093 q 0.014 c 0.015) | plies 108 decisive 68% | buffer 200000 steps 119278 | 118.7 g/min eta 4.8h
[66100/100000] loss 1.735 (pi 1.620 v 0.093 q 0.014 c 0.015) | plies 106 decisive 70% | buffer 200000 steps 119322 | 118.7 g/min eta 4.8h
[66125/100000] loss 1.728 (pi 1.613 v 0.093 q 0.014 c 0.015) | plies 106 decisive 71% | buffer 200000 steps 119366 | 118.8 g/min eta 4.8h
[66150/100000] loss 1.725 (pi 1.611 v 0.092 q 0.014 c 0.015) | plies 106 decisive 71% | buffer 200000 steps 119411 | 118.8 g/min eta 4.7h
[66175/100000] loss 1.727 (pi 1.614 v 0.092 q 0.014 c 0.015) | plies 104 decisive 74% | buffer 200000 steps 119455 | 118.8 g/min eta 4.7h
[66200/100000] loss 1.735 (pi 1.621 v 0.093 q 0.014 c 0.015) | plies 103 decisive 76% | buffer 200000 steps 119498 | 118.8 g/min eta 4.7h
[66225/100000] loss 1.738 (pi 1.624 v 0.092 q 0.014 c 0.015) | plies 102 decisive 78% | buffer 200000 steps 119541 | 118.8 g/min eta 4.7h
[66250/100000] loss 1.738 (pi 1.623 v 0.093 q 0.014 c 0.015) | plies 101 decisive 80% | buffer 200000 steps 119586 | 118.8 g/min eta 4.7h
[66275/100000] loss 1.738 (pi 1.623 v 0.093 q 0.014 c 0.015) | plies 101 decisive 79% | buffer 200000 steps 119630 | 118.8 g/min eta 4.7h
[66300/100000] loss 1.735 (pi 1.620 v 0.094 q 0.014 c 0.015) | plies 103 decisive 77% | buffer 200000 steps 119677 | 118.8 g/min eta 4.7h
[66325/100000] loss 1.734 (pi 1.618 v 0.094 q 0.014 c 0.015) | plies 103 decisive 76% | buffer 200000 steps 119716 | 118.8 g/min eta 4.7h
[66350/100000] loss 1.732 (pi 1.617 v 0.094 q 0.014 c 0.015) | plies 102 decisive 76% | buffer 200000 steps 119755 | 118.8 g/min eta 4.7h
[66375/100000] loss 1.722 (pi 1.607 v 0.093 q 0.014 c 0.015) | plies 102 decisive 75% | buffer 200000 steps 119801 | 118.8 g/min eta 4.7h
[66400/100000] loss 1.721 (pi 1.605 v 0.093 q 0.014 c 0.016) | plies 103 decisive 74% | buffer 200000 steps 119842 | 118.8 g/min eta 4.7h
[66425/100000] loss 1.722 (pi 1.606 v 0.094 q 0.014 c 0.015) | plies 104 decisive 74% | buffer 200000 steps 119891 | 118.8 g/min eta 4.7h
[66450/100000] loss 1.722 (pi 1.606 v 0.094 q 0.014 c 0.015) | plies 105 decisive 73% | buffer 200000 steps 119933 | 118.8 g/min eta 4.7h
[66475/100000] loss 1.714 (pi 1.598 v 0.094 q 0.014 c 0.015) | plies 105 decisive 74% | buffer 200000 steps 119979 | 118.8 g/min eta 4.7h
[66500/100000] loss 1.719 (pi 1.604 v 0.094 q 0.014 c 0.015) | plies 101 decisive 76% | buffer 200000 steps 120020 | 118.8 g/min eta 4.7h
[66525/100000] loss 1.713 (pi 1.598 v 0.093 q 0.014 c 0.015) | plies 102 decisive 76% | buffer 200000 steps 120062 | 118.8 g/min eta 4.7h
[66550/100000] loss 1.716 (pi 1.601 v 0.094 q 0.014 c 0.015) | plies 103 decisive 76% | buffer 200000 steps 120105 | 118.8 g/min eta 4.7h
[66575/100000] loss 1.711 (pi 1.596 v 0.093 q 0.014 c 0.015) | plies 105 decisive 77% | buffer 200000 steps 120150 | 118.8 g/min eta 4.7h
[66600/100000] loss 1.710 (pi 1.594 v 0.094 q 0.014 c 0.015) | plies 106 decisive 75% | buffer 200000 steps 120196 | 118.8 g/min eta 4.7h
[66625/100000] loss 1.708 (pi 1.593 v 0.093 q 0.014 c 0.015) | plies 105 decisive 77% | buffer 200000 steps 120241 | 118.8 g/min eta 4.7h
[66650/100000] loss 1.711 (pi 1.595 v 0.094 q 0.014 c 0.015) | plies 105 decisive 76% | buffer 200000 steps 120287 | 118.8 g/min eta 4.7h
[66675/100000] loss 1.713 (pi 1.597 v 0.094 q 0.014 c 0.015) | plies 104 decisive 77% | buffer 200000 steps 120327 | 118.8 g/min eta 4.7h
[66700/100000] loss 1.714 (pi 1.598 v 0.094 q 0.014 c 0.015) | plies 105 decisive 76% | buffer 200000 steps 120372 | 118.8 g/min eta 4.7h
[66725/100000] loss 1.714 (pi 1.598 v 0.094 q 0.014 c 0.015) | plies 105 decisive 76% | buffer 200000 steps 120414 | 118.8 g/min eta 4.7h
[66750/100000] loss 1.713 (pi 1.597 v 0.094 q 0.014 c 0.015) | plies 104 decisive 76% | buffer 200000 steps 120452 | 118.8 g/min eta 4.7h
[66775/100000] loss 1.713 (pi 1.596 v 0.095 q 0.014 c 0.016) | plies 101 decisive 76% | buffer 200000 steps 120493 | 118.8 g/min eta 4.7h
[66800/100000] loss 1.714 (pi 1.598 v 0.094 q 0.015 c 0.016) | plies 100 decisive 78% | buffer 200000 steps 120540 | 118.8 g/min eta 4.7h
[66825/100000] loss 1.716 (pi 1.601 v 0.093 q 0.014 c 0.016) | plies 100 decisive 78% | buffer 200000 steps 120582 | 118.8 g/min eta 4.7h
[66850/100000] loss 1.710 (pi 1.595 v 0.093 q 0.014 c 0.015) | plies 99 decisive 80% | buffer 200000 steps 120624 | 118.8 g/min eta 4.7h
[66875/100000] loss 1.709 (pi 1.594 v 0.093 q 0.014 c 0.015) | plies 101 decisive 78% | buffer 200000 steps 120668 | 118.8 g/min eta 4.6h
[66900/100000] loss 1.717 (pi 1.602 v 0.093 q 0.014 c 0.015) | plies 102 decisive 76% | buffer 200000 steps 120713 | 118.8 g/min eta 4.6h
[66925/100000] loss 1.717 (pi 1.602 v 0.093 q 0.014 c 0.015) | plies 103 decisive 75% | buffer 200000 steps 120756 | 118.8 g/min eta 4.6h
[66950/100000] loss 1.722 (pi 1.606 v 0.094 q 0.014 c 0.015) | plies 104 decisive 74% | buffer 200000 steps 120796 | 118.8 g/min eta 4.6h
[66975/100000] loss 1.719 (pi 1.604 v 0.094 q 0.014 c 0.015) | plies 103 decisive 74% | buffer 200000 steps 120833 | 118.8 g/min eta 4.6h
[67000/100000] loss 1.714 (pi 1.599 v 0.094 q 0.014 c 0.016) | plies 105 decisive 74% | buffer 200000 steps 120879 | 118.8 g/min eta 4.6h
  EVAL @67000: q-greedy 4-20-0 | policy-greedy 7-17-0 | search 8-0-0 (eval 15s)
[67025/100000] loss 1.708 (pi 1.593 v 0.093 q 0.014 c 0.015) | plies 106 decisive 70% | buffer 200000 steps 120921 | 118.8 g/min eta 4.6h
[67050/100000] loss 1.713 (pi 1.599 v 0.093 q 0.014 c 0.015) | plies 107 decisive 70% | buffer 200000 steps 120969 | 118.8 g/min eta 4.6h
[67075/100000] loss 1.707 (pi 1.593 v 0.093 q 0.014 c 0.015) | plies 106 decisive 72% | buffer 200000 steps 121014 | 118.8 g/min eta 4.6h
[67100/100000] loss 1.703 (pi 1.589 v 0.093 q 0.014 c 0.015) | plies 106 decisive 74% | buffer 200000 steps 121063 | 118.8 g/min eta 4.6h
[67125/100000] loss 1.707 (pi 1.593 v 0.093 q 0.014 c 0.015) | plies 106 decisive 73% | buffer 200000 steps 121105 | 118.8 g/min eta 4.6h
[67150/100000] loss 1.712 (pi 1.597 v 0.093 q 0.014 c 0.015) | plies 107 decisive 74% | buffer 200000 steps 121154 | 118.8 g/min eta 4.6h
[67175/100000] loss 1.707 (pi 1.592 v 0.093 q 0.014 c 0.015) | plies 107 decisive 76% | buffer 200000 steps 121192 | 118.8 g/min eta 4.6h
[67200/100000] loss 1.704 (pi 1.590 v 0.092 q 0.014 c 0.015) | plies 106 decisive 75% | buffer 200000 steps 121232 | 118.8 g/min eta 4.6h
[67225/100000] loss 1.705 (pi 1.590 v 0.092 q 0.014 c 0.015) | plies 104 decisive 78% | buffer 200000 steps 121276 | 118.8 g/min eta 4.6h
[67250/100000] loss 1.711 (pi 1.596 v 0.093 q 0.014 c 0.015) | plies 104 decisive 77% | buffer 200000 steps 121318 | 118.8 g/min eta 4.6h
[67275/100000] loss 1.704 (pi 1.589 v 0.093 q 0.014 c 0.015) | plies 104 decisive 76% | buffer 200000 steps 121359 | 118.8 g/min eta 4.6h
[67300/100000] loss 1.710 (pi 1.595 v 0.093 q 0.014 c 0.015) | plies 104 decisive 74% | buffer 200000 steps 121407 | 118.8 g/min eta 4.6h
[67325/100000] loss 1.714 (pi 1.600 v 0.093 q 0.014 c 0.015) | plies 103 decisive 75% | buffer 200000 steps 121449 | 118.8 g/min eta 4.6h
[67350/100000] loss 1.705 (pi 1.592 v 0.092 q 0.014 c 0.015) | plies 104 decisive 72% | buffer 200000 steps 121492 | 118.8 g/min eta 4.6h
[67375/100000] loss 1.704 (pi 1.591 v 0.091 q 0.014 c 0.015) | plies 105 decisive 70% | buffer 200000 steps 121533 | 118.9 g/min eta 4.6h
[67400/100000] loss 1.706 (pi 1.592 v 0.092 q 0.014 c 0.015) | plies 106 decisive 70% | buffer 200000 steps 121579 | 118.8 g/min eta 4.6h
[67425/100000] loss 1.708 (pi 1.592 v 0.094 q 0.014 c 0.015) | plies 106 decisive 71% | buffer 200000 steps 121621 | 118.9 g/min eta 4.6h
[67450/100000] loss 1.704 (pi 1.588 v 0.094 q 0.014 c 0.016) | plies 104 decisive 71% | buffer 200000 steps 121659 | 118.9 g/min eta 4.6h
[67475/100000] loss 1.705 (pi 1.590 v 0.093 q 0.014 c 0.015) | plies 105 decisive 72% | buffer 200000 steps 121699 | 118.9 g/min eta 4.6h
[67500/100000] loss 1.704 (pi 1.590 v 0.092 q 0.014 c 0.015) | plies 103 decisive 74% | buffer 200000 steps 121739 | 118.9 g/min eta 4.6h
[67525/100000] loss 1.699 (pi 1.586 v 0.091 q 0.014 c 0.015) | plies 104 decisive 74% | buffer 200000 steps 121782 | 118.9 g/min eta 4.6h
[67550/100000] loss 1.702 (pi 1.589 v 0.091 q 0.014 c 0.015) | plies 101 decisive 76% | buffer 200000 steps 121820 | 118.9 g/min eta 4.6h
[67575/100000] loss 1.708 (pi 1.596 v 0.091 q 0.014 c 0.015) | plies 102 decisive 74% | buffer 200000 steps 121866 | 118.9 g/min eta 4.5h
[67600/100000] loss 1.706 (pi 1.593 v 0.091 q 0.014 c 0.015) | plies 101 decisive 73% | buffer 200000 steps 121910 | 118.9 g/min eta 4.5h
[67625/100000] loss 1.708 (pi 1.594 v 0.091 q 0.014 c 0.016) | plies 100 decisive 74% | buffer 200000 steps 121950 | 118.9 g/min eta 4.5h
[67650/100000] loss 1.712 (pi 1.598 v 0.092 q 0.014 c 0.016) | plies 102 decisive 73% | buffer 200000 steps 121991 | 118.9 g/min eta 4.5h
[67675/100000] loss 1.717 (pi 1.601 v 0.094 q 0.014 c 0.016) | plies 102 decisive 73% | buffer 200000 steps 122035 | 118.9 g/min eta 4.5h
[67700/100000] loss 1.707 (pi 1.592 v 0.093 q 0.014 c 0.016) | plies 103 decisive 72% | buffer 200000 steps 122077 | 118.9 g/min eta 4.5h
[67725/100000] loss 1.707 (pi 1.593 v 0.092 q 0.014 c 0.015) | plies 101 decisive 75% | buffer 200000 steps 122116 | 118.9 g/min eta 4.5h
[67750/100000] loss 1.711 (pi 1.597 v 0.092 q 0.014 c 0.015) | plies 102 decisive 74% | buffer 200000 steps 122152 | 118.9 g/min eta 4.5h
[67775/100000] loss 1.705 (pi 1.591 v 0.092 q 0.014 c 0.015) | plies 101 decisive 76% | buffer 200000 steps 122194 | 118.9 g/min eta 4.5h
[67800/100000] loss 1.701 (pi 1.587 v 0.093 q 0.014 c 0.015) | plies 99 decisive 76% | buffer 200000 steps 122236 | 118.9 g/min eta 4.5h
[67825/100000] loss 1.705 (pi 1.590 v 0.093 q 0.014 c 0.015) | plies 102 decisive 74% | buffer 200000 steps 122280 | 118.9 g/min eta 4.5h
[67850/100000] loss 1.712 (pi 1.598 v 0.093 q 0.014 c 0.016) | plies 102 decisive 74% | buffer 200000 steps 122324 | 118.9 g/min eta 4.5h
[67875/100000] loss 1.704 (pi 1.590 v 0.092 q 0.014 c 0.016) | plies 101 decisive 74% | buffer 200000 steps 122366 | 118.9 g/min eta 4.5h
[67900/100000] loss 1.706 (pi 1.593 v 0.092 q 0.014 c 0.015) | plies 100 decisive 76% | buffer 200000 steps 122408 | 118.9 g/min eta 4.5h
[67925/100000] loss 1.708 (pi 1.594 v 0.092 q 0.014 c 0.015) | plies 100 decisive 74% | buffer 200000 steps 122450 | 118.9 g/min eta 4.5h
[67950/100000] loss 1.711 (pi 1.598 v 0.092 q 0.014 c 0.015) | plies 102 decisive 74% | buffer 200000 steps 122491 | 118.9 g/min eta 4.5h
[67975/100000] loss 1.706 (pi 1.592 v 0.092 q 0.014 c 0.015) | plies 100 decisive 77% | buffer 200000 steps 122530 | 118.9 g/min eta 4.5h
[68000/100000] loss 1.703 (pi 1.588 v 0.093 q 0.014 c 0.015) | plies 102 decisive 77% | buffer 200000 steps 122575 | 118.9 g/min eta 4.5h
  EVAL @68000: q-greedy 6-18-0 | policy-greedy 10-14-0 | search 8-0-0 (eval 23s)
[68025/100000] loss 1.708 (pi 1.592 v 0.094 q 0.014 c 0.015) | plies 100 decisive 79% | buffer 200000 steps 122618 | 118.8 g/min eta 4.5h
[68050/100000] loss 1.697 (pi 1.582 v 0.093 q 0.014 c 0.015) | plies 101 decisive 77% | buffer 200000 steps 122664 | 118.9 g/min eta 4.5h
[68075/100000] loss 1.701 (pi 1.586 v 0.094 q 0.014 c 0.015) | plies 100 decisive 78% | buffer 200000 steps 122704 | 118.9 g/min eta 4.5h
[68100/100000] loss 1.703 (pi 1.588 v 0.093 q 0.014 c 0.015) | plies 99 decisive 80% | buffer 200000 steps 122741 | 118.9 g/min eta 4.5h
[68125/100000] loss 1.701 (pi 1.587 v 0.093 q 0.014 c 0.015) | plies 100 decisive 80% | buffer 200000 steps 122785 | 118.9 g/min eta 4.5h
[68150/100000] loss 1.706 (pi 1.591 v 0.093 q 0.014 c 0.015) | plies 99 decisive 80% | buffer 200000 steps 122824 | 118.9 g/min eta 4.5h
[68175/100000] loss 1.707 (pi 1.593 v 0.093 q 0.014 c 0.015) | plies 102 decisive 76% | buffer 200000 steps 122872 | 118.9 g/min eta 4.5h
[68200/100000] loss 1.703 (pi 1.588 v 0.093 q 0.014 c 0.015) | plies 101 decisive 76% | buffer 200000 steps 122914 | 118.9 g/min eta 4.5h
[68225/100000] loss 1.706 (pi 1.591 v 0.093 q 0.014 c 0.015) | plies 102 decisive 76% | buffer 200000 steps 122958 | 118.9 g/min eta 4.5h
[68250/100000] loss 1.704 (pi 1.589 v 0.094 q 0.014 c 0.015) | plies 100 decisive 78% | buffer 200000 steps 122999 | 118.9 g/min eta 4.5h
[68275/100000] loss 1.704 (pi 1.589 v 0.094 q 0.014 c 0.015) | plies 103 decisive 75% | buffer 200000 steps 123048 | 118.9 g/min eta 4.4h
[68300/100000] loss 1.700 (pi 1.585 v 0.094 q 0.014 c 0.015) | plies 105 decisive 73% | buffer 200000 steps 123091 | 118.9 g/min eta 4.4h
[68325/100000] loss 1.700 (pi 1.586 v 0.093 q 0.014 c 0.015) | plies 106 decisive 72% | buffer 200000 steps 123139 | 118.9 g/min eta 4.4h
[68350/100000] loss 1.700 (pi 1.587 v 0.092 q 0.014 c 0.015) | plies 108 decisive 72% | buffer 200000 steps 123183 | 118.9 g/min eta 4.4h
[68375/100000] loss 1.698 (pi 1.584 v 0.092 q 0.014 c 0.015) | plies 107 decisive 74% | buffer 200000 steps 123230 | 118.9 g/min eta 4.4h
[68400/100000] loss 1.702 (pi 1.589 v 0.092 q 0.014 c 0.015) | plies 109 decisive 74% | buffer 200000 steps 123279 | 118.9 g/min eta 4.4h
[68425/100000] loss 1.695 (pi 1.581 v 0.092 q 0.014 c 0.015) | plies 110 decisive 70% | buffer 200000 steps 123325 | 118.9 g/min eta 4.4h
[68450/100000] loss 1.695 (pi 1.581 v 0.092 q 0.014 c 0.015) | plies 108 decisive 71% | buffer 200000 steps 123365 | 118.9 g/min eta 4.4h
[68475/100000] loss 1.695 (pi 1.581 v 0.092 q 0.014 c 0.015) | plies 107 decisive 72% | buffer 200000 steps 123412 | 118.9 g/min eta 4.4h
[68500/100000] loss 1.697 (pi 1.582 v 0.093 q 0.014 c 0.015) | plies 107 decisive 74% | buffer 200000 steps 123456 | 118.9 g/min eta 4.4h
[68525/100000] loss 1.697 (pi 1.581 v 0.094 q 0.014 c 0.015) | plies 106 decisive 73% | buffer 200000 steps 123498 | 118.9 g/min eta 4.4h
[68550/100000] loss 1.696 (pi 1.581 v 0.093 q 0.014 c 0.015) | plies 106 decisive 73% | buffer 200000 steps 123543 | 118.9 g/min eta 4.4h
[68575/100000] loss 1.697 (pi 1.581 v 0.093 q 0.014 c 0.015) | plies 105 decisive 73% | buffer 200000 steps 123585 | 118.9 g/min eta 4.4h
[68600/100000] loss 1.698 (pi 1.582 v 0.094 q 0.014 c 0.015) | plies 104 decisive 74% | buffer 200000 steps 123628 | 118.9 g/min eta 4.4h
[68625/100000] loss 1.702 (pi 1.587 v 0.093 q 0.014 c 0.015) | plies 102 decisive 76% | buffer 200000 steps 123671 | 118.9 g/min eta 4.4h
[68650/100000] loss 1.694 (pi 1.579 v 0.093 q 0.014 c 0.016) | plies 104 decisive 75% | buffer 200000 steps 123719 | 118.9 g/min eta 4.4h
[68675/100000] loss 1.690 (pi 1.575 v 0.093 q 0.014 c 0.015) | plies 105 decisive 74% | buffer 200000 steps 123768 | 118.9 g/min eta 4.4h
[68700/100000] loss 1.690 (pi 1.575 v 0.093 q 0.014 c 0.015) | plies 107 decisive 72% | buffer 200000 steps 123812 | 118.9 g/min eta 4.4h
[68725/100000] loss 1.690 (pi 1.575 v 0.094 q 0.014 c 0.015) | plies 109 decisive 70% | buffer 200000 steps 123859 | 118.9 g/min eta 4.4h
[68750/100000] loss 1.694 (pi 1.578 v 0.094 q 0.014 c 0.016) | plies 108 decisive 72% | buffer 200000 steps 123903 | 118.9 g/min eta 4.4h
[68775/100000] loss 1.691 (pi 1.576 v 0.094 q 0.014 c 0.016) | plies 107 decisive 74% | buffer 200000 steps 123947 | 118.9 g/min eta 4.4h
[68800/100000] loss 1.689 (pi 1.573 v 0.094 q 0.014 c 0.016) | plies 107 decisive 73% | buffer 200000 steps 123992 | 118.9 g/min eta 4.4h
[68825/100000] loss 1.688 (pi 1.572 v 0.094 q 0.014 c 0.016) | plies 108 decisive 72% | buffer 200000 steps 124034 | 118.9 g/min eta 4.4h
[68850/100000] loss 1.687 (pi 1.570 v 0.094 q 0.014 c 0.016) | plies 106 decisive 72% | buffer 200000 steps 124077 | 118.9 g/min eta 4.4h
[68875/100000] loss 1.693 (pi 1.578 v 0.093 q 0.014 c 0.016) | plies 104 decisive 74% | buffer 200000 steps 124116 | 118.9 g/min eta 4.4h
[68900/100000] loss 1.693 (pi 1.578 v 0.093 q 0.014 c 0.016) | plies 105 decisive 72% | buffer 200000 steps 124161 | 118.9 g/min eta 4.4h
[68925/100000] loss 1.697 (pi 1.582 v 0.092 q 0.014 c 0.015) | plies 103 decisive 75% | buffer 200000 steps 124204 | 118.9 g/min eta 4.4h
[68950/100000] loss 1.695 (pi 1.580 v 0.092 q 0.014 c 0.015) | plies 104 decisive 74% | buffer 200000 steps 124249 | 118.9 g/min eta 4.4h
[68975/100000] loss 1.696 (pi 1.582 v 0.093 q 0.014 c 0.015) | plies 105 decisive 72% | buffer 200000 steps 124290 | 118.9 g/min eta 4.3h
[69000/100000] loss 1.696 (pi 1.581 v 0.093 q 0.014 c 0.015) | plies 105 decisive 72% | buffer 200000 steps 124334 | 118.9 g/min eta 4.3h
  EVAL @69000: q-greedy 6-18-0 | policy-greedy 11-13-0 | search 8-0-0 (eval 17s)
[69025/100000] loss 1.694 (pi 1.579 v 0.094 q 0.014 c 0.015) | plies 106 decisive 71% | buffer 200000 steps 124379 | 118.9 g/min eta 4.3h
[69050/100000] loss 1.695 (pi 1.579 v 0.094 q 0.014 c 0.015) | plies 105 decisive 70% | buffer 200000 steps 124424 | 118.9 g/min eta 4.3h
[69075/100000] loss 1.687 (pi 1.573 v 0.092 q 0.014 c 0.015) | plies 107 decisive 69% | buffer 200000 steps 124470 | 118.9 g/min eta 4.3h
[69100/100000] loss 1.690 (pi 1.575 v 0.093 q 0.014 c 0.015) | plies 105 decisive 72% | buffer 200000 steps 124516 | 118.9 g/min eta 4.3h
[69125/100000] loss 1.698 (pi 1.583 v 0.093 q 0.014 c 0.015) | plies 104 decisive 70% | buffer 200000 steps 124561 | 118.9 g/min eta 4.3h
[69150/100000] loss 1.695 (pi 1.579 v 0.094 q 0.014 c 0.015) | plies 105 decisive 68% | buffer 200000 steps 124607 | 118.9 g/min eta 4.3h
[69175/100000] loss 1.698 (pi 1.583 v 0.093 q 0.014 c 0.015) | plies 106 decisive 68% | buffer 200000 steps 124652 | 118.9 g/min eta 4.3h
[69200/100000] loss 1.691 (pi 1.576 v 0.093 q 0.014 c 0.015) | plies 106 decisive 69% | buffer 200000 steps 124697 | 118.9 g/min eta 4.3h
[69225/100000] loss 1.697 (pi 1.581 v 0.094 q 0.014 c 0.016) | plies 106 decisive 71% | buffer 200000 steps 124744 | 119.0 g/min eta 4.3h
[69250/100000] loss 1.692 (pi 1.577 v 0.093 q 0.014 c 0.016) | plies 107 decisive 70% | buffer 200000 steps 124791 | 119.0 g/min eta 4.3h
[69275/100000] loss 1.692 (pi 1.577 v 0.093 q 0.014 c 0.016) | plies 105 decisive 74% | buffer 200000 steps 124834 | 119.0 g/min eta 4.3h
[69300/100000] loss 1.692 (pi 1.578 v 0.092 q 0.014 c 0.016) | plies 107 decisive 74% | buffer 200000 steps 124879 | 119.0 g/min eta 4.3h
[69325/100000] loss 1.681 (pi 1.568 v 0.092 q 0.014 c 0.016) | plies 106 decisive 74% | buffer 200000 steps 124921 | 119.0 g/min eta 4.3h
[69350/100000] loss 1.692 (pi 1.577 v 0.093 q 0.014 c 0.016) | plies 104 decisive 77% | buffer 200000 steps 124966 | 118.9 g/min eta 4.3h
[69375/100000] loss 1.698 (pi 1.583 v 0.093 q 0.014 c 0.016) | plies 105 decisive 77% | buffer 200000 steps 125013 | 118.9 g/min eta 4.3h
[69400/100000] loss 1.700 (pi 1.585 v 0.093 q 0.014 c 0.016) | plies 105 decisive 78% | buffer 200000 steps 125054 | 118.9 g/min eta 4.3h
[69425/100000] loss 1.703 (pi 1.588 v 0.093 q 0.014 c 0.016) | plies 102 decisive 80% | buffer 200000 steps 125096 | 118.9 g/min eta 4.3h
[69450/100000] loss 1.704 (pi 1.588 v 0.094 q 0.014 c 0.016) | plies 101 decisive 81% | buffer 200000 steps 125139 | 118.9 g/min eta 4.3h
[69475/100000] loss 1.699 (pi 1.584 v 0.094 q 0.014 c 0.016) | plies 103 decisive 79% | buffer 200000 steps 125184 | 118.9 g/min eta 4.3h
[69500/100000] loss 1.695 (pi 1.579 v 0.093 q 0.014 c 0.016) | plies 103 decisive 80% | buffer 200000 steps 125229 | 119.0 g/min eta 4.3h
[69525/100000] loss 1.697 (pi 1.581 v 0.094 q 0.014 c 0.016) | plies 106 decisive 80% | buffer 200000 steps 125278 | 119.0 g/min eta 4.3h
[69550/100000] loss 1.697 (pi 1.581 v 0.094 q 0.014 c 0.016) | plies 108 decisive 78% | buffer 200000 steps 125326 | 119.0 g/min eta 4.3h
[69575/100000] loss 1.697 (pi 1.580 v 0.094 q 0.014 c 0.016) | plies 107 decisive 77% | buffer 200000 steps 125370 | 118.9 g/min eta 4.3h
[69600/100000] loss 1.692 (pi 1.575 v 0.095 q 0.014 c 0.016) | plies 109 decisive 76% | buffer 200000 steps 125419 | 118.9 g/min eta 4.3h
[69625/100000] loss 1.692 (pi 1.575 v 0.094 q 0.014 c 0.016) | plies 111 decisive 72% | buffer 200000 steps 125464 | 118.9 g/min eta 4.3h
[69650/100000] loss 1.697 (pi 1.580 v 0.095 q 0.014 c 0.016) | plies 111 decisive 70% | buffer 200000 steps 125505 | 118.9 g/min eta 4.3h
[69675/100000] loss 1.700 (pi 1.582 v 0.095 q 0.014 c 0.016) | plies 112 decisive 70% | buffer 200000 steps 125553 | 118.9 g/min eta 4.2h
[69700/100000] loss 1.693 (pi 1.577 v 0.094 q 0.014 c 0.016) | plies 112 decisive 68% | buffer 200000 steps 125599 | 118.9 g/min eta 4.2h
[69725/100000] loss 1.700 (pi 1.585 v 0.093 q 0.014 c 0.016) | plies 112 decisive 67% | buffer 200000 steps 125643 | 118.9 g/min eta 4.2h
[69750/100000] loss 1.693 (pi 1.578 v 0.093 q 0.014 c 0.016) | plies 111 decisive 68% | buffer 200000 steps 125692 | 118.9 g/min eta 4.2h
[69775/100000] loss 1.700 (pi 1.585 v 0.092 q 0.014 c 0.016) | plies 111 decisive 68% | buffer 200000 steps 125738 | 118.9 g/min eta 4.2h
[69800/100000] loss 1.702 (pi 1.587 v 0.092 q 0.014 c 0.016) | plies 112 decisive 66% | buffer 200000 steps 125786 | 118.9 g/min eta 4.2h
[69825/100000] loss 1.703 (pi 1.588 v 0.092 q 0.014 c 0.017) | plies 112 decisive 66% | buffer 200000 steps 125829 | 119.0 g/min eta 4.2h
[69850/100000] loss 1.700 (pi 1.586 v 0.091 q 0.014 c 0.017) | plies 112 decisive 66% | buffer 200000 steps 125868 | 118.9 g/min eta 4.2h
[69875/100000] loss 1.700 (pi 1.587 v 0.090 q 0.014 c 0.017) | plies 111 decisive 66% | buffer 200000 steps 125915 | 118.9 g/min eta 4.2h
[69900/100000] loss 1.703 (pi 1.591 v 0.090 q 0.014 c 0.017) | plies 111 decisive 66% | buffer 200000 steps 125959 | 118.9 g/min eta 4.2h
[69925/100000] loss 1.709 (pi 1.597 v 0.090 q 0.014 c 0.017) | plies 111 decisive 66% | buffer 200000 steps 126008 | 118.9 g/min eta 4.2h
[69950/100000] loss 1.709 (pi 1.596 v 0.091 q 0.015 c 0.017) | plies 112 decisive 65% | buffer 200000 steps 126050 | 119.0 g/min eta 4.2h
[69975/100000] loss 1.710 (pi 1.597 v 0.090 q 0.014 c 0.017) | plies 112 decisive 66% | buffer 200000 steps 126095 | 118.9 g/min eta 4.2h
[70000/100000] loss 1.711 (pi 1.597 v 0.091 q 0.014 c 0.017) | plies 110 decisive 68% | buffer 200000 steps 126137 | 118.9 g/min eta 4.2h
  EVAL @70000: q-greedy 7-17-0 | policy-greedy 7-17-0 | search 8-0-0 (eval 30s)
[70025/100000] loss 1.709 (pi 1.595 v 0.090 q 0.014 c 0.017) | plies 110 decisive 69% | buffer 200000 steps 126182 | 118.8 g/min eta 4.2h
[70050/100000] loss 1.704 (pi 1.591 v 0.091 q 0.014 c 0.016) | plies 112 decisive 70% | buffer 200000 steps 126227 | 118.9 g/min eta 4.2h
[70075/100000] loss 1.699 (pi 1.586 v 0.091 q 0.014 c 0.017) | plies 111 decisive 70% | buffer 200000 steps 126269 | 118.9 g/min eta 4.2h
[70100/100000] loss 1.698 (pi 1.585 v 0.090 q 0.015 c 0.017) | plies 109 decisive 74% | buffer 200000 steps 126311 | 118.9 g/min eta 4.2h
[70125/100000] loss 1.698 (pi 1.585 v 0.090 q 0.014 c 0.017) | plies 108 decisive 74% | buffer 200000 steps 126355 | 118.9 g/min eta 4.2h
[70150/100000] loss 1.695 (pi 1.583 v 0.090 q 0.014 c 0.017) | plies 108 decisive 74% | buffer 200000 steps 126401 | 118.9 g/min eta 4.2h
[70175/100000] loss 1.701 (pi 1.588 v 0.090 q 0.014 c 0.017) | plies 107 decisive 72% | buffer 200000 steps 126437 | 118.9 g/min eta 4.2h
[70200/100000] loss 1.700 (pi 1.587 v 0.090 q 0.014 c 0.017) | plies 108 decisive 72% | buffer 200000 steps 126487 | 118.9 g/min eta 4.2h
[70225/100000] loss 1.706 (pi 1.593 v 0.090 q 0.014 c 0.017) | plies 108 decisive 72% | buffer 200000 steps 126532 | 118.9 g/min eta 4.2h
[70250/100000] loss 1.702 (pi 1.590 v 0.089 q 0.014 c 0.017) | plies 107 decisive 74% | buffer 200000 steps 126575 | 118.9 g/min eta 4.2h
[70275/100000] loss 1.705 (pi 1.593 v 0.090 q 0.014 c 0.017) | plies 107 decisive 74% | buffer 200000 steps 126620 | 118.9 g/min eta 4.2h
[70300/100000] loss 1.712 (pi 1.599 v 0.090 q 0.014 c 0.017) | plies 109 decisive 71% | buffer 200000 steps 126667 | 118.9 g/min eta 4.2h
[70325/100000] loss 1.703 (pi 1.591 v 0.090 q 0.014 c 0.017) | plies 108 decisive 70% | buffer 200000 steps 126706 | 118.9 g/min eta 4.2h
[70350/100000] loss 1.707 (pi 1.595 v 0.090 q 0.014 c 0.017) | plies 107 decisive 74% | buffer 200000 steps 126752 | 118.9 g/min eta 4.2h
[70375/100000] loss 1.707 (pi 1.594 v 0.091 q 0.014 c 0.017) | plies 108 decisive 74% | buffer 200000 steps 126799 | 118.9 g/min eta 4.2h
[70400/100000] loss 1.708 (pi 1.595 v 0.090 q 0.014 c 0.016) | plies 108 decisive 74% | buffer 200000 steps 126848 | 118.9 g/min eta 4.1h
[70425/100000] loss 1.704 (pi 1.593 v 0.089 q 0.014 c 0.016) | plies 108 decisive 74% | buffer 200000 steps 126891 | 118.9 g/min eta 4.1h
[70450/100000] loss 1.700 (pi 1.588 v 0.089 q 0.014 c 0.017) | plies 110 decisive 72% | buffer 200000 steps 126940 | 118.9 g/min eta 4.1h
[70475/100000] loss 1.703 (pi 1.590 v 0.090 q 0.014 c 0.017) | plies 111 decisive 71% | buffer 200000 steps 126988 | 118.9 g/min eta 4.1h
[70500/100000] loss 1.704 (pi 1.592 v 0.090 q 0.014 c 0.016) | plies 110 decisive 74% | buffer 200000 steps 127031 | 118.9 g/min eta 4.1h
[70525/100000] loss 1.711 (pi 1.598 v 0.090 q 0.014 c 0.016) | plies 112 decisive 72% | buffer 200000 steps 127074 | 118.9 g/min eta 4.1h
[70550/100000] loss 1.714 (pi 1.601 v 0.090 q 0.014 c 0.016) | plies 113 decisive 70% | buffer 200000 steps 127119 | 118.9 g/min eta 4.1h
[70575/100000] loss 1.714 (pi 1.602 v 0.090 q 0.014 c 0.016) | plies 114 decisive 70% | buffer 200000 steps 127169 | 118.9 g/min eta 4.1h
[70600/100000] loss 1.713 (pi 1.601 v 0.090 q 0.014 c 0.016) | plies 112 decisive 72% | buffer 200000 steps 127212 | 118.9 g/min eta 4.1h
[70625/100000] loss 1.714 (pi 1.602 v 0.090 q 0.014 c 0.017) | plies 114 decisive 71% | buffer 200000 steps 127259 | 118.9 g/min eta 4.1h
[70650/100000] loss 1.713 (pi 1.601 v 0.090 q 0.014 c 0.017) | plies 114 decisive 70% | buffer 200000 steps 127305 | 118.9 g/min eta 4.1h
[70675/100000] loss 1.715 (pi 1.602 v 0.090 q 0.014 c 0.017) | plies 113 decisive 72% | buffer 200000 steps 127348 | 118.9 g/min eta 4.1h
[70700/100000] loss 1.710 (pi 1.599 v 0.089 q 0.014 c 0.016) | plies 115 decisive 69% | buffer 200000 steps 127394 | 118.9 g/min eta 4.1h
[70725/100000] loss 1.714 (pi 1.601 v 0.091 q 0.014 c 0.016) | plies 114 decisive 70% | buffer 200000 steps 127438 | 118.9 g/min eta 4.1h
[70750/100000] loss 1.724 (pi 1.610 v 0.092 q 0.014 c 0.016) | plies 114 decisive 70% | buffer 200000 steps 127481 | 118.9 g/min eta 4.1h
[70775/100000] loss 1.730 (pi 1.615 v 0.092 q 0.014 c 0.016) | plies 115 decisive 69% | buffer 200000 steps 127529 | 118.9 g/min eta 4.1h
[70800/100000] loss 1.733 (pi 1.619 v 0.092 q 0.014 c 0.016) | plies 115 decisive 70% | buffer 200000 steps 127577 | 118.9 g/min eta 4.1h
[70825/100000] loss 1.721 (pi 1.608 v 0.091 q 0.014 c 0.016) | plies 114 decisive 70% | buffer 200000 steps 127623 | 118.9 g/min eta 4.1h
[70850/100000] loss 1.715 (pi 1.602 v 0.091 q 0.014 c 0.016) | plies 114 decisive 70% | buffer 200000 steps 127670 | 118.9 g/min eta 4.1h
[70875/100000] loss 1.715 (pi 1.602 v 0.091 q 0.014 c 0.016) | plies 115 decisive 68% | buffer 200000 steps 127716 | 118.9 g/min eta 4.1h
[70900/100000] loss 1.718 (pi 1.605 v 0.090 q 0.014 c 0.016) | plies 115 decisive 68% | buffer 200000 steps 127764 | 118.9 g/min eta 4.1h
[70925/100000] loss 1.725 (pi 1.613 v 0.090 q 0.014 c 0.016) | plies 114 decisive 68% | buffer 200000 steps 127805 | 118.9 g/min eta 4.1h
[70950/100000] loss 1.718 (pi 1.605 v 0.091 q 0.014 c 0.016) | plies 114 decisive 68% | buffer 200000 steps 127853 | 118.9 g/min eta 4.1h
[70975/100000] loss 1.720 (pi 1.607 v 0.090 q 0.014 c 0.017) | plies 114 decisive 70% | buffer 200000 steps 127900 | 118.9 g/min eta 4.1h
[71000/100000] loss 1.719 (pi 1.606 v 0.090 q 0.014 c 0.017) | plies 114 decisive 70% | buffer 200000 steps 127944 | 118.9 g/min eta 4.1h
  EVAL @71000: q-greedy 0-24-0 | policy-greedy 7-17-0 | search 8-0-0 (eval 29s)
[71025/100000] loss 1.720 (pi 1.608 v 0.090 q 0.014 c 0.017) | plies 115 decisive 70% | buffer 200000 steps 127991 | 118.8 g/min eta 4.1h
[71050/100000] loss 1.720 (pi 1.607 v 0.090 q 0.014 c 0.017) | plies 114 decisive 70% | buffer 200000 steps 128035 | 118.8 g/min eta 4.1h
[71075/100000] loss 1.713 (pi 1.601 v 0.089 q 0.014 c 0.017) | plies 113 decisive 70% | buffer 200000 steps 128076 | 118.9 g/min eta 4.1h
[71100/100000] loss 1.710 (pi 1.598 v 0.089 q 0.014 c 0.017) | plies 112 decisive 70% | buffer 200000 steps 128123 | 118.9 g/min eta 4.1h
[71125/100000] loss 1.710 (pi 1.598 v 0.089 q 0.014 c 0.017) | plies 113 decisive 70% | buffer 200000 steps 128169 | 118.9 g/min eta 4.0h
[71150/100000] loss 1.713 (pi 1.600 v 0.090 q 0.014 c 0.017) | plies 114 decisive 68% | buffer 200000 steps 128217 | 118.9 g/min eta 4.0h
[71175/100000] loss 1.708 (pi 1.596 v 0.090 q 0.014 c 0.017) | plies 113 decisive 70% | buffer 200000 steps 128263 | 118.9 g/min eta 4.0h
[71200/100000] loss 1.707 (pi 1.595 v 0.090 q 0.014 c 0.017) | plies 114 decisive 70% | buffer 200000 steps 128311 | 118.9 g/min eta 4.0h
[71225/100000] loss 1.710 (pi 1.599 v 0.089 q 0.014 c 0.016) | plies 114 decisive 69% | buffer 200000 steps 128360 | 118.9 g/min eta 4.0h
[71250/100000] loss 1.713 (pi 1.603 v 0.089 q 0.014 c 0.016) | plies 114 decisive 70% | buffer 200000 steps 128408 | 118.9 g/min eta 4.0h
[71275/100000] loss 1.720 (pi 1.608 v 0.089 q 0.014 c 0.017) | plies 115 decisive 70% | buffer 200000 steps 128454 | 118.9 g/min eta 4.0h
[71300/100000] loss 1.715 (pi 1.602 v 0.090 q 0.014 c 0.017) | plies 115 decisive 70% | buffer 200000 steps 128498 | 118.9 g/min eta 4.0h
[71325/100000] loss 1.710 (pi 1.597 v 0.090 q 0.014 c 0.017) | plies 114 decisive 70% | buffer 200000 steps 128543 | 118.9 g/min eta 4.0h
[71350/100000] loss 1.713 (pi 1.601 v 0.091 q 0.014 c 0.016) | plies 112 decisive 71% | buffer 200000 steps 128583 | 118.9 g/min eta 4.0h
[71375/100000] loss 1.717 (pi 1.605 v 0.090 q 0.014 c 0.016) | plies 113 decisive 70% | buffer 200000 steps 128631 | 118.9 g/min eta 4.0h
[71400/100000] loss 1.719 (pi 1.607 v 0.090 q 0.014 c 0.016) | plies 112 decisive 70% | buffer 200000 steps 128676 | 118.9 g/min eta 4.0h
[71425/100000] loss 1.717 (pi 1.605 v 0.089 q 0.015 c 0.016) | plies 113 decisive 70% | buffer 200000 steps 128725 | 118.9 g/min eta 4.0h
[71450/100000] loss 1.712 (pi 1.599 v 0.090 q 0.014 c 0.016) | plies 113 decisive 71% | buffer 200000 steps 128771 | 118.9 g/min eta 4.0h
[71475/100000] loss 1.719 (pi 1.606 v 0.090 q 0.014 c 0.016) | plies 113 decisive 72% | buffer 200000 steps 128815 | 118.9 g/min eta 4.0h
[71500/100000] loss 1.714 (pi 1.601 v 0.091 q 0.014 c 0.016) | plies 113 decisive 72% | buffer 200000 steps 128860 | 118.9 g/min eta 4.0h
[71525/100000] loss 1.718 (pi 1.605 v 0.091 q 0.014 c 0.016) | plies 115 decisive 71% | buffer 200000 steps 128912 | 118.9 g/min eta 4.0h
[71550/100000] loss 1.724 (pi 1.611 v 0.091 q 0.014 c 0.016) | plies 115 decisive 72% | buffer 200000 steps 128958 | 118.9 g/min eta 4.0h
[71575/100000] loss 1.724 (pi 1.611 v 0.091 q 0.014 c 0.017) | plies 114 decisive 74% | buffer 200000 steps 129003 | 118.9 g/min eta 4.0h
[71600/100000] loss 1.722 (pi 1.608 v 0.091 q 0.014 c 0.017) | plies 117 decisive 72% | buffer 200000 steps 129055 | 118.9 g/min eta 4.0h
[71625/100000] loss 1.721 (pi 1.606 v 0.092 q 0.014 c 0.016) | plies 115 decisive 74% | buffer 200000 steps 129098 | 118.9 g/min eta 4.0h
[71650/100000] loss 1.719 (pi 1.604 v 0.092 q 0.014 c 0.017) | plies 112 decisive 75% | buffer 200000 steps 129142 | 118.9 g/min eta 4.0h
[71675/100000] loss 1.720 (pi 1.606 v 0.092 q 0.014 c 0.017) | plies 113 decisive 74% | buffer 200000 steps 129196 | 118.9 g/min eta 4.0h
[71700/100000] loss 1.721 (pi 1.607 v 0.092 q 0.014 c 0.017) | plies 113 decisive 74% | buffer 200000 steps 129239 | 118.9 g/min eta 4.0h
[71725/100000] loss 1.719 (pi 1.605 v 0.092 q 0.014 c 0.017) | plies 110 decisive 74% | buffer 200000 steps 129281 | 118.9 g/min eta 4.0h
[71750/100000] loss 1.713 (pi 1.599 v 0.092 q 0.014 c 0.017) | plies 110 decisive 74% | buffer 200000 steps 129330 | 118.9 g/min eta 4.0h
[71775/100000] loss 1.715 (pi 1.600 v 0.092 q 0.014 c 0.017) | plies 109 decisive 76% | buffer 200000 steps 129372 | 118.9 g/min eta 4.0h
[71800/100000] loss 1.713 (pi 1.599 v 0.091 q 0.014 c 0.017) | plies 105 decisive 78% | buffer 200000 steps 129413 | 118.9 g/min eta 4.0h
[71825/100000] loss 1.714 (pi 1.599 v 0.092 q 0.014 c 0.017) | plies 106 decisive 76% | buffer 200000 steps 129457 | 118.9 g/min eta 4.0h
[71850/100000] loss 1.720 (pi 1.605 v 0.093 q 0.014 c 0.017) | plies 108 decisive 72% | buffer 200000 steps 129499 | 118.9 g/min eta 3.9h
[71875/100000] loss 1.718 (pi 1.603 v 0.092 q 0.014 c 0.016) | plies 108 decisive 72% | buffer 200000 steps 129544 | 118.9 g/min eta 3.9h
[71900/100000] loss 1.722 (pi 1.607 v 0.092 q 0.014 c 0.016) | plies 107 decisive 72% | buffer 200000 steps 129588 | 118.9 g/min eta 3.9h
[71925/100000] loss 1.723 (pi 1.608 v 0.093 q 0.014 c 0.016) | plies 108 decisive 72% | buffer 200000 steps 129633 | 118.9 g/min eta 3.9h
[71950/100000] loss 1.727 (pi 1.611 v 0.093 q 0.014 c 0.016) | plies 109 decisive 70% | buffer 200000 steps 129678 | 118.9 g/min eta 3.9h
[71975/100000] loss 1.729 (pi 1.614 v 0.092 q 0.014 c 0.016) | plies 111 decisive 70% | buffer 200000 steps 129723 | 118.9 g/min eta 3.9h
[72000/100000] loss 1.727 (pi 1.612 v 0.092 q 0.015 c 0.016) | plies 112 decisive 68% | buffer 200000 steps 129767 | 118.9 g/min eta 3.9h
  EVAL @72000: q-greedy 1-23-0 | policy-greedy 6-18-0 | search 8-0-0 (eval 29s)
[72025/100000] loss 1.722 (pi 1.607 v 0.093 q 0.014 c 0.016) | plies 113 decisive 67% | buffer 200000 steps 129814 | 118.8 g/min eta 3.9h
[72050/100000] loss 1.731 (pi 1.616 v 0.093 q 0.014 c 0.016) | plies 113 decisive 70% | buffer 200000 steps 129860 | 118.8 g/min eta 3.9h
[72075/100000] loss 1.729 (pi 1.613 v 0.094 q 0.014 c 0.016) | plies 111 decisive 72% | buffer 200000 steps 129901 | 118.8 g/min eta 3.9h
[72100/100000] loss 1.725 (pi 1.609 v 0.093 q 0.014 c 0.016) | plies 111 decisive 72% | buffer 200000 steps 129945 | 118.9 g/min eta 3.9h
[72125/100000] loss 1.724 (pi 1.608 v 0.094 q 0.014 c 0.016) | plies 111 decisive 74% | buffer 200000 steps 129991 | 118.9 g/min eta 3.9h
[72150/100000] loss 1.723 (pi 1.607 v 0.095 q 0.014 c 0.016) | plies 109 decisive 76% | buffer 200000 steps 130030 | 118.9 g/min eta 3.9h
[72175/100000] loss 1.719 (pi 1.602 v 0.094 q 0.014 c 0.017) | plies 107 decisive 74% | buffer 200000 steps 130072 | 118.9 g/min eta 3.9h
[72200/100000] loss 1.720 (pi 1.604 v 0.094 q 0.014 c 0.016) | plies 105 decisive 76% | buffer 200000 steps 130117 | 118.9 g/min eta 3.9h
[72225/100000] loss 1.715 (pi 1.598 v 0.095 q 0.014 c 0.016) | plies 105 decisive 76% | buffer 200000 steps 130163 | 118.9 g/min eta 3.9h
[72250/100000] loss 1.722 (pi 1.607 v 0.094 q 0.014 c 0.016) | plies 104 decisive 76% | buffer 200000 steps 130210 | 118.9 g/min eta 3.9h
[72275/100000] loss 1.725 (pi 1.610 v 0.094 q 0.014 c 0.016) | plies 107 decisive 73% | buffer 200000 steps 130258 | 118.9 g/min eta 3.9h
[72300/100000] loss 1.720 (pi 1.605 v 0.093 q 0.014 c 0.016) | plies 106 decisive 72% | buffer 200000 steps 130302 | 118.9 g/min eta 3.9h
[72325/100000] loss 1.724 (pi 1.610 v 0.093 q 0.014 c 0.016) | plies 106 decisive 72% | buffer 200000 steps 130349 | 118.9 g/min eta 3.9h
[72350/100000] loss 1.718 (pi 1.604 v 0.092 q 0.014 c 0.016) | plies 108 decisive 70% | buffer 200000 steps 130394 | 118.9 g/min eta 3.9h
[72375/100000] loss 1.721 (pi 1.607 v 0.092 q 0.014 c 0.015) | plies 110 decisive 70% | buffer 200000 steps 130438 | 118.9 g/min eta 3.9h
[72400/100000] loss 1.721 (pi 1.607 v 0.093 q 0.014 c 0.015) | plies 111 decisive 68% | buffer 200000 steps 130482 | 118.9 g/min eta 3.9h
[72425/100000] loss 1.719 (pi 1.605 v 0.092 q 0.014 c 0.015) | plies 111 decisive 69% | buffer 200000 steps 130529 | 118.9 g/min eta 3.9h
[72450/100000] loss 1.720 (pi 1.607 v 0.092 q 0.014 c 0.016) | plies 111 decisive 68% | buffer 200000 steps 130576 | 118.9 g/min eta 3.9h
[72475/100000] loss 1.714 (pi 1.601 v 0.091 q 0.014 c 0.016) | plies 109 decisive 72% | buffer 200000 steps 130619 | 118.9 g/min eta 3.9h
[72500/100000] loss 1.709 (pi 1.595 v 0.092 q 0.014 c 0.016) | plies 109 decisive 74% | buffer 200000 steps 130662 | 118.9 g/min eta 3.9h
[72525/100000] loss 1.715 (pi 1.600 v 0.093 q 0.014 c 0.016) | plies 109 decisive 74% | buffer 200000 steps 130707 | 118.9 g/min eta 3.9h
[72550/100000] loss 1.716 (pi 1.601 v 0.094 q 0.014 c 0.016) | plies 109 decisive 74% | buffer 200000 steps 130751 | 118.9 g/min eta 3.8h
[72575/100000] loss 1.724 (pi 1.609 v 0.093 q 0.014 c 0.016) | plies 108 decisive 76% | buffer 200000 steps 130796 | 118.9 g/min eta 3.8h
[72600/100000] loss 1.726 (pi 1.610 v 0.094 q 0.014 c 0.016) | plies 108 decisive 78% | buffer 200000 steps 130839 | 118.9 g/min eta 3.8h
[72625/100000] loss 1.716 (pi 1.600 v 0.094 q 0.014 c 0.016) | plies 109 decisive 78% | buffer 200000 steps 130890 | 118.9 g/min eta 3.8h
[72650/100000] loss 1.718 (pi 1.603 v 0.093 q 0.014 c 0.016) | plies 109 decisive 78% | buffer 200000 steps 130939 | 118.9 g/min eta 3.8h
[72675/100000] loss 1.716 (pi 1.602 v 0.093 q 0.014 c 0.016) | plies 111 decisive 76% | buffer 200000 steps 130988 | 118.9 g/min eta 3.8h
[72700/100000] loss 1.719 (pi 1.604 v 0.093 q 0.014 c 0.017) | plies 112 decisive 76% | buffer 200000 steps 131036 | 118.9 g/min eta 3.8h
[72725/100000] loss 1.721 (pi 1.605 v 0.094 q 0.014 c 0.017) | plies 116 decisive 72% | buffer 200000 steps 131087 | 118.9 g/min eta 3.8h
[72750/100000] loss 1.721 (pi 1.606 v 0.093 q 0.014 c 0.016) | plies 116 decisive 71% | buffer 200000 steps 131134 | 118.9 g/min eta 3.8h
[72775/100000] loss 1.716 (pi 1.601 v 0.093 q 0.014 c 0.017) | plies 117 decisive 70% | buffer 200000 steps 131184 | 118.8 g/min eta 3.8h
[72800/100000] loss 1.706 (pi 1.591 v 0.093 q 0.014 c 0.016) | plies 119 decisive 68% | buffer 200000 steps 131231 | 118.9 g/min eta 3.8h
[72825/100000] loss 1.702 (pi 1.588 v 0.092 q 0.014 c 0.016) | plies 116 decisive 68% | buffer 200000 steps 131270 | 118.9 g/min eta 3.8h
[72850/100000] loss 1.717 (pi 1.603 v 0.092 q 0.014 c 0.017) | plies 115 decisive 69% | buffer 200000 steps 131317 | 118.8 g/min eta 3.8h
[72875/100000] loss 1.716 (pi 1.603 v 0.091 q 0.014 c 0.017) | plies 116 decisive 68% | buffer 200000 steps 131361 | 118.8 g/min eta 3.8h
[72900/100000] loss 1.714 (pi 1.600 v 0.092 q 0.014 c 0.017) | plies 115 decisive 68% | buffer 200000 steps 131410 | 118.9 g/min eta 3.8h
[72925/100000] loss 1.713 (pi 1.598 v 0.093 q 0.014 c 0.016) | plies 112 decisive 71% | buffer 200000 steps 131457 | 118.8 g/min eta 3.8h
[72950/100000] loss 1.715 (pi 1.601 v 0.092 q 0.014 c 0.016) | plies 110 decisive 74% | buffer 200000 steps 131502 | 118.9 g/min eta 3.8h
[72975/100000] loss 1.715 (pi 1.601 v 0.091 q 0.014 c 0.016) | plies 112 decisive 70% | buffer 200000 steps 131549 | 118.8 g/min eta 3.8h
[73000/100000] loss 1.719 (pi 1.607 v 0.090 q 0.014 c 0.016) | plies 113 decisive 70% | buffer 200000 steps 131596 | 118.8 g/min eta 3.8h
  EVAL @73000: q-greedy 4-20-0 | policy-greedy 14-10-0 | search 8-0-0 (eval 24s)
[73025/100000] loss 1.716 (pi 1.604 v 0.090 q 0.014 c 0.016) | plies 115 decisive 66% | buffer 200000 steps 131643 | 118.8 g/min eta 3.8h
[73050/100000] loss 1.712 (pi 1.601 v 0.089 q 0.014 c 0.016) | plies 115 decisive 64% | buffer 200000 steps 131689 | 118.8 g/min eta 3.8h
[73075/100000] loss 1.716 (pi 1.604 v 0.089 q 0.014 c 0.016) | plies 113 decisive 66% | buffer 200000 steps 131730 | 118.8 g/min eta 3.8h
[73100/100000] loss 1.716 (pi 1.605 v 0.090 q 0.014 c 0.016) | plies 113 decisive 66% | buffer 200000 steps 131774 | 118.8 g/min eta 3.8h
[73125/100000] loss 1.717 (pi 1.605 v 0.090 q 0.014 c 0.016) | plies 111 decisive 68% | buffer 200000 steps 131812 | 118.8 g/min eta 3.8h
[73150/100000] loss 1.708 (pi 1.596 v 0.090 q 0.014 c 0.016) | plies 111 decisive 66% | buffer 200000 steps 131854 | 118.8 g/min eta 3.8h
[73175/100000] loss 1.705 (pi 1.594 v 0.090 q 0.014 c 0.016) | plies 110 decisive 70% | buffer 200000 steps 131901 | 118.8 g/min eta 3.8h
[73200/100000] loss 1.705 (pi 1.594 v 0.090 q 0.014 c 0.016) | plies 108 decisive 72% | buffer 200000 steps 131946 | 118.8 g/min eta 3.8h
[73225/100000] loss 1.710 (pi 1.597 v 0.091 q 0.014 c 0.016) | plies 104 decisive 76% | buffer 200000 steps 131987 | 118.8 g/min eta 3.8h
[73250/100000] loss 1.713 (pi 1.601 v 0.091 q 0.014 c 0.016) | plies 104 decisive 76% | buffer 200000 steps 132032 | 118.9 g/min eta 3.8h
[73275/100000] loss 1.713 (pi 1.601 v 0.091 q 0.014 c 0.016) | plies 105 decisive 76% | buffer 200000 steps 132072 | 118.8 g/min eta 3.7h
[73300/100000] loss 1.708 (pi 1.596 v 0.090 q 0.014 c 0.016) | plies 104 decisive 78% | buffer 200000 steps 132117 | 118.8 g/min eta 3.7h
[73325/100000] loss 1.714 (pi 1.601 v 0.091 q 0.014 c 0.016) | plies 104 decisive 76% | buffer 200000 steps 132160 | 118.8 g/min eta 3.7h
[73350/100000] loss 1.712 (pi 1.599 v 0.091 q 0.014 c 0.016) | plies 104 decisive 78% | buffer 200000 steps 132206 | 118.8 g/min eta 3.7h
[73375/100000] loss 1.713 (pi 1.600 v 0.091 q 0.014 c 0.016) | plies 105 decisive 76% | buffer 200000 steps 132256 | 118.8 g/min eta 3.7h
[73400/100000] loss 1.714 (pi 1.601 v 0.091 q 0.014 c 0.016) | plies 106 decisive 74% | buffer 200000 steps 132298 | 118.8 g/min eta 3.7h
[73425/100000] loss 1.714 (pi 1.601 v 0.091 q 0.014 c 0.017) | plies 106 decisive 74% | buffer 200000 steps 132337 | 118.8 g/min eta 3.7h
[73450/100000] loss 1.713 (pi 1.600 v 0.090 q 0.014 c 0.017) | plies 106 decisive 72% | buffer 200000 steps 132382 | 118.8 g/min eta 3.7h
[73475/100000] loss 1.716 (pi 1.603 v 0.090 q 0.014 c 0.016) | plies 107 decisive 72% | buffer 200000 steps 132428 | 118.8 g/min eta 3.7h
[73500/100000] loss 1.717 (pi 1.605 v 0.090 q 0.014 c 0.016) | plies 111 decisive 67% | buffer 200000 steps 132477 | 118.8 g/min eta 3.7h
[73525/100000] loss 1.719 (pi 1.606 v 0.091 q 0.014 c 0.016) | plies 112 decisive 66% | buffer 200000 steps 132523 | 118.8 g/min eta 3.7h
[73550/100000] loss 1.720 (pi 1.609 v 0.090 q 0.014 c 0.016) | plies 113 decisive 64% | buffer 200000 steps 132570 | 118.8 g/min eta 3.7h
[73575/100000] loss 1.720 (pi 1.607 v 0.090 q 0.014 c 0.016) | plies 112 decisive 64% | buffer 200000 steps 132613 | 118.8 g/min eta 3.7h
[73600/100000] loss 1.713 (pi 1.601 v 0.090 q 0.014 c 0.016) | plies 111 decisive 66% | buffer 200000 steps 132659 | 118.8 g/min eta 3.7h
[73625/100000] loss 1.710 (pi 1.598 v 0.090 q 0.014 c 0.016) | plies 114 decisive 65% | buffer 200000 steps 132710 | 118.8 g/min eta 3.7h
[73650/100000] loss 1.708 (pi 1.597 v 0.090 q 0.014 c 0.016) | plies 115 decisive 66% | buffer 200000 steps 132758 | 118.8 g/min eta 3.7h
[73675/100000] loss 1.709 (pi 1.597 v 0.089 q 0.014 c 0.016) | plies 115 decisive 64% | buffer 200000 steps 132801 | 118.8 g/min eta 3.7h
[73700/100000] loss 1.704 (pi 1.593 v 0.090 q 0.014 c 0.016) | plies 113 decisive 66% | buffer 200000 steps 132848 | 118.8 g/min eta 3.7h
[73725/100000] loss 1.710 (pi 1.598 v 0.089 q 0.014 c 0.016) | plies 114 decisive 68% | buffer 200000 steps 132892 | 118.8 g/min eta 3.7h
[73750/100000] loss 1.712 (pi 1.600 v 0.090 q 0.014 c 0.016) | plies 115 decisive 66% | buffer 200000 steps 132940 | 118.8 g/min eta 3.7h
[73775/100000] loss 1.712 (pi 1.601 v 0.089 q 0.014 c 0.016) | plies 117 decisive 66% | buffer 200000 steps 132991 | 118.8 g/min eta 3.7h
[73800/100000] loss 1.715 (pi 1.604 v 0.090 q 0.014 c 0.016) | plies 116 decisive 66% | buffer 200000 steps 133039 | 118.8 g/min eta 3.7h
[73825/100000] loss 1.710 (pi 1.599 v 0.089 q 0.014 c 0.015) | plies 115 decisive 65% | buffer 200000 steps 133084 | 118.8 g/min eta 3.7h
[73850/100000] loss 1.708 (pi 1.598 v 0.089 q 0.014 c 0.016) | plies 113 decisive 67% | buffer 200000 steps 133126 | 118.8 g/min eta 3.7h
[73875/100000] loss 1.704 (pi 1.594 v 0.088 q 0.014 c 0.016) | plies 112 decisive 71% | buffer 200000 steps 133168 | 118.8 g/min eta 3.7h
[73900/100000] loss 1.706 (pi 1.596 v 0.089 q 0.014 c 0.016) | plies 112 decisive 73% | buffer 200000 steps 133214 | 118.8 g/min eta 3.7h
[73925/100000] loss 1.706 (pi 1.596 v 0.088 q 0.014 c 0.017) | plies 112 decisive 70% | buffer 200000 steps 133261 | 118.8 g/min eta 3.7h
[73950/100000] loss 1.708 (pi 1.598 v 0.089 q 0.014 c 0.017) | plies 112 decisive 73% | buffer 200000 steps 133306 | 118.8 g/min eta 3.7h
[73975/100000] loss 1.711 (pi 1.599 v 0.090 q 0.014 c 0.017) | plies 110 decisive 76% | buffer 200000 steps 133352 | 118.8 g/min eta 3.6h
[74000/100000] loss 1.712 (pi 1.600 v 0.090 q 0.014 c 0.016) | plies 112 decisive 75% | buffer 200000 steps 133401 | 118.8 g/min eta 3.6h
  EVAL @74000: q-greedy 3-21-0 | policy-greedy 7-17-0 | search 8-0-0 (eval 22s)
[74025/100000] loss 1.714 (pi 1.603 v 0.089 q 0.014 c 0.016) | plies 112 decisive 76% | buffer 200000 steps 133447 | 118.7 g/min eta 3.6h
[74050/100000] loss 1.709 (pi 1.598 v 0.089 q 0.014 c 0.016) | plies 113 decisive 74% | buffer 200000 steps 133493 | 118.8 g/min eta 3.6h
[74075/100000] loss 1.706 (pi 1.595 v 0.089 q 0.014 c 0.016) | plies 115 decisive 72% | buffer 200000 steps 133539 | 118.8 g/min eta 3.6h
[74100/100000] loss 1.700 (pi 1.589 v 0.089 q 0.014 c 0.016) | plies 115 decisive 70% | buffer 200000 steps 133582 | 118.8 g/min eta 3.6h
[74125/100000] loss 1.694 (pi 1.583 v 0.089 q 0.014 c 0.016) | plies 113 decisive 71% | buffer 200000 steps 133627 | 118.8 g/min eta 3.6h
[74150/100000] loss 1.697 (pi 1.585 v 0.090 q 0.014 c 0.016) | plies 112 decisive 71% | buffer 200000 steps 133670 | 118.8 g/min eta 3.6h
[74175/100000] loss 1.696 (pi 1.584 v 0.090 q 0.014 c 0.016) | plies 113 decisive 68% | buffer 200000 steps 133719 | 118.8 g/min eta 3.6h
[74200/100000] loss 1.695 (pi 1.584 v 0.089 q 0.014 c 0.016) | plies 112 decisive 70% | buffer 200000 steps 133765 | 118.8 g/min eta 3.6h
[74225/100000] loss 1.704 (pi 1.593 v 0.089 q 0.014 c 0.016) | plies 113 decisive 69% | buffer 200000 steps 133813 | 118.8 g/min eta 3.6h
[74250/100000] loss 1.703 (pi 1.591 v 0.090 q 0.014 c 0.016) | plies 112 decisive 70% | buffer 200000 steps 133860 | 118.8 g/min eta 3.6h
[74275/100000] loss 1.695 (pi 1.583 v 0.090 q 0.014 c 0.017) | plies 113 decisive 70% | buffer 200000 steps 133908 | 118.8 g/min eta 3.6h
[74300/100000] loss 1.699 (pi 1.586 v 0.090 q 0.014 c 0.017) | plies 114 decisive 70% | buffer 200000 steps 133954 | 118.8 g/min eta 3.6h
[74325/100000] loss 1.700 (pi 1.588 v 0.090 q 0.014 c 0.017) | plies 113 decisive 72% | buffer 200000 steps 134001 | 118.8 g/min eta 3.6h
[74350/100000] loss 1.693 (pi 1.582 v 0.089 q 0.014 c 0.016) | plies 114 decisive 72% | buffer 200000 steps 134048 | 118.8 g/min eta 3.6h
[74375/100000] loss 1.700 (pi 1.587 v 0.091 q 0.014 c 0.016) | plies 113 decisive 73% | buffer 200000 steps 134092 | 118.8 g/min eta 3.6h
[74400/100000] loss 1.698 (pi 1.585 v 0.090 q 0.014 c 0.016) | plies 114 decisive 70% | buffer 200000 steps 134139 | 118.8 g/min eta 3.6h
[74425/100000] loss 1.705 (pi 1.593 v 0.090 q 0.014 c 0.016) | plies 114 decisive 69% | buffer 200000 steps 134184 | 118.8 g/min eta 3.6h
[74450/100000] loss 1.697 (pi 1.585 v 0.090 q 0.014 c 0.016) | plies 114 decisive 70% | buffer 200000 steps 134233 | 118.8 g/min eta 3.6h
[74475/100000] loss 1.693 (pi 1.581 v 0.090 q 0.014 c 0.016) | plies 113 decisive 69% | buffer 200000 steps 134277 | 118.8 g/min eta 3.6h
[74500/100000] loss 1.691 (pi 1.580 v 0.090 q 0.014 c 0.016) | plies 113 decisive 69% | buffer 200000 steps 134325 | 118.8 g/min eta 3.6h
[74525/100000] loss 1.680 (pi 1.569 v 0.089 q 0.014 c 0.016) | plies 113 decisive 68% | buffer 200000 steps 134368 | 118.8 g/min eta 3.6h
[74550/100000] loss 1.690 (pi 1.579 v 0.089 q 0.014 c 0.016) | plies 112 decisive 68% | buffer 200000 steps 134417 | 118.8 g/min eta 3.6h
[74575/100000] loss 1.692 (pi 1.581 v 0.089 q 0.014 c 0.016) | plies 112 decisive 66% | buffer 200000 steps 134460 | 118.8 g/min eta 3.6h
[74600/100000] loss 1.681 (pi 1.570 v 0.089 q 0.014 c 0.016) | plies 111 decisive 67% | buffer 200000 steps 134509 | 118.8 g/min eta 3.6h
[74625/100000] loss 1.681 (pi 1.570 v 0.090 q 0.014 c 0.016) | plies 112 decisive 68% | buffer 200000 steps 134555 | 118.8 g/min eta 3.6h
[74650/100000] loss 1.678 (pi 1.566 v 0.090 q 0.014 c 0.016) | plies 112 decisive 66% | buffer 200000 steps 134602 | 118.8 g/min eta 3.6h
[74675/100000] loss 1.679 (pi 1.567 v 0.091 q 0.014 c 0.016) | plies 112 decisive 66% | buffer 200000 steps 134646 | 118.8 g/min eta 3.6h
[74700/100000] loss 1.682 (pi 1.569 v 0.091 q 0.014 c 0.016) | plies 112 decisive 64% | buffer 200000 steps 134688 | 118.8 g/min eta 3.5h
[74725/100000] loss 1.685 (pi 1.572 v 0.091 q 0.014 c 0.016) | plies 112 decisive 64% | buffer 200000 steps 134733 | 118.8 g/min eta 3.5h
[74750/100000] loss 1.680 (pi 1.570 v 0.089 q 0.014 c 0.016) | plies 113 decisive 64% | buffer 200000 steps 134781 | 118.8 g/min eta 3.5h
[74775/100000] loss 1.684 (pi 1.574 v 0.089 q 0.014 c 0.016) | plies 114 decisive 66% | buffer 200000 steps 134827 | 118.8 g/min eta 3.5h
[74800/100000] loss 1.675 (pi 1.565 v 0.089 q 0.014 c 0.015) | plies 115 decisive 64% | buffer 200000 steps 134877 | 118.8 g/min eta 3.5h
[74825/100000] loss 1.671 (pi 1.561 v 0.089 q 0.014 c 0.015) | plies 114 decisive 64% | buffer 200000 steps 134922 | 118.8 g/min eta 3.5h
[74850/100000] loss 1.675 (pi 1.565 v 0.089 q 0.014 c 0.015) | plies 113 decisive 66% | buffer 200000 steps 134968 | 118.8 g/min eta 3.5h
[74875/100000] loss 1.677 (pi 1.566 v 0.089 q 0.014 c 0.015) | plies 113 decisive 68% | buffer 200000 steps 135015 | 118.8 g/min eta 3.5h
[74900/100000] loss 1.684 (pi 1.574 v 0.089 q 0.014 c 0.015) | plies 116 decisive 68% | buffer 200000 steps 135067 | 118.8 g/min eta 3.5h
[74925/100000] loss 1.684 (pi 1.574 v 0.089 q 0.014 c 0.015) | plies 116 decisive 67% | buffer 200000 steps 135109 | 118.8 g/min eta 3.5h
[74950/100000] loss 1.678 (pi 1.568 v 0.088 q 0.014 c 0.015) | plies 114 decisive 68% | buffer 200000 steps 135150 | 118.8 g/min eta 3.5h
[74975/100000] loss 1.684 (pi 1.574 v 0.088 q 0.014 c 0.015) | plies 114 decisive 68% | buffer 200000 steps 135195 | 118.8 g/min eta 3.5h
[75000/100000] loss 1.681 (pi 1.572 v 0.087 q 0.014 c 0.015) | plies 113 decisive 70% | buffer 200000 steps 135239 | 118.8 g/min eta 3.5h
  EVAL @75000: q-greedy 7-17-0 | policy-greedy 8-16-0 | search 8-0-0 (eval 33s)
[75025/100000] loss 1.677 (pi 1.570 v 0.087 q 0.013 c 0.015) | plies 113 decisive 71% | buffer 200000 steps 135287 | 118.7 g/min eta 3.5h
[75050/100000] loss 1.671 (pi 1.563 v 0.087 q 0.013 c 0.015) | plies 112 decisive 72% | buffer 200000 steps 135333 | 118.7 g/min eta 3.5h
[75075/100000] loss 1.664 (pi 1.556 v 0.087 q 0.013 c 0.015) | plies 112 decisive 70% | buffer 200000 steps 135379 | 118.7 g/min eta 3.5h
[75100/100000] loss 1.670 (pi 1.562 v 0.088 q 0.013 c 0.015) | plies 112 decisive 68% | buffer 200000 steps 135424 | 118.8 g/min eta 3.5h
[75125/100000] loss 1.673 (pi 1.565 v 0.087 q 0.014 c 0.015) | plies 111 decisive 70% | buffer 200000 steps 135468 | 118.8 g/min eta 3.5h
[75150/100000] loss 1.681 (pi 1.573 v 0.087 q 0.014 c 0.015) | plies 112 decisive 70% | buffer 200000 steps 135516 | 118.8 g/min eta 3.5h
[75175/100000] loss 1.678 (pi 1.569 v 0.088 q 0.014 c 0.015) | plies 111 decisive 70% | buffer 200000 steps 135558 | 118.8 g/min eta 3.5h
[75200/100000] loss 1.672 (pi 1.563 v 0.088 q 0.014 c 0.015) | plies 112 decisive 70% | buffer 200000 steps 135606 | 118.8 g/min eta 3.5h
[75225/100000] loss 1.667 (pi 1.557 v 0.089 q 0.014 c 0.015) | plies 112 decisive 69% | buffer 200000 steps 135653 | 118.8 g/min eta 3.5h
[75250/100000] loss 1.667 (pi 1.557 v 0.089 q 0.013 c 0.015) | plies 113 decisive 68% | buffer 200000 steps 135698 | 118.8 g/min eta 3.5h
[75275/100000] loss 1.668 (pi 1.558 v 0.089 q 0.014 c 0.015) | plies 113 decisive 67% | buffer 200000 steps 135744 | 118.8 g/min eta 3.5h
[75300/100000] loss 1.664 (pi 1.554 v 0.088 q 0.014 c 0.016) | plies 111 decisive 72% | buffer 200000 steps 135791 | 118.8 g/min eta 3.5h
[75325/100000] loss 1.670 (pi 1.560 v 0.088 q 0.014 c 0.015) | plies 113 decisive 68% | buffer 200000 steps 135836 | 118.8 g/min eta 3.5h
[75350/100000] loss 1.664 (pi 1.554 v 0.088 q 0.013 c 0.015) | plies 114 decisive 68% | buffer 200000 steps 135881 | 118.8 g/min eta 3.5h
[75375/100000] loss 1.664 (pi 1.555 v 0.088 q 0.013 c 0.015) | plies 115 decisive 66% | buffer 200000 steps 135927 | 118.8 g/min eta 3.5h
[75400/100000] loss 1.662 (pi 1.554 v 0.087 q 0.014 c 0.015) | plies 115 decisive 66% | buffer 200000 steps 135973 | 118.7 g/min eta 3.5h
[75425/100000] loss 1.668 (pi 1.560 v 0.087 q 0.014 c 0.015) | plies 117 decisive 64% | buffer 200000 steps 136021 | 118.8 g/min eta 3.4h
[75450/100000] loss 1.668 (pi 1.560 v 0.087 q 0.014 c 0.015) | plies 117 decisive 62% | buffer 200000 steps 136066 | 118.8 g/min eta 3.4h
[75475/100000] loss 1.673 (pi 1.566 v 0.086 q 0.013 c 0.015) | plies 118 decisive 62% | buffer 200000 steps 136113 | 118.8 g/min eta 3.4h
[75500/100000] loss 1.672 (pi 1.566 v 0.085 q 0.013 c 0.015) | plies 118 decisive 61% | buffer 200000 steps 136159 | 118.8 g/min eta 3.4h
[75525/100000] loss 1.666 (pi 1.560 v 0.085 q 0.013 c 0.015) | plies 117 decisive 62% | buffer 200000 steps 136201 | 118.8 g/min eta 3.4h
[75550/100000] loss 1.661 (pi 1.554 v 0.085 q 0.013 c 0.015) | plies 116 decisive 63% | buffer 200000 steps 136250 | 118.7 g/min eta 3.4h
[75575/100000] loss 1.660 (pi 1.553 v 0.086 q 0.013 c 0.016) | plies 116 decisive 62% | buffer 200000 steps 136296 | 118.8 g/min eta 3.4h
[75600/100000] loss 1.652 (pi 1.546 v 0.085 q 0.013 c 0.015) | plies 114 decisive 64% | buffer 200000 steps 136343 | 118.7 g/min eta 3.4h
[75625/100000] loss 1.663 (pi 1.557 v 0.085 q 0.013 c 0.015) | plies 113 decisive 67% | buffer 200000 steps 136387 | 118.7 g/min eta 3.4h
[75650/100000] loss 1.665 (pi 1.559 v 0.085 q 0.013 c 0.015) | plies 113 decisive 66% | buffer 200000 steps 136430 | 118.7 g/min eta 3.4h
[75675/100000] loss 1.667 (pi 1.561 v 0.086 q 0.013 c 0.015) | plies 112 decisive 66% | buffer 200000 steps 136474 | 118.7 g/min eta 3.4h
[75700/100000] loss 1.662 (pi 1.555 v 0.086 q 0.013 c 0.015) | plies 113 decisive 64% | buffer 200000 steps 136519 | 118.7 g/min eta 3.4h
[75725/100000] loss 1.660 (pi 1.553 v 0.085 q 0.013 c 0.016) | plies 114 decisive 64% | buffer 200000 steps 136569 | 118.7 g/min eta 3.4h
[75750/100000] loss 1.658 (pi 1.553 v 0.084 q 0.013 c 0.015) | plies 115 decisive 64% | buffer 200000 steps 136617 | 118.7 g/min eta 3.4h
[75775/100000] loss 1.659 (pi 1.555 v 0.084 q 0.013 c 0.015) | plies 113 decisive 66% | buffer 200000 steps 136659 | 118.7 g/min eta 3.4h
[75800/100000] loss 1.659 (pi 1.554 v 0.084 q 0.013 c 0.015) | plies 114 decisive 64% | buffer 200000 steps 136704 | 118.7 g/min eta 3.4h
[75825/100000] loss 1.663 (pi 1.558 v 0.084 q 0.013 c 0.015) | plies 114 decisive 63% | buffer 200000 steps 136754 | 118.8 g/min eta 3.4h
[75850/100000] loss 1.664 (pi 1.559 v 0.084 q 0.013 c 0.015) | plies 113 decisive 64% | buffer 200000 steps 136802 | 118.8 g/min eta 3.4h
[75875/100000] loss 1.652 (pi 1.548 v 0.083 q 0.013 c 0.015) | plies 115 decisive 63% | buffer 200000 steps 136850 | 118.8 g/min eta 3.4h
[75900/100000] loss 1.653 (pi 1.549 v 0.083 q 0.013 c 0.015) | plies 114 decisive 66% | buffer 200000 steps 136894 | 118.8 g/min eta 3.4h
[75925/100000] loss 1.656 (pi 1.553 v 0.082 q 0.013 c 0.015) | plies 111 decisive 68% | buffer 200000 steps 136938 | 118.7 g/min eta 3.4h
[75950/100000] loss 1.657 (pi 1.554 v 0.082 q 0.013 c 0.015) | plies 111 decisive 68% | buffer 200000 steps 136985 | 118.7 g/min eta 3.4h
[75975/100000] loss 1.653 (pi 1.550 v 0.082 q 0.013 c 0.015) | plies 114 decisive 68% | buffer 200000 steps 137038 | 118.7 g/min eta 3.4h
[76000/100000] loss 1.656 (pi 1.553 v 0.082 q 0.013 c 0.015) | plies 113 decisive 68% | buffer 200000 steps 137083 | 118.7 g/min eta 3.4h
  EVAL @76000: q-greedy 2-22-0 | policy-greedy 8-16-0 | search 8-0-0 (eval 20s)
[76025/100000] loss 1.652 (pi 1.549 v 0.083 q 0.013 c 0.015) | plies 112 decisive 68% | buffer 200000 steps 137130 | 118.7 g/min eta 3.4h
[76050/100000] loss 1.656 (pi 1.552 v 0.083 q 0.013 c 0.015) | plies 111 decisive 69% | buffer 200000 steps 137174 | 118.7 g/min eta 3.4h
[76075/100000] loss 1.656 (pi 1.553 v 0.083 q 0.013 c 0.015) | plies 110 decisive 72% | buffer 200000 steps 137220 | 118.7 g/min eta 3.4h
[76100/100000] loss 1.659 (pi 1.555 v 0.083 q 0.013 c 0.015) | plies 110 decisive 72% | buffer 200000 steps 137262 | 118.7 g/min eta 3.4h
[76125/100000] loss 1.660 (pi 1.555 v 0.084 q 0.013 c 0.015) | plies 112 decisive 70% | buffer 200000 steps 137311 | 118.8 g/min eta 3.4h
[76150/100000] loss 1.659 (pi 1.555 v 0.083 q 0.013 c 0.015) | plies 111 decisive 71% | buffer 200000 steps 137355 | 118.7 g/min eta 3.3h
[76175/100000] loss 1.648 (pi 1.545 v 0.083 q 0.013 c 0.015) | plies 108 decisive 72% | buffer 200000 steps 137400 | 118.7 g/min eta 3.3h
[76200/100000] loss 1.645 (pi 1.541 v 0.084 q 0.013 c 0.015) | plies 109 decisive 72% | buffer 200000 steps 137445 | 118.7 g/min eta 3.3h
[76225/100000] loss 1.650 (pi 1.547 v 0.083 q 0.013 c 0.014) | plies 109 decisive 72% | buffer 200000 steps 137487 | 118.7 g/min eta 3.3h
[76250/100000] loss 1.655 (pi 1.551 v 0.083 q 0.013 c 0.015) | plies 110 decisive 72% | buffer 200000 steps 137534 | 118.7 g/min eta 3.3h
[76275/100000] loss 1.649 (pi 1.545 v 0.084 q 0.013 c 0.015) | plies 110 decisive 71% | buffer 200000 steps 137580 | 118.7 g/min eta 3.3h
[76300/100000] loss 1.635 (pi 1.532 v 0.083 q 0.013 c 0.014) | plies 112 decisive 68% | buffer 200000 steps 137624 | 118.7 g/min eta 3.3h
[76325/100000] loss 1.646 (pi 1.543 v 0.083 q 0.013 c 0.014) | plies 112 decisive 68% | buffer 200000 steps 137671 | 118.7 g/min eta 3.3h
[76350/100000] loss 1.647 (pi 1.544 v 0.083 q 0.013 c 0.014) | plies 111 decisive 68% | buffer 200000 steps 137715 | 118.7 g/min eta 3.3h
[76375/100000] loss 1.650 (pi 1.547 v 0.083 q 0.013 c 0.014) | plies 112 decisive 66% | buffer 200000 steps 137760 | 118.8 g/min eta 3.3h
[76400/100000] loss 1.648 (pi 1.545 v 0.083 q 0.013 c 0.015) | plies 112 decisive 66% | buffer 200000 steps 137809 | 118.7 g/min eta 3.3h
[76425/100000] loss 1.650 (pi 1.548 v 0.081 q 0.013 c 0.015) | plies 113 decisive 66% | buffer 200000 steps 137851 | 118.8 g/min eta 3.3h
[76450/100000] loss 1.647 (pi 1.545 v 0.082 q 0.013 c 0.015) | plies 111 decisive 68% | buffer 200000 steps 137894 | 118.8 g/min eta 3.3h
[76475/100000] loss 1.656 (pi 1.554 v 0.081 q 0.013 c 0.015) | plies 112 decisive 66% | buffer 200000 steps 137942 | 118.7 g/min eta 3.3h
[76500/100000] loss 1.656 (pi 1.555 v 0.081 q 0.013 c 0.015) | plies 110 decisive 66% | buffer 200000 steps 137985 | 118.8 g/min eta 3.3h
[76525/100000] loss 1.651 (pi 1.548 v 0.082 q 0.013 c 0.015) | plies 109 decisive 66% | buffer 200000 steps 138029 | 118.8 g/min eta 3.3h
[76550/100000] loss 1.648 (pi 1.546 v 0.082 q 0.013 c 0.015) | plies 110 decisive 66% | buffer 200000 steps 138072 | 118.8 g/min eta 3.3h
[76575/100000] loss 1.652 (pi 1.552 v 0.080 q 0.013 c 0.015) | plies 108 decisive 68% | buffer 200000 steps 138113 | 118.8 g/min eta 3.3h
[76600/100000] loss 1.652 (pi 1.551 v 0.081 q 0.013 c 0.015) | plies 107 decisive 68% | buffer 200000 steps 138160 | 118.8 g/min eta 3.3h
[76625/100000] loss 1.653 (pi 1.552 v 0.081 q 0.013 c 0.015) | plies 108 decisive 70% | buffer 200000 steps 138205 | 118.8 g/min eta 3.3h
[76650/100000] loss 1.659 (pi 1.558 v 0.081 q 0.013 c 0.015) | plies 107 decisive 70% | buffer 200000 steps 138243 | 118.8 g/min eta 3.3h
[76675/100000] loss 1.660 (pi 1.558 v 0.082 q 0.013 c 0.015) | plies 105 decisive 72% | buffer 200000 steps 138287 | 118.8 g/min eta 3.3h
[76700/100000] loss 1.655 (pi 1.552 v 0.082 q 0.013 c 0.015) | plies 105 decisive 72% | buffer 200000 steps 138330 | 118.8 g/min eta 3.3h
[76725/100000] loss 1.657 (pi 1.556 v 0.081 q 0.013 c 0.015) | plies 106 decisive 72% | buffer 200000 steps 138378 | 118.8 g/min eta 3.3h
[76750/100000] loss 1.657 (pi 1.555 v 0.081 q 0.013 c 0.015) | plies 107 decisive 71% | buffer 200000 steps 138422 | 118.8 g/min eta 3.3h
[76775/100000] loss 1.662 (pi 1.560 v 0.082 q 0.013 c 0.015) | plies 107 decisive 71% | buffer 200000 steps 138462 | 118.8 g/min eta 3.3h
[76800/100000] loss 1.650 (pi 1.547 v 0.083 q 0.013 c 0.015) | plies 104 decisive 74% | buffer 200000 steps 138504 | 118.8 g/min eta 3.3h
[76825/100000] loss 1.660 (pi 1.557 v 0.082 q 0.013 c 0.015) | plies 103 decisive 74% | buffer 200000 steps 138549 | 118.8 g/min eta 3.3h
[76850/100000] loss 1.654 (pi 1.551 v 0.082 q 0.013 c 0.015) | plies 106 decisive 73% | buffer 200000 steps 138592 | 118.8 g/min eta 3.2h
[76875/100000] loss 1.655 (pi 1.551 v 0.084 q 0.013 c 0.015) | plies 106 decisive 74% | buffer 200000 steps 138633 | 118.8 g/min eta 3.2h
[76900/100000] loss 1.653 (pi 1.550 v 0.083 q 0.013 c 0.015) | plies 105 decisive 76% | buffer 200000 steps 138675 | 118.8 g/min eta 3.2h
[76925/100000] loss 1.653 (pi 1.550 v 0.083 q 0.013 c 0.015) | plies 104 decisive 76% | buffer 200000 steps 138718 | 118.8 g/min eta 3.2h
[76950/100000] loss 1.643 (pi 1.540 v 0.083 q 0.013 c 0.015) | plies 103 decisive 77% | buffer 200000 steps 138760 | 118.8 g/min eta 3.2h
[76975/100000] loss 1.648 (pi 1.545 v 0.082 q 0.013 c 0.015) | plies 106 decisive 75% | buffer 200000 steps 138803 | 118.8 g/min eta 3.2h
[77000/100000] loss 1.648 (pi 1.546 v 0.083 q 0.013 c 0.015) | plies 110 decisive 70% | buffer 200000 steps 138851 | 118.8 g/min eta 3.2h
  EVAL @77000: q-greedy 2-22-0 | policy-greedy 6-18-0 | search 8-0-0 (eval 32s)
[77025/100000] loss 1.644 (pi 1.542 v 0.082 q 0.013 c 0.014) | plies 111 decisive 69% | buffer 200000 steps 138894 | 118.7 g/min eta 3.2h
[77050/100000] loss 1.644 (pi 1.541 v 0.082 q 0.013 c 0.014) | plies 110 decisive 67% | buffer 200000 steps 138937 | 118.7 g/min eta 3.2h
[77075/100000] loss 1.645 (pi 1.543 v 0.082 q 0.013 c 0.014) | plies 110 decisive 68% | buffer 200000 steps 138981 | 118.7 g/min eta 3.2h
[77100/100000] loss 1.648 (pi 1.545 v 0.082 q 0.013 c 0.015) | plies 112 decisive 66% | buffer 200000 steps 139030 | 118.7 g/min eta 3.2h
[77125/100000] loss 1.649 (pi 1.546 v 0.083 q 0.013 c 0.015) | plies 114 decisive 66% | buffer 200000 steps 139077 | 118.7 g/min eta 3.2h
[77150/100000] loss 1.647 (pi 1.544 v 0.082 q 0.013 c 0.015) | plies 114 decisive 66% | buffer 200000 steps 139119 | 118.8 g/min eta 3.2h
[77175/100000] loss 1.642 (pi 1.540 v 0.082 q 0.013 c 0.015) | plies 113 decisive 68% | buffer 200000 steps 139166 | 118.8 g/min eta 3.2h
[77200/100000] loss 1.646 (pi 1.545 v 0.081 q 0.013 c 0.015) | plies 111 decisive 68% | buffer 200000 steps 139208 | 118.8 g/min eta 3.2h
[77225/100000] loss 1.649 (pi 1.546 v 0.083 q 0.013 c 0.015) | plies 111 decisive 69% | buffer 200000 steps 139253 | 118.8 g/min eta 3.2h
[77250/100000] loss 1.654 (pi 1.551 v 0.082 q 0.013 c 0.015) | plies 111 decisive 71% | buffer 200000 steps 139296 | 118.8 g/min eta 3.2h
[77275/100000] loss 1.655 (pi 1.552 v 0.083 q 0.013 c 0.015) | plies 111 decisive 70% | buffer 200000 steps 139340 | 118.7 g/min eta 3.2h
[77300/100000] loss 1.650 (pi 1.546 v 0.083 q 0.013 c 0.015) | plies 112 decisive 71% | buffer 200000 steps 139389 | 118.7 g/min eta 3.2h
[77325/100000] loss 1.646 (pi 1.543 v 0.083 q 0.013 c 0.015) | plies 110 decisive 70% | buffer 200000 steps 139432 | 118.7 g/min eta 3.2h
[77350/100000] loss 1.647 (pi 1.543 v 0.084 q 0.013 c 0.015) | plies 110 decisive 70% | buffer 200000 steps 139475 | 118.7 g/min eta 3.2h
[77375/100000] loss 1.641 (pi 1.537 v 0.084 q 0.013 c 0.014) | plies 111 decisive 67% | buffer 200000 steps 139518 | 118.7 g/min eta 3.2h
[77400/100000] loss 1.643 (pi 1.539 v 0.084 q 0.013 c 0.015) | plies 109 decisive 70% | buffer 200000 steps 139560 | 118.8 g/min eta 3.2h
[77425/100000] loss 1.647 (pi 1.543 v 0.084 q 0.013 c 0.014) | plies 110 decisive 70% | buffer 200000 steps 139608 | 118.7 g/min eta 3.2h
[77450/100000] loss 1.649 (pi 1.546 v 0.083 q 0.013 c 0.015) | plies 110 decisive 68% | buffer 200000 steps 139653 | 118.8 g/min eta 3.2h
[77475/100000] loss 1.640 (pi 1.537 v 0.083 q 0.013 c 0.015) | plies 109 decisive 70% | buffer 200000 steps 139694 | 118.8 g/min eta 3.2h
[77500/100000] loss 1.641 (pi 1.537 v 0.084 q 0.013 c 0.015) | plies 108 decisive 70% | buffer 200000 steps 139737 | 118.8 g/min eta 3.2h
[77525/100000] loss 1.643 (pi 1.539 v 0.084 q 0.013 c 0.015) | plies 109 decisive 70% | buffer 200000 steps 139782 | 118.8 g/min eta 3.2h
[77550/100000] loss 1.642 (pi 1.539 v 0.083 q 0.013 c 0.014) | plies 110 decisive 72% | buffer 200000 steps 139825 | 118.8 g/min eta 3.2h
[77575/100000] loss 1.643 (pi 1.539 v 0.084 q 0.013 c 0.014) | plies 110 decisive 70% | buffer 200000 steps 139876 | 118.8 g/min eta 3.1h
[77600/100000] loss 1.641 (pi 1.537 v 0.084 q 0.013 c 0.014) | plies 112 decisive 68% | buffer 200000 steps 139921 | 118.8 g/min eta 3.1h
[77625/100000] loss 1.639 (pi 1.535 v 0.084 q 0.013 c 0.014) | plies 112 decisive 68% | buffer 200000 steps 139971 | 118.8 g/min eta 3.1h
[77650/100000] loss 1.638 (pi 1.535 v 0.083 q 0.013 c 0.015) | plies 111 decisive 70% | buffer 200000 steps 140015 | 118.8 g/min eta 3.1h
[77675/100000] loss 1.634 (pi 1.531 v 0.083 q 0.013 c 0.015) | plies 112 decisive 69% | buffer 200000 steps 140056 | 118.7 g/min eta 3.1h
[77700/100000] loss 1.636 (pi 1.532 v 0.084 q 0.013 c 0.015) | plies 112 decisive 69% | buffer 200000 steps 140097 | 118.7 g/min eta 3.1h
[77725/100000] loss 1.638 (pi 1.534 v 0.084 q 0.013 c 0.014) | plies 112 decisive 68% | buffer 200000 steps 140142 | 118.7 g/min eta 3.1h
[77750/100000] loss 1.649 (pi 1.544 v 0.084 q 0.013 c 0.014) | plies 111 decisive 69% | buffer 200000 steps 140186 | 118.7 g/min eta 3.1h
[77775/100000] loss 1.647 (pi 1.544 v 0.083 q 0.013 c 0.015) | plies 112 decisive 72% | buffer 200000 steps 140234 | 118.7 g/min eta 3.1h
[77800/100000] loss 1.643 (pi 1.539 v 0.083 q 0.013 c 0.015) | plies 112 decisive 71% | buffer 200000 steps 140280 | 118.8 g/min eta 3.1h
[77825/100000] loss 1.639 (pi 1.536 v 0.083 q 0.013 c 0.015) | plies 110 decisive 73% | buffer 200000 steps 140322 | 118.8 g/min eta 3.1h
[77850/100000] loss 1.640 (pi 1.537 v 0.082 q 0.013 c 0.014) | plies 112 decisive 70% | buffer 200000 steps 140371 | 118.8 g/min eta 3.1h
[77875/100000] loss 1.637 (pi 1.534 v 0.082 q 0.013 c 0.014) | plies 112 decisive 70% | buffer 200000 steps 140415 | 118.7 g/min eta 3.1h
[77900/100000] loss 1.632 (pi 1.530 v 0.082 q 0.013 c 0.014) | plies 111 decisive 71% | buffer 200000 steps 140457 | 118.8 g/min eta 3.1h
[77925/100000] loss 1.639 (pi 1.536 v 0.083 q 0.013 c 0.015) | plies 110 decisive 73% | buffer 200000 steps 140505 | 118.8 g/min eta 3.1h
[77950/100000] loss 1.633 (pi 1.530 v 0.083 q 0.013 c 0.015) | plies 111 decisive 72% | buffer 200000 steps 140550 | 118.8 g/min eta 3.1h
[77975/100000] loss 1.637 (pi 1.534 v 0.082 q 0.013 c 0.015) | plies 110 decisive 72% | buffer 200000 steps 140598 | 118.8 g/min eta 3.1h
[78000/100000] loss 1.637 (pi 1.534 v 0.083 q 0.013 c 0.014) | plies 109 decisive 72% | buffer 200000 steps 140642 | 118.7 g/min eta 3.1h
  EVAL @78000: q-greedy 4-20-0 | policy-greedy 13-11-0 | search 8-0-0 (eval 26s)
[78025/100000] loss 1.635 (pi 1.531 v 0.083 q 0.013 c 0.014) | plies 110 decisive 73% | buffer 200000 steps 140688 | 118.7 g/min eta 3.1h
[78050/100000] loss 1.635 (pi 1.532 v 0.083 q 0.013 c 0.014) | plies 108 decisive 74% | buffer 200000 steps 140730 | 118.7 g/min eta 3.1h
[78075/100000] loss 1.636 (pi 1.532 v 0.084 q 0.013 c 0.015) | plies 109 decisive 74% | buffer 200000 steps 140776 | 118.7 g/min eta 3.1h
[78100/100000] loss 1.631 (pi 1.525 v 0.085 q 0.013 c 0.014) | plies 110 decisive 72% | buffer 200000 steps 140820 | 118.7 g/min eta 3.1h
[78125/100000] loss 1.631 (pi 1.525 v 0.085 q 0.013 c 0.015) | plies 111 decisive 70% | buffer 200000 steps 140866 | 118.7 g/min eta 3.1h
[78150/100000] loss 1.637 (pi 1.531 v 0.085 q 0.013 c 0.014) | plies 111 decisive 68% | buffer 200000 steps 140912 | 118.7 g/min eta 3.1h
[78175/100000] loss 1.629 (pi 1.523 v 0.085 q 0.013 c 0.015) | plies 111 decisive 68% | buffer 200000 steps 140957 | 118.7 g/min eta 3.1h
[78200/100000] loss 1.630 (pi 1.525 v 0.084 q 0.013 c 0.015) | plies 113 decisive 69% | buffer 200000 steps 141006 | 118.7 g/min eta 3.1h
[78225/100000] loss 1.630 (pi 1.525 v 0.084 q 0.013 c 0.015) | plies 114 decisive 67% | buffer 200000 steps 141054 | 118.7 g/min eta 3.1h
[78250/100000] loss 1.630 (pi 1.524 v 0.085 q 0.013 c 0.015) | plies 116 decisive 66% | buffer 200000 steps 141103 | 118.7 g/min eta 3.1h
[78275/100000] loss 1.639 (pi 1.533 v 0.085 q 0.013 c 0.015) | plies 115 decisive 67% | buffer 200000 steps 141150 | 118.7 g/min eta 3.0h
[78300/100000] loss 1.633 (pi 1.527 v 0.085 q 0.013 c 0.014) | plies 116 decisive 67% | buffer 200000 steps 141199 | 118.7 g/min eta 3.0h
[78325/100000] loss 1.634 (pi 1.529 v 0.085 q 0.013 c 0.014) | plies 115 decisive 67% | buffer 200000 steps 141246 | 118.7 g/min eta 3.0h
[78350/100000] loss 1.637 (pi 1.532 v 0.084 q 0.013 c 0.014) | plies 115 decisive 65% | buffer 200000 steps 141295 | 118.7 g/min eta 3.0h
[78375/100000] loss 1.628 (pi 1.523 v 0.085 q 0.013 c 0.014) | plies 116 decisive 64% | buffer 200000 steps 141341 | 118.7 g/min eta 3.0h
[78400/100000] loss 1.629 (pi 1.524 v 0.084 q 0.013 c 0.015) | plies 115 decisive 62% | buffer 200000 steps 141386 | 118.7 g/min eta 3.0h
[78425/100000] loss 1.628 (pi 1.524 v 0.083 q 0.013 c 0.015) | plies 114 decisive 64% | buffer 200000 steps 141429 | 118.7 g/min eta 3.0h
[78450/100000] loss 1.627 (pi 1.523 v 0.083 q 0.013 c 0.015) | plies 113 decisive 64% | buffer 200000 steps 141478 | 118.7 g/min eta 3.0h
[78475/100000] loss 1.626 (pi 1.522 v 0.084 q 0.013 c 0.015) | plies 114 decisive 64% | buffer 200000 steps 141523 | 118.7 g/min eta 3.0h
[78500/100000] loss 1.632 (pi 1.528 v 0.084 q 0.013 c 0.015) | plies 114 decisive 62% | buffer 200000 steps 141570 | 118.7 g/min eta 3.0h
[78525/100000] loss 1.635 (pi 1.532 v 0.083 q 0.013 c 0.014) | plies 116 decisive 61% | buffer 200000 steps 141617 | 118.7 g/min eta 3.0h
[78550/100000] loss 1.631 (pi 1.528 v 0.083 q 0.013 c 0.015) | plies 113 decisive 66% | buffer 200000 steps 141662 | 118.7 g/min eta 3.0h
[78575/100000] loss 1.632 (pi 1.529 v 0.082 q 0.013 c 0.015) | plies 112 decisive 66% | buffer 200000 steps 141704 | 118.7 g/min eta 3.0h
[78600/100000] loss 1.634 (pi 1.531 v 0.083 q 0.013 c 0.015) | plies 113 decisive 66% | buffer 200000 steps 141752 | 118.7 g/min eta 3.0h
[78625/100000] loss 1.627 (pi 1.524 v 0.084 q 0.013 c 0.014) | plies 113 decisive 66% | buffer 200000 steps 141800 | 118.7 g/min eta 3.0h
[78650/100000] loss 1.629 (pi 1.525 v 0.083 q 0.013 c 0.015) | plies 113 decisive 68% | buffer 200000 steps 141850 | 118.7 g/min eta 3.0h
[78675/100000] loss 1.629 (pi 1.525 v 0.084 q 0.013 c 0.015) | plies 115 decisive 66% | buffer 200000 steps 141900 | 118.7 g/min eta 3.0h
[78700/100000] loss 1.634 (pi 1.529 v 0.084 q 0.013 c 0.015) | plies 115 decisive 67% | buffer 200000 steps 141945 | 118.7 g/min eta 3.0h
[78725/100000] loss 1.630 (pi 1.525 v 0.085 q 0.013 c 0.015) | plies 112 decisive 69% | buffer 200000 steps 141984 | 118.7 g/min eta 3.0h
[78750/100000] loss 1.617 (pi 1.512 v 0.085 q 0.013 c 0.015) | plies 113 decisive 66% | buffer 200000 steps 142027 | 118.7 g/min eta 3.0h
[78775/100000] loss 1.625 (pi 1.520 v 0.085 q 0.013 c 0.015) | plies 113 decisive 68% | buffer 200000 steps 142072 | 118.7 g/min eta 3.0h
[78800/100000] loss 1.626 (pi 1.521 v 0.085 q 0.013 c 0.015) | plies 112 decisive 68% | buffer 200000 steps 142115 | 118.7 g/min eta 3.0h
[78825/100000] loss 1.624 (pi 1.520 v 0.085 q 0.013 c 0.015) | plies 111 decisive 68% | buffer 200000 steps 142157 | 118.7 g/min eta 3.0h
[78850/100000] loss 1.626 (pi 1.521 v 0.085 q 0.013 c 0.014) | plies 111 decisive 70% | buffer 200000 steps 142206 | 118.7 g/min eta 3.0h
[78875/100000] loss 1.628 (pi 1.522 v 0.085 q 0.013 c 0.014) | plies 109 decisive 72% | buffer 200000 steps 142256 | 118.7 g/min eta 3.0h
[78900/100000] loss 1.627 (pi 1.522 v 0.085 q 0.013 c 0.014) | plies 108 decisive 74% | buffer 200000 steps 142304 | 118.7 g/min eta 3.0h
[78925/100000] loss 1.628 (pi 1.523 v 0.085 q 0.013 c 0.014) | plies 111 decisive 72% | buffer 200000 steps 142351 | 118.7 g/min eta 3.0h
[78950/100000] loss 1.627 (pi 1.521 v 0.085 q 0.013 c 0.015) | plies 112 decisive 72% | buffer 200000 steps 142396 | 118.7 g/min eta 3.0h
[78975/100000] loss 1.616 (pi 1.510 v 0.084 q 0.013 c 0.016) | plies 112 decisive 72% | buffer 200000 steps 142444 | 118.7 g/min eta 3.0h
[79000/100000] loss 1.617 (pi 1.513 v 0.084 q 0.013 c 0.015) | plies 112 decisive 72% | buffer 200000 steps 142487 | 118.7 g/min eta 2.9h
  EVAL @79000: q-greedy 2-22-0 | policy-greedy 9-15-0 | search 8-0-0 (eval 23s)
[79025/100000] loss 1.624 (pi 1.518 v 0.085 q 0.013 c 0.015) | plies 113 decisive 72% | buffer 200000 steps 142534 | 118.6 g/min eta 2.9h
[79050/100000] loss 1.630 (pi 1.523 v 0.085 q 0.013 c 0.015) | plies 114 decisive 70% | buffer 200000 steps 142579 | 118.7 g/min eta 2.9h
[79075/100000] loss 1.631 (pi 1.525 v 0.085 q 0.013 c 0.015) | plies 113 decisive 68% | buffer 200000 steps 142624 | 118.7 g/min eta 2.9h
[79100/100000] loss 1.628 (pi 1.521 v 0.086 q 0.013 c 0.015) | plies 114 decisive 66% | buffer 200000 steps 142667 | 118.7 g/min eta 2.9h
[79125/100000] loss 1.625 (pi 1.518 v 0.086 q 0.013 c 0.015) | plies 113 decisive 68% | buffer 200000 steps 142716 | 118.7 g/min eta 2.9h
[79150/100000] loss 1.622 (pi 1.516 v 0.086 q 0.013 c 0.015) | plies 112 decisive 68% | buffer 200000 steps 142758 | 118.7 g/min eta 2.9h
[79175/100000] loss 1.624 (pi 1.518 v 0.086 q 0.013 c 0.014) | plies 114 decisive 66% | buffer 200000 steps 142806 | 118.7 g/min eta 2.9h
[79200/100000] loss 1.629 (pi 1.523 v 0.086 q 0.013 c 0.014) | plies 115 decisive 64% | buffer 200000 steps 142849 | 118.7 g/min eta 2.9h
[79225/100000] loss 1.633 (pi 1.526 v 0.086 q 0.013 c 0.015) | plies 113 decisive 65% | buffer 200000 steps 142888 | 118.7 g/min eta 2.9h
[79250/100000] loss 1.632 (pi 1.525 v 0.087 q 0.013 c 0.015) | plies 112 decisive 66% | buffer 200000 steps 142934 | 118.7 g/min eta 2.9h
[79275/100000] loss 1.628 (pi 1.521 v 0.087 q 0.013 c 0.014) | plies 112 decisive 67% | buffer 200000 steps 142978 | 118.7 g/min eta 2.9h
[79300/100000] loss 1.630 (pi 1.523 v 0.087 q 0.013 c 0.015) | plies 111 decisive 67% | buffer 200000 steps 143024 | 118.7 g/min eta 2.9h
[79325/100000] loss 1.638 (pi 1.531 v 0.086 q 0.013 c 0.015) | plies 110 decisive 67% | buffer 200000 steps 143065 | 118.7 g/min eta 2.9h
[79350/100000] loss 1.633 (pi 1.525 v 0.087 q 0.013 c 0.015) | plies 110 decisive 69% | buffer 200000 steps 143113 | 118.7 g/min eta 2.9h
[79375/100000] loss 1.632 (pi 1.523 v 0.087 q 0.013 c 0.015) | plies 108 decisive 70% | buffer 200000 steps 143158 | 118.7 g/min eta 2.9h
[79400/100000] loss 1.642 (pi 1.534 v 0.086 q 0.014 c 0.016) | plies 109 decisive 71% | buffer 200000 steps 143205 | 118.7 g/min eta 2.9h
[79425/100000] loss 1.635 (pi 1.527 v 0.087 q 0.014 c 0.016) | plies 112 decisive 68% | buffer 200000 steps 143250 | 118.7 g/min eta 2.9h
[79450/100000] loss 1.633 (pi 1.525 v 0.086 q 0.014 c 0.016) | plies 111 decisive 69% | buffer 200000 steps 143294 | 118.7 g/min eta 2.9h
[79475/100000] loss 1.626 (pi 1.518 v 0.086 q 0.014 c 0.015) | plies 109 decisive 72% | buffer 200000 steps 143336 | 118.7 g/min eta 2.9h
[79500/100000] loss 1.626 (pi 1.518 v 0.087 q 0.013 c 0.015) | plies 109 decisive 72% | buffer 200000 steps 143379 | 118.7 g/min eta 2.9h
[79525/100000] loss 1.631 (pi 1.522 v 0.088 q 0.013 c 0.015) | plies 109 decisive 72% | buffer 200000 steps 143424 | 118.7 g/min eta 2.9h
[79550/100000] loss 1.624 (pi 1.517 v 0.087 q 0.014 c 0.015) | plies 110 decisive 70% | buffer 200000 steps 143469 | 118.7 g/min eta 2.9h
[79575/100000] loss 1.622 (pi 1.514 v 0.087 q 0.014 c 0.015) | plies 110 decisive 70% | buffer 200000 steps 143513 | 118.7 g/min eta 2.9h
[79600/100000] loss 1.628 (pi 1.519 v 0.087 q 0.014 c 0.016) | plies 111 decisive 68% | buffer 200000 steps 143559 | 118.7 g/min eta 2.9h
[79625/100000] loss 1.623 (pi 1.516 v 0.086 q 0.014 c 0.015) | plies 110 decisive 70% | buffer 200000 steps 143607 | 118.7 g/min eta 2.9h
[79650/100000] loss 1.624 (pi 1.516 v 0.087 q 0.014 c 0.015) | plies 111 decisive 68% | buffer 200000 steps 143650 | 118.7 g/min eta 2.9h
[79675/100000] loss 1.621 (pi 1.514 v 0.086 q 0.014 c 0.015) | plies 113 decisive 65% | buffer 200000 steps 143695 | 118.7 g/min eta 2.9h
[79700/100000] loss 1.622 (pi 1.516 v 0.085 q 0.014 c 0.015) | plies 115 decisive 62% | buffer 200000 steps 143741 | 118.7 g/min eta 2.9h
[79725/100000] loss 1.616 (pi 1.510 v 0.085 q 0.014 c 0.015) | plies 114 decisive 64% | buffer 200000 steps 143782 | 118.7 g/min eta 2.8h
[79750/100000] loss 1.619 (pi 1.512 v 0.085 q 0.013 c 0.016) | plies 113 decisive 66% | buffer 200000 steps 143826 | 118.7 g/min eta 2.8h
[79775/100000] loss 1.625 (pi 1.518 v 0.086 q 0.014 c 0.016) | plies 113 decisive 66% | buffer 200000 steps 143874 | 118.7 g/min eta 2.8h
[79800/100000] loss 1.627 (pi 1.520 v 0.085 q 0.014 c 0.016) | plies 111 decisive 68% | buffer 200000 steps 143912 | 118.7 g/min eta 2.8h
[79825/100000] loss 1.622 (pi 1.516 v 0.085 q 0.014 c 0.016) | plies 113 decisive 66% | buffer 200000 steps 143960 | 118.7 g/min eta 2.8h
[79850/100000] loss 1.617 (pi 1.511 v 0.085 q 0.014 c 0.015) | plies 113 decisive 68% | buffer 200000 steps 144003 | 118.7 g/min eta 2.8h
[79875/100000] loss 1.615 (pi 1.510 v 0.085 q 0.013 c 0.015) | plies 111 decisive 71% | buffer 200000 steps 144045 | 118.7 g/min eta 2.8h
[79900/100000] loss 1.621 (pi 1.515 v 0.085 q 0.014 c 0.015) | plies 111 decisive 70% | buffer 200000 steps 144092 | 118.7 g/min eta 2.8h
[79925/100000] loss 1.615 (pi 1.509 v 0.086 q 0.014 c 0.015) | plies 111 decisive 70% | buffer 200000 steps 144134 | 118.7 g/min eta 2.8h
[79950/100000] loss 1.613 (pi 1.507 v 0.085 q 0.014 c 0.015) | plies 111 decisive 70% | buffer 200000 steps 144180 | 118.7 g/min eta 2.8h
[79975/100000] loss 1.618 (pi 1.512 v 0.086 q 0.014 c 0.015) | plies 110 decisive 71% | buffer 200000 steps 144227 | 118.7 g/min eta 2.8h
[80000/100000] loss 1.620 (pi 1.512 v 0.087 q 0.014 c 0.015) | plies 111 decisive 71% | buffer 200000 steps 144272 | 118.7 g/min eta 2.8h
  EVAL @80000: q-greedy 3-21-0 | policy-greedy 8-16-0 | search 8-0-0 (eval 28s)
[80025/100000] loss 1.620 (pi 1.513 v 0.086 q 0.014 c 0.015) | plies 110 decisive 72% | buffer 200000 steps 144316 | 118.6 g/min eta 2.8h
[80050/100000] loss 1.624 (pi 1.515 v 0.087 q 0.014 c 0.015) | plies 109 decisive 72% | buffer 200000 steps 144359 | 118.6 g/min eta 2.8h
[80075/100000] loss 1.621 (pi 1.513 v 0.087 q 0.014 c 0.015) | plies 110 decisive 70% | buffer 200000 steps 144402 | 118.6 g/min eta 2.8h
[80100/100000] loss 1.618 (pi 1.509 v 0.087 q 0.013 c 0.015) | plies 111 decisive 70% | buffer 200000 steps 144449 | 118.6 g/min eta 2.8h
[80125/100000] loss 1.624 (pi 1.516 v 0.087 q 0.014 c 0.015) | plies 111 decisive 69% | buffer 200000 steps 144490 | 118.7 g/min eta 2.8h
[80150/100000] loss 1.619 (pi 1.512 v 0.086 q 0.013 c 0.015) | plies 111 decisive 66% | buffer 200000 steps 144534 | 118.7 g/min eta 2.8h
[80175/100000] loss 1.618 (pi 1.511 v 0.085 q 0.013 c 0.015) | plies 112 decisive 64% | buffer 200000 steps 144577 | 118.7 g/min eta 2.8h
[80200/100000] loss 1.614 (pi 1.507 v 0.086 q 0.014 c 0.015) | plies 113 decisive 62% | buffer 200000 steps 144625 | 118.7 g/min eta 2.8h
[80225/100000] loss 1.619 (pi 1.511 v 0.086 q 0.014 c 0.015) | plies 110 decisive 64% | buffer 200000 steps 144661 | 118.7 g/min eta 2.8h
[80250/100000] loss 1.613 (pi 1.506 v 0.086 q 0.014 c 0.015) | plies 108 decisive 66% | buffer 200000 steps 144702 | 118.7 g/min eta 2.8h
[80275/100000] loss 1.616 (pi 1.509 v 0.085 q 0.014 c 0.015) | plies 108 decisive 64% | buffer 200000 steps 144745 | 118.7 g/min eta 2.8h
[80300/100000] loss 1.611 (pi 1.505 v 0.085 q 0.014 c 0.014) | plies 108 decisive 66% | buffer 200000 steps 144791 | 118.7 g/min eta 2.8h
[80325/100000] loss 1.620 (pi 1.513 v 0.086 q 0.014 c 0.015) | plies 109 decisive 67% | buffer 200000 steps 144841 | 118.7 g/min eta 2.8h
[80350/100000] loss 1.611 (pi 1.503 v 0.086 q 0.014 c 0.015) | plies 110 decisive 68% | buffer 200000 steps 144886 | 118.7 g/min eta 2.8h
[80375/100000] loss 1.615 (pi 1.507 v 0.086 q 0.014 c 0.015) | plies 108 decisive 71% | buffer 200000 steps 144926 | 118.7 g/min eta 2.8h
[80400/100000] loss 1.614 (pi 1.507 v 0.086 q 0.014 c 0.015) | plies 108 decisive 70% | buffer 200000 steps 144969 | 118.7 g/min eta 2.8h
[80425/100000] loss 1.609 (pi 1.502 v 0.086 q 0.013 c 0.015) | plies 109 decisive 71% | buffer 200000 steps 145013 | 118.7 g/min eta 2.7h
[80450/100000] loss 1.608 (pi 1.501 v 0.086 q 0.014 c 0.016) | plies 111 decisive 69% | buffer 200000 steps 145055 | 118.7 g/min eta 2.7h
[80475/100000] loss 1.603 (pi 1.496 v 0.086 q 0.014 c 0.015) | plies 112 decisive 70% | buffer 200000 steps 145100 | 118.7 g/min eta 2.7h
[80500/100000] loss 1.602 (pi 1.495 v 0.086 q 0.014 c 0.015) | plies 111 decisive 71% | buffer 200000 steps 145147 | 118.7 g/min eta 2.7h
[80525/100000] loss 1.602 (pi 1.495 v 0.086 q 0.014 c 0.015) | plies 107 decisive 72% | buffer 200000 steps 145185 | 118.7 g/min eta 2.7h
[80550/100000] loss 1.609 (pi 1.502 v 0.086 q 0.014 c 0.016) | plies 107 decisive 72% | buffer 200000 steps 145230 | 118.7 g/min eta 2.7h
[80575/100000] loss 1.601 (pi 1.493 v 0.086 q 0.014 c 0.016) | plies 107 decisive 72% | buffer 200000 steps 145274 | 118.7 g/min eta 2.7h
[80600/100000] loss 1.601 (pi 1.492 v 0.087 q 0.014 c 0.016) | plies 108 decisive 74% | buffer 200000 steps 145323 | 118.7 g/min eta 2.7h
[80625/100000] loss 1.598 (pi 1.489 v 0.087 q 0.014 c 0.016) | plies 109 decisive 72% | buffer 200000 steps 145370 | 118.7 g/min eta 2.7h
[80650/100000] loss 1.601 (pi 1.493 v 0.087 q 0.014 c 0.015) | plies 109 decisive 72% | buffer 200000 steps 145413 | 118.7 g/min eta 2.7h
[80675/100000] loss 1.600 (pi 1.492 v 0.086 q 0.014 c 0.015) | plies 110 decisive 72% | buffer 200000 steps 145460 | 118.7 g/min eta 2.7h
[80700/100000] loss 1.597 (pi 1.489 v 0.086 q 0.014 c 0.015) | plies 112 decisive 68% | buffer 200000 steps 145506 | 118.7 g/min eta 2.7h
[80725/100000] loss 1.594 (pi 1.488 v 0.086 q 0.013 c 0.015) | plies 115 decisive 65% | buffer 200000 steps 145552 | 118.7 g/min eta 2.7h
[80750/100000] loss 1.595 (pi 1.488 v 0.086 q 0.013 c 0.015) | plies 114 decisive 68% | buffer 200000 steps 145595 | 118.7 g/min eta 2.7h
[80775/100000] loss 1.593 (pi 1.486 v 0.086 q 0.013 c 0.015) | plies 115 decisive 66% | buffer 200000 steps 145638 | 118.7 g/min eta 2.7h
[80800/100000] loss 1.592 (pi 1.485 v 0.086 q 0.013 c 0.015) | plies 113 decisive 69% | buffer 200000 steps 145684 | 118.7 g/min eta 2.7h
[80825/100000] loss 1.593 (pi 1.487 v 0.085 q 0.014 c 0.015) | plies 111 decisive 70% | buffer 200000 steps 145723 | 118.7 g/min eta 2.7h
[80850/100000] loss 1.599 (pi 1.493 v 0.085 q 0.014 c 0.015) | plies 111 decisive 71% | buffer 200000 steps 145771 | 118.7 g/min eta 2.7h
[80875/100000] loss 1.593 (pi 1.488 v 0.085 q 0.014 c 0.015) | plies 111 decisive 72% | buffer 200000 steps 145820 | 118.7 g/min eta 2.7h
[80900/100000] loss 1.595 (pi 1.490 v 0.085 q 0.013 c 0.015) | plies 109 decisive 74% | buffer 200000 steps 145865 | 118.7 g/min eta 2.7h
[80925/100000] loss 1.597 (pi 1.491 v 0.085 q 0.013 c 0.015) | plies 109 decisive 73% | buffer 200000 steps 145907 | 118.7 g/min eta 2.7h
[80950/100000] loss 1.596 (pi 1.490 v 0.085 q 0.013 c 0.015) | plies 109 decisive 73% | buffer 200000 steps 145950 | 118.7 g/min eta 2.7h
[80975/100000] loss 1.597 (pi 1.490 v 0.085 q 0.013 c 0.015) | plies 107 decisive 74% | buffer 200000 steps 145989 | 118.7 g/min eta 2.7h
[81000/100000] loss 1.594 (pi 1.488 v 0.086 q 0.013 c 0.015) | plies 108 decisive 70% | buffer 200000 steps 146033 | 118.7 g/min eta 2.7h
  EVAL @81000: q-greedy 4-20-0 | policy-greedy 6-18-0 | search 8-0-0 (eval 23s)
[81025/100000] loss 1.590 (pi 1.485 v 0.085 q 0.013 c 0.015) | plies 112 decisive 68% | buffer 200000 steps 146079 | 118.6 g/min eta 2.7h
[81050/100000] loss 1.597 (pi 1.490 v 0.085 q 0.014 c 0.015) | plies 109 decisive 70% | buffer 200000 steps 146116 | 118.7 g/min eta 2.7h
[81075/100000] loss 1.589 (pi 1.483 v 0.085 q 0.013 c 0.015) | plies 108 decisive 70% | buffer 200000 steps 146160 | 118.7 g/min eta 2.7h
[81100/100000] loss 1.585 (pi 1.479 v 0.086 q 0.013 c 0.015) | plies 107 decisive 71% | buffer 200000 steps 146203 | 118.7 g/min eta 2.7h
[81125/100000] loss 1.583 (pi 1.477 v 0.085 q 0.013 c 0.015) | plies 104 decisive 75% | buffer 200000 steps 146246 | 118.7 g/min eta 2.7h
[81150/100000] loss 1.593 (pi 1.486 v 0.085 q 0.013 c 0.016) | plies 107 decisive 70% | buffer 200000 steps 146294 | 118.7 g/min eta 2.6h
[81175/100000] loss 1.593 (pi 1.487 v 0.085 q 0.013 c 0.016) | plies 108 decisive 70% | buffer 200000 steps 146334 | 118.7 g/min eta 2.6h
[81200/100000] loss 1.585 (pi 1.479 v 0.085 q 0.013 c 0.016) | plies 106 decisive 72% | buffer 200000 steps 146372 | 118.7 g/min eta 2.6h
[81225/100000] loss 1.586 (pi 1.479 v 0.085 q 0.013 c 0.016) | plies 105 decisive 73% | buffer 200000 steps 146417 | 118.7 g/min eta 2.6h
[81250/100000] loss 1.583 (pi 1.477 v 0.085 q 0.013 c 0.015) | plies 108 decisive 70% | buffer 200000 steps 146461 | 118.7 g/min eta 2.6h
[81275/100000] loss 1.586 (pi 1.480 v 0.084 q 0.013 c 0.015) | plies 108 decisive 70% | buffer 200000 steps 146504 | 118.7 g/min eta 2.6h
[81300/100000] loss 1.582 (pi 1.476 v 0.085 q 0.013 c 0.015) | plies 110 decisive 69% | buffer 200000 steps 146549 | 118.7 g/min eta 2.6h
[81325/100000] loss 1.577 (pi 1.472 v 0.084 q 0.013 c 0.015) | plies 112 decisive 67% | buffer 200000 steps 146593 | 118.7 g/min eta 2.6h
[81350/100000] loss 1.574 (pi 1.469 v 0.085 q 0.013 c 0.015) | plies 109 decisive 70% | buffer 200000 steps 146633 | 118.7 g/min eta 2.6h
[81375/100000] loss 1.579 (pi 1.473 v 0.085 q 0.013 c 0.015) | plies 109 decisive 71% | buffer 200000 steps 146674 | 118.7 g/min eta 2.6h
[81400/100000] loss 1.577 (pi 1.472 v 0.085 q 0.013 c 0.015) | plies 109 decisive 72% | buffer 200000 steps 146718 | 118.7 g/min eta 2.6h
[81425/100000] loss 1.573 (pi 1.468 v 0.085 q 0.013 c 0.015) | plies 110 decisive 72% | buffer 200000 steps 146763 | 118.7 g/min eta 2.6h
[81450/100000] loss 1.573 (pi 1.468 v 0.084 q 0.013 c 0.015) | plies 108 decisive 72% | buffer 200000 steps 146803 | 118.7 g/min eta 2.6h
[81475/100000] loss 1.569 (pi 1.464 v 0.084 q 0.013 c 0.015) | plies 108 decisive 72% | buffer 200000 steps 146844 | 118.7 g/min eta 2.6h
[81500/100000] loss 1.576 (pi 1.470 v 0.085 q 0.013 c 0.015) | plies 106 decisive 75% | buffer 200000 steps 146887 | 118.7 g/min eta 2.6h
[81525/100000] loss 1.575 (pi 1.469 v 0.086 q 0.013 c 0.015) | plies 105 decisive 74% | buffer 200000 steps 146930 | 118.7 g/min eta 2.6h
[81550/100000] loss 1.569 (pi 1.464 v 0.085 q 0.013 c 0.015) | plies 105 decisive 74% | buffer 200000 steps 146970 | 118.7 g/min eta 2.6h
[81575/100000] loss 1.563 (pi 1.457 v 0.086 q 0.013 c 0.015) | plies 106 decisive 74% | buffer 200000 steps 147015 | 118.7 g/min eta 2.6h
[81600/100000] loss 1.569 (pi 1.463 v 0.086 q 0.013 c 0.015) | plies 106 decisive 72% | buffer 200000 steps 147059 | 118.7 g/min eta 2.6h
[81625/100000] loss 1.569 (pi 1.463 v 0.086 q 0.013 c 0.015) | plies 104 decisive 74% | buffer 200000 steps 147101 | 118.8 g/min eta 2.6h
[81650/100000] loss 1.567 (pi 1.460 v 0.086 q 0.013 c 0.015) | plies 106 decisive 74% | buffer 200000 steps 147145 | 118.7 g/min eta 2.6h
[81675/100000] loss 1.566 (pi 1.459 v 0.086 q 0.013 c 0.015) | plies 105 decisive 74% | buffer 200000 steps 147185 | 118.8 g/min eta 2.6h
[81700/100000] loss 1.564 (pi 1.456 v 0.086 q 0.014 c 0.015) | plies 105 decisive 73% | buffer 200000 steps 147225 | 118.8 g/min eta 2.6h
[81725/100000] loss 1.560 (pi 1.453 v 0.086 q 0.013 c 0.015) | plies 104 decisive 74% | buffer 200000 steps 147265 | 118.8 g/min eta 2.6h
[81750/100000] loss 1.557 (pi 1.451 v 0.086 q 0.013 c 0.015) | plies 104 decisive 74% | buffer 200000 steps 147307 | 118.8 g/min eta 2.6h
[81775/100000] loss 1.556 (pi 1.451 v 0.085 q 0.013 c 0.015) | plies 103 decisive 73% | buffer 200000 steps 147346 | 118.8 g/min eta 2.6h
[81800/100000] loss 1.564 (pi 1.458 v 0.085 q 0.013 c 0.015) | plies 106 decisive 71% | buffer 200000 steps 147396 | 118.8 g/min eta 2.6h
[81825/100000] loss 1.562 (pi 1.457 v 0.084 q 0.013 c 0.015) | plies 106 decisive 71% | buffer 200000 steps 147438 | 118.8 g/min eta 2.6h
[81850/100000] loss 1.561 (pi 1.456 v 0.085 q 0.013 c 0.015) | plies 106 decisive 68% | buffer 200000 steps 147481 | 118.8 g/min eta 2.5h
[81875/100000] loss 1.558 (pi 1.454 v 0.084 q 0.013 c 0.015) | plies 107 decisive 67% | buffer 200000 steps 147521 | 118.8 g/min eta 2.5h
[81900/100000] loss 1.554 (pi 1.450 v 0.084 q 0.013 c 0.015) | plies 106 decisive 68% | buffer 200000 steps 147561 | 118.8 g/min eta 2.5h
[81925/100000] loss 1.557 (pi 1.454 v 0.083 q 0.013 c 0.015) | plies 106 decisive 69% | buffer 200000 steps 147602 | 118.8 g/min eta 2.5h
[81950/100000] loss 1.560 (pi 1.455 v 0.084 q 0.013 c 0.015) | plies 106 decisive 68% | buffer 200000 steps 147644 | 118.8 g/min eta 2.5h
[81975/100000] loss 1.560 (pi 1.455 v 0.084 q 0.013 c 0.015) | plies 107 decisive 68% | buffer 200000 steps 147686 | 118.8 g/min eta 2.5h
[82000/100000] loss 1.561 (pi 1.456 v 0.084 q 0.013 c 0.015) | plies 105 decisive 68% | buffer 200000 steps 147730 | 118.8 g/min eta 2.5h
  EVAL @82000: q-greedy 2-22-0 | policy-greedy 10-14-0 | search 8-0-0 (eval 26s)
[82025/100000] loss 1.561 (pi 1.456 v 0.084 q 0.013 c 0.015) | plies 106 decisive 68% | buffer 200000 steps 147774 | 118.7 g/min eta 2.5h
[82050/100000] loss 1.561 (pi 1.456 v 0.084 q 0.013 c 0.015) | plies 103 decisive 72% | buffer 200000 steps 147812 | 118.7 g/min eta 2.5h
[82075/100000] loss 1.558 (pi 1.453 v 0.084 q 0.013 c 0.015) | plies 105 decisive 70% | buffer 200000 steps 147856 | 118.8 g/min eta 2.5h
[82100/100000] loss 1.558 (pi 1.454 v 0.084 q 0.013 c 0.015) | plies 107 decisive 68% | buffer 200000 steps 147898 | 118.8 g/min eta 2.5h
[82125/100000] loss 1.553 (pi 1.449 v 0.083 q 0.013 c 0.015) | plies 107 decisive 68% | buffer 200000 steps 147943 | 118.8 g/min eta 2.5h
[82150/100000] loss 1.546 (pi 1.442 v 0.084 q 0.013 c 0.015) | plies 107 decisive 69% | buffer 200000 steps 147985 | 118.8 g/min eta 2.5h
[82175/100000] loss 1.552 (pi 1.447 v 0.084 q 0.013 c 0.015) | plies 107 decisive 69% | buffer 200000 steps 148025 | 118.8 g/min eta 2.5h
[82200/100000] loss 1.550 (pi 1.445 v 0.084 q 0.013 c 0.014) | plies 107 decisive 70% | buffer 200000 steps 148067 | 118.8 g/min eta 2.5h
[82225/100000] loss 1.550 (pi 1.445 v 0.085 q 0.013 c 0.015) | plies 107 decisive 70% | buffer 200000 steps 148112 | 118.8 g/min eta 2.5h
[82250/100000] loss 1.545 (pi 1.440 v 0.084 q 0.013 c 0.015) | plies 109 decisive 68% | buffer 200000 steps 148154 | 118.8 g/min eta 2.5h
[82275/100000] loss 1.551 (pi 1.446 v 0.084 q 0.013 c 0.016) | plies 109 decisive 70% | buffer 200000 steps 148199 | 118.8 g/min eta 2.5h
[82300/100000] loss 1.551 (pi 1.445 v 0.085 q 0.013 c 0.015) | plies 108 decisive 70% | buffer 200000 steps 148241 | 118.8 g/min eta 2.5h
[82325/100000] loss 1.553 (pi 1.447 v 0.085 q 0.013 c 0.015) | plies 109 decisive 70% | buffer 200000 steps 148288 | 118.8 g/min eta 2.5h
[82350/100000] loss 1.549 (pi 1.444 v 0.085 q 0.013 c 0.015) | plies 109 decisive 70% | buffer 200000 steps 148330 | 118.8 g/min eta 2.5h
[82375/100000] loss 1.548 (pi 1.443 v 0.085 q 0.013 c 0.015) | plies 110 decisive 69% | buffer 200000 steps 148371 | 118.8 g/min eta 2.5h
[82400/100000] loss 1.543 (pi 1.438 v 0.085 q 0.013 c 0.015) | plies 109 decisive 70% | buffer 200000 steps 148410 | 118.8 g/min eta 2.5h
[82425/100000] loss 1.544 (pi 1.439 v 0.085 q 0.013 c 0.015) | plies 109 decisive 70% | buffer 200000 steps 148454 | 118.8 g/min eta 2.5h
[82450/100000] loss 1.546 (pi 1.440 v 0.085 q 0.013 c 0.016) | plies 107 decisive 72% | buffer 200000 steps 148490 | 118.8 g/min eta 2.5h
[82475/100000] loss 1.550 (pi 1.443 v 0.086 q 0.013 c 0.016) | plies 106 decisive 72% | buffer 200000 steps 148532 | 118.8 g/min eta 2.5h
[82500/100000] loss 1.548 (pi 1.441 v 0.085 q 0.013 c 0.016) | plies 104 decisive 72% | buffer 200000 steps 148573 | 118.8 g/min eta 2.5h
[82525/100000] loss 1.549 (pi 1.442 v 0.086 q 0.013 c 0.016) | plies 105 decisive 71% | buffer 200000 steps 148616 | 118.8 g/min eta 2.5h
[82550/100000] loss 1.550 (pi 1.444 v 0.086 q 0.013 c 0.015) | plies 105 decisive 71% | buffer 200000 steps 148659 | 118.8 g/min eta 2.4h
[82575/100000] loss 1.538 (pi 1.433 v 0.085 q 0.013 c 0.015) | plies 106 decisive 72% | buffer 200000 steps 148703 | 118.8 g/min eta 2.4h
[82600/100000] loss 1.538 (pi 1.433 v 0.084 q 0.013 c 0.015) | plies 107 decisive 70% | buffer 200000 steps 148744 | 118.8 g/min eta 2.4h
[82625/100000] loss 1.537 (pi 1.433 v 0.084 q 0.013 c 0.015) | plies 106 decisive 72% | buffer 200000 steps 148786 | 118.8 g/min eta 2.4h
[82650/100000] loss 1.529 (pi 1.425 v 0.084 q 0.013 c 0.015) | plies 109 decisive 70% | buffer 200000 steps 148828 | 118.9 g/min eta 2.4h
[82675/100000] loss 1.530 (pi 1.426 v 0.084 q 0.013 c 0.015) | plies 108 decisive 71% | buffer 200000 steps 148870 | 118.8 g/min eta 2.4h
[82700/100000] loss 1.533 (pi 1.429 v 0.084 q 0.013 c 0.015) | plies 109 decisive 70% | buffer 200000 steps 148913 | 118.9 g/min eta 2.4h
[82725/100000] loss 1.532 (pi 1.428 v 0.085 q 0.013 c 0.015) | plies 107 decisive 72% | buffer 200000 steps 148952 | 118.9 g/min eta 2.4h
[82750/100000] loss 1.530 (pi 1.426 v 0.084 q 0.013 c 0.015) | plies 107 decisive 72% | buffer 200000 steps 148994 | 118.9 g/min eta 2.4h
[82775/100000] loss 1.530 (pi 1.426 v 0.084 q 0.013 c 0.015) | plies 106 decisive 72% | buffer 200000 steps 149038 | 118.9 g/min eta 2.4h
[82800/100000] loss 1.531 (pi 1.427 v 0.084 q 0.013 c 0.015) | plies 106 decisive 72% | buffer 200000 steps 149081 | 118.9 g/min eta 2.4h
[82825/100000] loss 1.534 (pi 1.430 v 0.084 q 0.013 c 0.015) | plies 107 decisive 72% | buffer 200000 steps 149123 | 118.9 g/min eta 2.4h
[82850/100000] loss 1.533 (pi 1.429 v 0.084 q 0.013 c 0.015) | plies 105 decisive 74% | buffer 200000 steps 149162 | 118.9 g/min eta 2.4h
[82875/100000] loss 1.532 (pi 1.427 v 0.085 q 0.013 c 0.015) | plies 106 decisive 74% | buffer 200000 steps 149202 | 118.9 g/min eta 2.4h
[82900/100000] loss 1.531 (pi 1.426 v 0.085 q 0.013 c 0.014) | plies 105 decisive 74% | buffer 200000 steps 149244 | 118.9 g/min eta 2.4h
[82925/100000] loss 1.532 (pi 1.427 v 0.085 q 0.013 c 0.014) | plies 105 decisive 75% | buffer 200000 steps 149282 | 118.9 g/min eta 2.4h
[82950/100000] loss 1.535 (pi 1.430 v 0.086 q 0.013 c 0.015) | plies 106 decisive 76% | buffer 200000 steps 149327 | 118.9 g/min eta 2.4h
[82975/100000] loss 1.540 (pi 1.434 v 0.085 q 0.013 c 0.015) | plies 106 decisive 76% | buffer 200000 steps 149369 | 118.9 g/min eta 2.4h
[83000/100000] loss 1.532 (pi 1.427 v 0.085 q 0.013 c 0.015) | plies 105 decisive 76% | buffer 200000 steps 149410 | 118.9 g/min eta 2.4h
  EVAL @83000: q-greedy 4-20-0 | policy-greedy 7-17-0 | search 8-0-0 (eval 25s)
[83025/100000] loss 1.529 (pi 1.424 v 0.085 q 0.013 c 0.015) | plies 105 decisive 75% | buffer 200000 steps 149455 | 118.8 g/min eta 2.4h
[83050/100000] loss 1.524 (pi 1.418 v 0.086 q 0.013 c 0.015) | plies 108 decisive 72% | buffer 200000 steps 149504 | 118.8 g/min eta 2.4h
[83075/100000] loss 1.524 (pi 1.418 v 0.086 q 0.013 c 0.014) | plies 110 decisive 72% | buffer 200000 steps 149549 | 118.8 g/min eta 2.4h
[83100/100000] loss 1.519 (pi 1.413 v 0.085 q 0.013 c 0.014) | plies 109 decisive 74% | buffer 200000 steps 149590 | 118.9 g/min eta 2.4h
[83125/100000] loss 1.522 (pi 1.417 v 0.086 q 0.013 c 0.014) | plies 110 decisive 73% | buffer 200000 steps 149630 | 118.9 g/min eta 2.4h
[83150/100000] loss 1.516 (pi 1.411 v 0.085 q 0.013 c 0.014) | plies 110 decisive 71% | buffer 200000 steps 149672 | 118.9 g/min eta 2.4h
[83175/100000] loss 1.516 (pi 1.410 v 0.086 q 0.013 c 0.015) | plies 110 decisive 71% | buffer 200000 steps 149717 | 118.9 g/min eta 2.4h
[83200/100000] loss 1.518 (pi 1.413 v 0.085 q 0.013 c 0.014) | plies 110 decisive 72% | buffer 200000 steps 149757 | 118.9 g/min eta 2.4h
[83225/100000] loss 1.519 (pi 1.414 v 0.085 q 0.013 c 0.015) | plies 110 decisive 72% | buffer 200000 steps 149798 | 118.9 g/min eta 2.4h
[83250/100000] loss 1.517 (pi 1.411 v 0.086 q 0.013 c 0.015) | plies 108 decisive 74% | buffer 200000 steps 149841 | 118.9 g/min eta 2.3h
[83275/100000] loss 1.513 (pi 1.408 v 0.085 q 0.013 c 0.015) | plies 105 decisive 75% | buffer 200000 steps 149881 | 118.9 g/min eta 2.3h
[83300/100000] loss 1.508 (pi 1.402 v 0.086 q 0.013 c 0.015) | plies 105 decisive 74% | buffer 200000 steps 149922 | 118.9 g/min eta 2.3h
[83325/100000] loss 1.506 (pi 1.400 v 0.086 q 0.013 c 0.015) | plies 104 decisive 73% | buffer 200000 steps 149961 | 118.9 g/min eta 2.3h
[83350/100000] loss 1.502 (pi 1.396 v 0.086 q 0.013 c 0.015) | plies 104 decisive 72% | buffer 200000 steps 150002 | 118.9 g/min eta 2.3h
[83375/100000] loss 1.507 (pi 1.401 v 0.086 q 0.013 c 0.015) | plies 104 decisive 72% | buffer 200000 steps 150043 | 118.9 g/min eta 2.3h
[83400/100000] loss 1.515 (pi 1.409 v 0.086 q 0.013 c 0.015) | plies 103 decisive 72% | buffer 200000 steps 150085 | 118.9 g/min eta 2.3h
[83425/100000] loss 1.520 (pi 1.414 v 0.086 q 0.013 c 0.014) | plies 106 decisive 68% | buffer 200000 steps 150131 | 118.9 g/min eta 2.3h
[83450/100000] loss 1.515 (pi 1.409 v 0.086 q 0.013 c 0.015) | plies 107 decisive 67% | buffer 200000 steps 150178 | 118.9 g/min eta 2.3h
[83475/100000] loss 1.509 (pi 1.404 v 0.085 q 0.013 c 0.014) | plies 110 decisive 64% | buffer 200000 steps 150228 | 118.9 g/min eta 2.3h
[83500/100000] loss 1.519 (pi 1.414 v 0.085 q 0.013 c 0.014) | plies 110 decisive 64% | buffer 200000 steps 150267 | 118.9 g/min eta 2.3h
[83525/100000] loss 1.524 (pi 1.419 v 0.085 q 0.013 c 0.015) | plies 108 decisive 66% | buffer 200000 steps 150307 | 118.9 g/min eta 2.3h
[83550/100000] loss 1.518 (pi 1.413 v 0.085 q 0.013 c 0.015) | plies 109 decisive 66% | buffer 200000 steps 150353 | 118.9 g/min eta 2.3h
[83575/100000] loss 1.522 (pi 1.416 v 0.086 q 0.013 c 0.015) | plies 109 decisive 67% | buffer 200000 steps 150394 | 118.9 g/min eta 2.3h
[83600/100000] loss 1.513 (pi 1.405 v 0.087 q 0.013 c 0.015) | plies 110 decisive 66% | buffer 200000 steps 150437 | 118.9 g/min eta 2.3h
[83625/100000] loss 1.510 (pi 1.404 v 0.086 q 0.013 c 0.016) | plies 107 decisive 70% | buffer 200000 steps 150481 | 118.9 g/min eta 2.3h
[83650/100000] loss 1.509 (pi 1.402 v 0.086 q 0.013 c 0.015) | plies 106 decisive 69% | buffer 200000 steps 150522 | 118.9 g/min eta 2.3h
[83675/100000] loss 1.514 (pi 1.408 v 0.085 q 0.013 c 0.015) | plies 105 decisive 69% | buffer 200000 steps 150565 | 118.9 g/min eta 2.3h
[83700/100000] loss 1.513 (pi 1.407 v 0.085 q 0.013 c 0.015) | plies 107 decisive 66% | buffer 200000 steps 150609 | 118.9 g/min eta 2.3h
[83725/100000] loss 1.513 (pi 1.406 v 0.086 q 0.013 c 0.015) | plies 107 decisive 67% | buffer 200000 steps 150650 | 118.9 g/min eta 2.3h
[83750/100000] loss 1.513 (pi 1.407 v 0.085 q 0.013 c 0.015) | plies 108 decisive 66% | buffer 200000 steps 150697 | 118.9 g/min eta 2.3h
[83775/100000] loss 1.513 (pi 1.408 v 0.085 q 0.013 c 0.015) | plies 110 decisive 64% | buffer 200000 steps 150742 | 118.9 g/min eta 2.3h
[83800/100000] loss 1.509 (pi 1.403 v 0.085 q 0.013 c 0.015) | plies 112 decisive 62% | buffer 200000 steps 150790 | 118.9 g/min eta 2.3h
[83825/100000] loss 1.514 (pi 1.409 v 0.084 q 0.013 c 0.014) | plies 115 decisive 60% | buffer 200000 steps 150837 | 118.9 g/min eta 2.3h
[83850/100000] loss 1.505 (pi 1.402 v 0.083 q 0.013 c 0.014) | plies 113 decisive 64% | buffer 200000 steps 150876 | 118.9 g/min eta 2.3h
[83875/100000] loss 1.517 (pi 1.414 v 0.083 q 0.013 c 0.014) | plies 111 decisive 66% | buffer 200000 steps 150914 | 118.9 g/min eta 2.3h
[83900/100000] loss 1.520 (pi 1.417 v 0.083 q 0.013 c 0.014) | plies 110 decisive 68% | buffer 200000 steps 150956 | 118.9 g/min eta 2.3h
[83925/100000] loss 1.514 (pi 1.411 v 0.083 q 0.013 c 0.015) | plies 111 decisive 66% | buffer 200000 steps 150998 | 118.9 g/min eta 2.3h
[83950/100000] loss 1.511 (pi 1.407 v 0.084 q 0.013 c 0.014) | plies 108 decisive 70% | buffer 200000 steps 151039 | 118.9 g/min eta 2.2h
[83975/100000] loss 1.509 (pi 1.406 v 0.083 q 0.013 c 0.014) | plies 106 decisive 70% | buffer 200000 steps 151082 | 118.9 g/min eta 2.2h
[84000/100000] loss 1.499 (pi 1.396 v 0.083 q 0.013 c 0.014) | plies 104 decisive 74% | buffer 200000 steps 151125 | 118.9 g/min eta 2.2h
  EVAL @84000: q-greedy 2-22-0 | policy-greedy 10-14-0 | search 8-0-0 (eval 32s)
[84025/100000] loss 1.503 (pi 1.400 v 0.083 q 0.013 c 0.014) | plies 101 decisive 76% | buffer 200000 steps 151166 | 118.8 g/min eta 2.2h
[84050/100000] loss 1.509 (pi 1.406 v 0.083 q 0.013 c 0.014) | plies 101 decisive 76% | buffer 200000 steps 151203 | 118.9 g/min eta 2.2h
[84075/100000] loss 1.507 (pi 1.405 v 0.082 q 0.013 c 0.014) | plies 102 decisive 75% | buffer 200000 steps 151249 | 118.9 g/min eta 2.2h
[84100/100000] loss 1.507 (pi 1.404 v 0.083 q 0.013 c 0.014) | plies 102 decisive 75% | buffer 200000 steps 151290 | 118.9 g/min eta 2.2h
[84125/100000] loss 1.499 (pi 1.397 v 0.083 q 0.013 c 0.014) | plies 101 decisive 76% | buffer 200000 steps 151331 | 118.9 g/min eta 2.2h
[84150/100000] loss 1.499 (pi 1.396 v 0.083 q 0.013 c 0.014) | plies 100 decisive 76% | buffer 200000 steps 151371 | 118.9 g/min eta 2.2h
[84175/100000] loss 1.502 (pi 1.399 v 0.083 q 0.013 c 0.014) | plies 100 decisive 78% | buffer 200000 steps 151412 | 118.9 g/min eta 2.2h
[84200/100000] loss 1.502 (pi 1.398 v 0.084 q 0.013 c 0.014) | plies 97 decisive 80% | buffer 200000 steps 151447 | 118.9 g/min eta 2.2h
[84225/100000] loss 1.503 (pi 1.400 v 0.084 q 0.013 c 0.014) | plies 99 decisive 80% | buffer 200000 steps 151493 | 118.9 g/min eta 2.2h
[84250/100000] loss 1.504 (pi 1.400 v 0.084 q 0.013 c 0.014) | plies 102 decisive 76% | buffer 200000 steps 151536 | 118.9 g/min eta 2.2h
[84275/100000] loss 1.507 (pi 1.401 v 0.085 q 0.013 c 0.015) | plies 101 decisive 78% | buffer 200000 steps 151576 | 118.9 g/min eta 2.2h
[84300/100000] loss 1.506 (pi 1.401 v 0.085 q 0.013 c 0.015) | plies 101 decisive 78% | buffer 200000 steps 151617 | 118.9 g/min eta 2.2h
[84325/100000] loss 1.507 (pi 1.402 v 0.085 q 0.013 c 0.015) | plies 103 decisive 76% | buffer 200000 steps 151661 | 118.9 g/min eta 2.2h
[84350/100000] loss 1.508 (pi 1.402 v 0.085 q 0.013 c 0.015) | plies 104 decisive 76% | buffer 200000 steps 151701 | 118.9 g/min eta 2.2h
[84375/100000] loss 1.505 (pi 1.401 v 0.084 q 0.013 c 0.015) | plies 107 decisive 74% | buffer 200000 steps 151745 | 118.9 g/min eta 2.2h
[84400/100000] loss 1.502 (pi 1.397 v 0.084 q 0.013 c 0.015) | plies 106 decisive 73% | buffer 200000 steps 151781 | 118.9 g/min eta 2.2h
[84425/100000] loss 1.507 (pi 1.402 v 0.084 q 0.013 c 0.014) | plies 105 decisive 74% | buffer 200000 steps 151825 | 119.0 g/min eta 2.2h
[84450/100000] loss 1.512 (pi 1.407 v 0.084 q 0.013 c 0.015) | plies 102 decisive 77% | buffer 200000 steps 151864 | 118.9 g/min eta 2.2h
[84475/100000] loss 1.510 (pi 1.405 v 0.085 q 0.013 c 0.014) | plies 100 decisive 78% | buffer 200000 steps 151904 | 118.9 g/min eta 2.2h
[84500/100000] loss 1.510 (pi 1.405 v 0.085 q 0.013 c 0.015) | plies 102 decisive 77% | buffer 200000 steps 151948 | 118.9 g/min eta 2.2h
[84525/100000] loss 1.510 (pi 1.404 v 0.085 q 0.013 c 0.015) | plies 102 decisive 77% | buffer 200000 steps 151994 | 118.9 g/min eta 2.2h
[84550/100000] loss 1.507 (pi 1.401 v 0.085 q 0.013 c 0.015) | plies 102 decisive 76% | buffer 200000 steps 152033 | 119.0 g/min eta 2.2h
[84575/100000] loss 1.509 (pi 1.402 v 0.086 q 0.013 c 0.015) | plies 100 decisive 77% | buffer 200000 steps 152075 | 119.0 g/min eta 2.2h
[84600/100000] loss 1.506 (pi 1.400 v 0.086 q 0.013 c 0.015) | plies 102 decisive 76% | buffer 200000 steps 152116 | 119.0 g/min eta 2.2h
[84625/100000] loss 1.508 (pi 1.402 v 0.086 q 0.013 c 0.014) | plies 102 decisive 76% | buffer 200000 steps 152157 | 119.0 g/min eta 2.2h
[84650/100000] loss 1.516 (pi 1.410 v 0.086 q 0.013 c 0.015) | plies 105 decisive 74% | buffer 200000 steps 152200 | 119.0 g/min eta 2.2h
[84675/100000] loss 1.513 (pi 1.406 v 0.086 q 0.013 c 0.015) | plies 106 decisive 72% | buffer 200000 steps 152240 | 119.0 g/min eta 2.1h
[84700/100000] loss 1.508 (pi 1.401 v 0.086 q 0.013 c 0.014) | plies 105 decisive 72% | buffer 200000 steps 152284 | 119.0 g/min eta 2.1h
[84725/100000] loss 1.508 (pi 1.401 v 0.086 q 0.013 c 0.014) | plies 105 decisive 74% | buffer 200000 steps 152324 | 119.0 g/min eta 2.1h
[84750/100000] loss 1.512 (pi 1.404 v 0.087 q 0.013 c 0.015) | plies 104 decisive 74% | buffer 200000 steps 152365 | 119.0 g/min eta 2.1h
[84775/100000] loss 1.517 (pi 1.410 v 0.086 q 0.013 c 0.015) | plies 106 decisive 73% | buffer 200000 steps 152409 | 119.0 g/min eta 2.1h
[84800/100000] loss 1.521 (pi 1.415 v 0.085 q 0.013 c 0.015) | plies 106 decisive 73% | buffer 200000 steps 152451 | 119.0 g/min eta 2.1h
[84825/100000] loss 1.521 (pi 1.415 v 0.085 q 0.013 c 0.015) | plies 107 decisive 74% | buffer 200000 steps 152498 | 119.0 g/min eta 2.1h
[84850/100000] loss 1.517 (pi 1.412 v 0.085 q 0.013 c 0.015) | plies 107 decisive 74% | buffer 200000 steps 152541 | 119.0 g/min eta 2.1h
[84875/100000] loss 1.525 (pi 1.420 v 0.085 q 0.013 c 0.015) | plies 109 decisive 73% | buffer 200000 steps 152588 | 119.0 g/min eta 2.1h
[84900/100000] loss 1.522 (pi 1.417 v 0.085 q 0.013 c 0.015) | plies 109 decisive 73% | buffer 200000 steps 152631 | 119.0 g/min eta 2.1h
[84925/100000] loss 1.519 (pi 1.413 v 0.086 q 0.013 c 0.015) | plies 109 decisive 74% | buffer 200000 steps 152678 | 119.0 g/min eta 2.1h
[84950/100000] loss 1.519 (pi 1.413 v 0.086 q 0.013 c 0.015) | plies 111 decisive 73% | buffer 200000 steps 152722 | 119.0 g/min eta 2.1h
[84975/100000] loss 1.520 (pi 1.413 v 0.086 q 0.013 c 0.015) | plies 110 decisive 74% | buffer 200000 steps 152765 | 119.0 g/min eta 2.1h
[85000/100000] loss 1.519 (pi 1.412 v 0.086 q 0.013 c 0.015) | plies 110 decisive 74% | buffer 200000 steps 152807 | 119.0 g/min eta 2.1h
  EVAL @85000: q-greedy 3-21-0 | policy-greedy 13-11-0 | search 7-1-0 (eval 27s)
[85025/100000] loss 1.519 (pi 1.413 v 0.086 q 0.013 c 0.015) | plies 109 decisive 73% | buffer 200000 steps 152846 | 118.9 g/min eta 2.1h
[85050/100000] loss 1.519 (pi 1.412 v 0.086 q 0.013 c 0.015) | plies 108 decisive 74% | buffer 200000 steps 152887 | 118.9 g/min eta 2.1h
[85075/100000] loss 1.517 (pi 1.410 v 0.086 q 0.013 c 0.015) | plies 107 decisive 75% | buffer 200000 steps 152928 | 118.9 g/min eta 2.1h
[85100/100000] loss 1.519 (pi 1.413 v 0.085 q 0.013 c 0.015) | plies 106 decisive 74% | buffer 200000 steps 152969 | 119.0 g/min eta 2.1h
[85125/100000] loss 1.516 (pi 1.411 v 0.085 q 0.013 c 0.015) | plies 107 decisive 71% | buffer 200000 steps 153013 | 119.0 g/min eta 2.1h
[85150/100000] loss 1.512 (pi 1.406 v 0.086 q 0.013 c 0.014) | plies 108 decisive 70% | buffer 200000 steps 153060 | 119.0 g/min eta 2.1h
[85175/100000] loss 1.513 (pi 1.408 v 0.085 q 0.013 c 0.014) | plies 108 decisive 70% | buffer 200000 steps 153100 | 119.0 g/min eta 2.1h
[85200/100000] loss 1.516 (pi 1.410 v 0.086 q 0.013 c 0.015) | plies 107 decisive 72% | buffer 200000 steps 153137 | 119.0 g/min eta 2.1h
[85225/100000] loss 1.517 (pi 1.411 v 0.085 q 0.013 c 0.014) | plies 107 decisive 72% | buffer 200000 steps 153179 | 119.0 g/min eta 2.1h
[85250/100000] loss 1.515 (pi 1.408 v 0.086 q 0.013 c 0.014) | plies 108 decisive 69% | buffer 200000 steps 153228 | 119.0 g/min eta 2.1h
[85275/100000] loss 1.522 (pi 1.414 v 0.087 q 0.013 c 0.014) | plies 107 decisive 68% | buffer 200000 steps 153268 | 119.0 g/min eta 2.1h
[85300/100000] loss 1.518 (pi 1.410 v 0.086 q 0.013 c 0.015) | plies 105 decisive 71% | buffer 200000 steps 153308 | 119.0 g/min eta 2.1h
[85325/100000] loss 1.519 (pi 1.412 v 0.087 q 0.014 c 0.015) | plies 105 decisive 72% | buffer 200000 steps 153353 | 119.0 g/min eta 2.1h
[85350/100000] loss 1.522 (pi 1.414 v 0.086 q 0.013 c 0.015) | plies 104 decisive 72% | buffer 200000 steps 153398 | 119.0 g/min eta 2.1h
[85375/100000] loss 1.519 (pi 1.413 v 0.086 q 0.013 c 0.015) | plies 105 decisive 73% | buffer 200000 steps 153439 | 119.0 g/min eta 2.0h
[85400/100000] loss 1.514 (pi 1.408 v 0.086 q 0.013 c 0.014) | plies 104 decisive 74% | buffer 200000 steps 153478 | 119.0 g/min eta 2.0h
[85425/100000] loss 1.521 (pi 1.414 v 0.086 q 0.013 c 0.014) | plies 106 decisive 72% | buffer 200000 steps 153526 | 119.0 g/min eta 2.0h
[85450/100000] loss 1.517 (pi 1.411 v 0.087 q 0.013 c 0.014) | plies 104 decisive 74% | buffer 200000 steps 153568 | 119.0 g/min eta 2.0h
[85475/100000] loss 1.513 (pi 1.407 v 0.087 q 0.013 c 0.014) | plies 105 decisive 76% | buffer 200000 steps 153612 | 119.0 g/min eta 2.0h
[85500/100000] loss 1.516 (pi 1.409 v 0.087 q 0.013 c 0.014) | plies 107 decisive 74% | buffer 200000 steps 153656 | 119.0 g/min eta 2.0h
[85525/100000] loss 1.516 (pi 1.410 v 0.087 q 0.013 c 0.014) | plies 107 decisive 74% | buffer 200000 steps 153701 | 119.0 g/min eta 2.0h
[85550/100000] loss 1.522 (pi 1.414 v 0.088 q 0.013 c 0.014) | plies 106 decisive 76% | buffer 200000 steps 153743 | 119.0 g/min eta 2.0h
[85575/100000] loss 1.516 (pi 1.408 v 0.088 q 0.013 c 0.014) | plies 107 decisive 72% | buffer 200000 steps 153786 | 119.0 g/min eta 2.0h
[85600/100000] loss 1.516 (pi 1.407 v 0.088 q 0.013 c 0.014) | plies 111 decisive 68% | buffer 200000 steps 153829 | 119.0 g/min eta 2.0h
[85625/100000] loss 1.514 (pi 1.405 v 0.088 q 0.013 c 0.015) | plies 110 decisive 70% | buffer 200000 steps 153873 | 119.0 g/min eta 2.0h
[85650/100000] loss 1.516 (pi 1.408 v 0.088 q 0.013 c 0.015) | plies 112 decisive 69% | buffer 200000 steps 153919 | 119.0 g/min eta 2.0h
[85675/100000] loss 1.510 (pi 1.401 v 0.088 q 0.013 c 0.015) | plies 113 decisive 68% | buffer 200000 steps 153960 | 119.0 g/min eta 2.0h
[85700/100000] loss 1.512 (pi 1.404 v 0.088 q 0.013 c 0.015) | plies 113 decisive 68% | buffer 200000 steps 154004 | 119.0 g/min eta 2.0h
[85725/100000] loss 1.517 (pi 1.407 v 0.089 q 0.013 c 0.015) | plies 112 decisive 68% | buffer 200000 steps 154047 | 119.0 g/min eta 2.0h
[85750/100000] loss 1.515 (pi 1.406 v 0.088 q 0.013 c 0.015) | plies 113 decisive 67% | buffer 200000 steps 154090 | 119.0 g/min eta 2.0h
[85775/100000] loss 1.517 (pi 1.408 v 0.088 q 0.013 c 0.015) | plies 110 decisive 70% | buffer 200000 steps 154126 | 119.0 g/min eta 2.0h
[85800/100000] loss 1.516 (pi 1.408 v 0.088 q 0.013 c 0.015) | plies 109 decisive 70% | buffer 200000 steps 154168 | 119.0 g/min eta 2.0h
[85825/100000] loss 1.516 (pi 1.406 v 0.089 q 0.013 c 0.015) | plies 107 decisive 70% | buffer 200000 steps 154207 | 119.0 g/min eta 2.0h
[85850/100000] loss 1.513 (pi 1.404 v 0.089 q 0.013 c 0.015) | plies 103 decisive 72% | buffer 200000 steps 154246 | 119.0 g/min eta 2.0h
[85875/100000] loss 1.512 (pi 1.404 v 0.088 q 0.013 c 0.015) | plies 104 decisive 70% | buffer 200000 steps 154292 | 119.0 g/min eta 2.0h
[85900/100000] loss 1.511 (pi 1.403 v 0.087 q 0.013 c 0.015) | plies 105 decisive 68% | buffer 200000 steps 154336 | 119.0 g/min eta 2.0h
[85925/100000] loss 1.510 (pi 1.402 v 0.087 q 0.013 c 0.015) | plies 103 decisive 70% | buffer 200000 steps 154377 | 119.0 g/min eta 2.0h
[85950/100000] loss 1.514 (pi 1.406 v 0.088 q 0.013 c 0.014) | plies 103 decisive 72% | buffer 200000 steps 154420 | 119.0 g/min eta 2.0h
[85975/100000] loss 1.508 (pi 1.401 v 0.087 q 0.013 c 0.014) | plies 105 decisive 70% | buffer 200000 steps 154460 | 119.0 g/min eta 2.0h
[86000/100000] loss 1.508 (pi 1.401 v 0.087 q 0.013 c 0.014) | plies 103 decisive 70% | buffer 200000 steps 154500 | 119.0 g/min eta 2.0h
  EVAL @86000: q-greedy 3-21-0 | policy-greedy 4-20-0 | search 8-0-0 (eval 28s)
[86025/100000] loss 1.498 (pi 1.391 v 0.087 q 0.013 c 0.014) | plies 105 decisive 69% | buffer 200000 steps 154544 | 119.0 g/min eta 2.0h
[86050/100000] loss 1.503 (pi 1.397 v 0.086 q 0.013 c 0.014) | plies 108 decisive 68% | buffer 200000 steps 154587 | 119.0 g/min eta 2.0h
[86075/100000] loss 1.504 (pi 1.398 v 0.086 q 0.013 c 0.015) | plies 108 decisive 68% | buffer 200000 steps 154630 | 119.0 g/min eta 2.0h
[86100/100000] loss 1.510 (pi 1.403 v 0.087 q 0.013 c 0.014) | plies 108 decisive 68% | buffer 200000 steps 154671 | 119.0 g/min eta 1.9h
[86125/100000] loss 1.503 (pi 1.397 v 0.086 q 0.013 c 0.014) | plies 110 decisive 66% | buffer 200000 steps 154715 | 119.0 g/min eta 1.9h
[86150/100000] loss 1.507 (pi 1.401 v 0.086 q 0.013 c 0.014) | plies 107 decisive 67% | buffer 200000 steps 154751 | 119.0 g/min eta 1.9h
[86175/100000] loss 1.503 (pi 1.398 v 0.085 q 0.013 c 0.014) | plies 108 decisive 68% | buffer 200000 steps 154797 | 119.0 g/min eta 1.9h
[86200/100000] loss 1.501 (pi 1.395 v 0.086 q 0.013 c 0.014) | plies 109 decisive 66% | buffer 200000 steps 154839 | 119.0 g/min eta 1.9h
[86225/100000] loss 1.503 (pi 1.397 v 0.086 q 0.013 c 0.015) | plies 109 decisive 68% | buffer 200000 steps 154882 | 119.0 g/min eta 1.9h
[86250/100000] loss 1.498 (pi 1.392 v 0.086 q 0.013 c 0.015) | plies 108 decisive 68% | buffer 200000 steps 154920 | 119.0 g/min eta 1.9h
[86275/100000] loss 1.496 (pi 1.391 v 0.085 q 0.013 c 0.014) | plies 108 decisive 68% | buffer 200000 steps 154963 | 119.0 g/min eta 1.9h
[86300/100000] loss 1.494 (pi 1.389 v 0.085 q 0.013 c 0.014) | plies 107 decisive 68% | buffer 200000 steps 155008 | 119.0 g/min eta 1.9h
[86325/100000] loss 1.488 (pi 1.384 v 0.084 q 0.013 c 0.014) | plies 104 decisive 72% | buffer 200000 steps 155047 | 119.0 g/min eta 1.9h
[86350/100000] loss 1.489 (pi 1.386 v 0.083 q 0.013 c 0.014) | plies 107 decisive 68% | buffer 200000 steps 155090 | 119.1 g/min eta 1.9h
[86375/100000] loss 1.496 (pi 1.392 v 0.084 q 0.013 c 0.014) | plies 106 decisive 70% | buffer 200000 steps 155133 | 119.0 g/min eta 1.9h
[86400/100000] loss 1.493 (pi 1.390 v 0.083 q 0.013 c 0.014) | plies 105 decisive 70% | buffer 200000 steps 155172 | 119.1 g/min eta 1.9h
[86425/100000] loss 1.495 (pi 1.392 v 0.084 q 0.013 c 0.014) | plies 105 decisive 70% | buffer 200000 steps 155215 | 119.1 g/min eta 1.9h
[86450/100000] loss 1.494 (pi 1.391 v 0.083 q 0.013 c 0.014) | plies 104 decisive 72% | buffer 200000 steps 155253 | 119.1 g/min eta 1.9h
[86475/100000] loss 1.493 (pi 1.391 v 0.083 q 0.013 c 0.014) | plies 105 decisive 70% | buffer 200000 steps 155297 | 119.1 g/min eta 1.9h
[86500/100000] loss 1.492 (pi 1.391 v 0.082 q 0.013 c 0.014) | plies 105 decisive 70% | buffer 200000 steps 155340 | 119.1 g/min eta 1.9h
[86525/100000] loss 1.495 (pi 1.393 v 0.083 q 0.013 c 0.014) | plies 104 decisive 72% | buffer 200000 steps 155380 | 119.1 g/min eta 1.9h
[86550/100000] loss 1.498 (pi 1.395 v 0.083 q 0.013 c 0.014) | plies 104 decisive 72% | buffer 200000 steps 155421 | 119.1 g/min eta 1.9h
[86575/100000] loss 1.498 (pi 1.396 v 0.082 q 0.013 c 0.014) | plies 104 decisive 73% | buffer 200000 steps 155462 | 119.1 g/min eta 1.9h
[86600/100000] loss 1.494 (pi 1.392 v 0.082 q 0.013 c 0.014) | plies 103 decisive 72% | buffer 200000 steps 155499 | 119.1 g/min eta 1.9h
[86625/100000] loss 1.495 (pi 1.392 v 0.083 q 0.013 c 0.014) | plies 102 decisive 73% | buffer 200000 steps 155542 | 119.1 g/min eta 1.9h
[86650/100000] loss 1.498 (pi 1.394 v 0.084 q 0.013 c 0.014) | plies 103 decisive 72% | buffer 200000 steps 155580 | 119.1 g/min eta 1.9h
[86675/100000] loss 1.495 (pi 1.392 v 0.083 q 0.013 c 0.014) | plies 102 decisive 75% | buffer 200000 steps 155622 | 119.1 g/min eta 1.9h
[86700/100000] loss 1.486 (pi 1.384 v 0.083 q 0.013 c 0.014) | plies 101 decisive 76% | buffer 200000 steps 155667 | 119.1 g/min eta 1.9h
[86725/100000] loss 1.489 (pi 1.387 v 0.083 q 0.013 c 0.014) | plies 102 decisive 75% | buffer 200000 steps 155704 | 119.1 g/min eta 1.9h
[86750/100000] loss 1.484 (pi 1.382 v 0.083 q 0.013 c 0.014) | plies 100 decisive 76% | buffer 200000 steps 155744 | 119.1 g/min eta 1.9h
[86775/100000] loss 1.484 (pi 1.381 v 0.083 q 0.013 c 0.014) | plies 101 decisive 76% | buffer 200000 steps 155788 | 119.1 g/min eta 1.9h
[86800/100000] loss 1.491 (pi 1.388 v 0.083 q 0.013 c 0.014) | plies 101 decisive 77% | buffer 200000 steps 155826 | 119.1 g/min eta 1.8h
[86825/100000] loss 1.489 (pi 1.386 v 0.083 q 0.013 c 0.014) | plies 100 decisive 78% | buffer 200000 steps 155866 | 119.1 g/min eta 1.8h
[86850/100000] loss 1.486 (pi 1.384 v 0.082 q 0.013 c 0.014) | plies 100 decisive 79% | buffer 200000 steps 155910 | 119.1 g/min eta 1.8h
[86875/100000] loss 1.489 (pi 1.387 v 0.083 q 0.013 c 0.014) | plies 100 decisive 80% | buffer 200000 steps 155956 | 119.1 g/min eta 1.8h
[86900/100000] loss 1.491 (pi 1.389 v 0.083 q 0.013 c 0.013) | plies 100 decisive 80% | buffer 200000 steps 155999 | 119.1 g/min eta 1.8h
[86925/100000] loss 1.493 (pi 1.391 v 0.083 q 0.013 c 0.013) | plies 101 decisive 78% | buffer 200000 steps 156043 | 119.1 g/min eta 1.8h
[86950/100000] loss 1.491 (pi 1.388 v 0.083 q 0.013 c 0.014) | plies 101 decisive 78% | buffer 200000 steps 156081 | 119.1 g/min eta 1.8h
[86975/100000] loss 1.483 (pi 1.380 v 0.083 q 0.013 c 0.014) | plies 103 decisive 76% | buffer 200000 steps 156125 | 119.1 g/min eta 1.8h
[87000/100000] loss 1.481 (pi 1.377 v 0.084 q 0.013 c 0.015) | plies 104 decisive 76% | buffer 200000 steps 156166 | 119.1 g/min eta 1.8h
  EVAL @87000: q-greedy 8-16-0 | policy-greedy 8-16-0 | search 8-0-0 (eval 26s)
[87025/100000] loss 1.478 (pi 1.374 v 0.083 q 0.013 c 0.014) | plies 104 decisive 76% | buffer 200000 steps 156205 | 119.0 g/min eta 1.8h
[87050/100000] loss 1.481 (pi 1.377 v 0.084 q 0.013 c 0.015) | plies 105 decisive 76% | buffer 200000 steps 156250 | 119.1 g/min eta 1.8h
[87075/100000] loss 1.478 (pi 1.374 v 0.083 q 0.013 c 0.015) | plies 105 decisive 74% | buffer 200000 steps 156292 | 119.1 g/min eta 1.8h
[87100/100000] loss 1.480 (pi 1.376 v 0.083 q 0.013 c 0.015) | plies 105 decisive 72% | buffer 200000 steps 156331 | 119.1 g/min eta 1.8h
[87125/100000] loss 1.487 (pi 1.384 v 0.083 q 0.013 c 0.014) | plies 106 decisive 74% | buffer 200000 steps 156378 | 119.1 g/min eta 1.8h
[87150/100000] loss 1.494 (pi 1.390 v 0.084 q 0.013 c 0.014) | plies 105 decisive 74% | buffer 200000 steps 156416 | 119.1 g/min eta 1.8h
[87175/100000] loss 1.491 (pi 1.389 v 0.083 q 0.013 c 0.014) | plies 104 decisive 74% | buffer 200000 steps 156461 | 119.1 g/min eta 1.8h
[87200/100000] loss 1.484 (pi 1.381 v 0.084 q 0.013 c 0.014) | plies 103 decisive 75% | buffer 200000 steps 156499 | 119.1 g/min eta 1.8h
[87225/100000] loss 1.485 (pi 1.381 v 0.084 q 0.013 c 0.013) | plies 104 decisive 73% | buffer 200000 steps 156541 | 119.1 g/min eta 1.8h
[87250/100000] loss 1.489 (pi 1.386 v 0.084 q 0.013 c 0.013) | plies 103 decisive 74% | buffer 200000 steps 156580 | 119.1 g/min eta 1.8h
[87275/100000] loss 1.491 (pi 1.387 v 0.084 q 0.013 c 0.014) | plies 104 decisive 72% | buffer 200000 steps 156623 | 119.1 g/min eta 1.8h
[87300/100000] loss 1.483 (pi 1.379 v 0.085 q 0.013 c 0.014) | plies 104 decisive 74% | buffer 200000 steps 156660 | 119.1 g/min eta 1.8h
[87325/100000] loss 1.483 (pi 1.378 v 0.085 q 0.013 c 0.014) | plies 102 decisive 74% | buffer 200000 steps 156695 | 119.1 g/min eta 1.8h
[87350/100000] loss 1.475 (pi 1.370 v 0.085 q 0.013 c 0.014) | plies 102 decisive 75% | buffer 200000 steps 156736 | 119.1 g/min eta 1.8h
[87375/100000] loss 1.474 (pi 1.370 v 0.085 q 0.013 c 0.014) | plies 101 decisive 76% | buffer 200000 steps 156779 | 119.1 g/min eta 1.8h
[87400/100000] loss 1.477 (pi 1.373 v 0.084 q 0.013 c 0.014) | plies 103 decisive 74% | buffer 200000 steps 156821 | 119.1 g/min eta 1.8h
[87425/100000] loss 1.471 (pi 1.367 v 0.084 q 0.013 c 0.014) | plies 102 decisive 75% | buffer 200000 steps 156861 | 119.1 g/min eta 1.8h
[87450/100000] loss 1.475 (pi 1.371 v 0.084 q 0.013 c 0.014) | plies 103 decisive 74% | buffer 200000 steps 156900 | 119.1 g/min eta 1.8h
[87475/100000] loss 1.476 (pi 1.371 v 0.085 q 0.013 c 0.014) | plies 100 decisive 76% | buffer 200000 steps 156941 | 119.1 g/min eta 1.8h
[87500/100000] loss 1.475 (pi 1.370 v 0.084 q 0.013 c 0.014) | plies 102 decisive 74% | buffer 200000 steps 156984 | 119.1 g/min eta 1.7h
[87525/100000] loss 1.480 (pi 1.376 v 0.084 q 0.013 c 0.014) | plies 103 decisive 74% | buffer 200000 steps 157024 | 119.2 g/min eta 1.7h
[87550/100000] loss 1.481 (pi 1.377 v 0.084 q 0.013 c 0.014) | plies 105 decisive 71% | buffer 200000 steps 157070 | 119.2 g/min eta 1.7h
[87575/100000] loss 1.477 (pi 1.372 v 0.084 q 0.013 c 0.014) | plies 106 decisive 70% | buffer 200000 steps 157116 | 119.1 g/min eta 1.7h
[87600/100000] loss 1.479 (pi 1.374 v 0.085 q 0.013 c 0.014) | plies 105 decisive 72% | buffer 200000 steps 157157 | 119.1 g/min eta 1.7h
[87625/100000] loss 1.478 (pi 1.373 v 0.085 q 0.013 c 0.014) | plies 104 decisive 73% | buffer 200000 steps 157197 | 119.1 g/min eta 1.7h
[87650/100000] loss 1.481 (pi 1.377 v 0.085 q 0.013 c 0.014) | plies 106 decisive 70% | buffer 200000 steps 157247 | 119.2 g/min eta 1.7h
[87675/100000] loss 1.479 (pi 1.373 v 0.086 q 0.013 c 0.014) | plies 107 decisive 70% | buffer 200000 steps 157291 | 119.2 g/min eta 1.7h
[87700/100000] loss 1.477 (pi 1.371 v 0.086 q 0.013 c 0.014) | plies 107 decisive 72% | buffer 200000 steps 157336 | 119.1 g/min eta 1.7h
[87725/100000] loss 1.470 (pi 1.364 v 0.086 q 0.013 c 0.014) | plies 106 decisive 71% | buffer 200000 steps 157375 | 119.2 g/min eta 1.7h
[87750/100000] loss 1.471 (pi 1.364 v 0.086 q 0.013 c 0.014) | plies 105 decisive 74% | buffer 200000 steps 157417 | 119.1 g/min eta 1.7h
[87775/100000] loss 1.470 (pi 1.363 v 0.086 q 0.013 c 0.014) | plies 106 decisive 72% | buffer 200000 steps 157462 | 119.1 g/min eta 1.7h
[87800/100000] loss 1.478 (pi 1.372 v 0.086 q 0.013 c 0.014) | plies 106 decisive 71% | buffer 200000 steps 157502 | 119.2 g/min eta 1.7h
[87825/100000] loss 1.474 (pi 1.369 v 0.086 q 0.013 c 0.014) | plies 108 decisive 68% | buffer 200000 steps 157545 | 119.2 g/min eta 1.7h
[87850/100000] loss 1.474 (pi 1.368 v 0.085 q 0.013 c 0.014) | plies 106 decisive 70% | buffer 200000 steps 157587 | 119.2 g/min eta 1.7h
[87875/100000] loss 1.476 (pi 1.370 v 0.086 q 0.013 c 0.015) | plies 106 decisive 70% | buffer 200000 steps 157629 | 119.2 g/min eta 1.7h
[87900/100000] loss 1.469 (pi 1.361 v 0.087 q 0.013 c 0.015) | plies 107 decisive 67% | buffer 200000 steps 157673 | 119.2 g/min eta 1.7h
[87925/100000] loss 1.469 (pi 1.361 v 0.087 q 0.013 c 0.015) | plies 108 decisive 68% | buffer 200000 steps 157716 | 119.2 g/min eta 1.7h
[87950/100000] loss 1.460 (pi 1.353 v 0.087 q 0.013 c 0.014) | plies 110 decisive 66% | buffer 200000 steps 157761 | 119.2 g/min eta 1.7h
[87975/100000] loss 1.459 (pi 1.352 v 0.086 q 0.013 c 0.014) | plies 110 decisive 66% | buffer 200000 steps 157807 | 119.2 g/min eta 1.7h
[88000/100000] loss 1.470 (pi 1.363 v 0.087 q 0.013 c 0.014) | plies 110 decisive 66% | buffer 200000 steps 157848 | 119.2 g/min eta 1.7h
  EVAL @88000: q-greedy 3-21-0 | policy-greedy 5-19-0 | search 8-0-0 (eval 26s)
[88025/100000] loss 1.471 (pi 1.364 v 0.086 q 0.013 c 0.015) | plies 108 decisive 68% | buffer 200000 steps 157891 | 119.1 g/min eta 1.7h
[88050/100000] loss 1.468 (pi 1.362 v 0.086 q 0.013 c 0.014) | plies 107 decisive 70% | buffer 200000 steps 157930 | 119.1 g/min eta 1.7h
[88075/100000] loss 1.472 (pi 1.365 v 0.086 q 0.014 c 0.015) | plies 107 decisive 72% | buffer 200000 steps 157972 | 119.1 g/min eta 1.7h
[88100/100000] loss 1.473 (pi 1.366 v 0.087 q 0.013 c 0.014) | plies 106 decisive 74% | buffer 200000 steps 158016 | 119.2 g/min eta 1.7h
[88125/100000] loss 1.476 (pi 1.368 v 0.087 q 0.013 c 0.015) | plies 105 decisive 74% | buffer 200000 steps 158059 | 119.2 g/min eta 1.7h
[88150/100000] loss 1.473 (pi 1.364 v 0.087 q 0.013 c 0.015) | plies 103 decisive 76% | buffer 200000 steps 158101 | 119.2 g/min eta 1.7h
[88175/100000] loss 1.470 (pi 1.361 v 0.087 q 0.013 c 0.015) | plies 103 decisive 77% | buffer 200000 steps 158142 | 119.2 g/min eta 1.7h
[88200/100000] loss 1.470 (pi 1.362 v 0.087 q 0.013 c 0.015) | plies 105 decisive 74% | buffer 200000 steps 158187 | 119.2 g/min eta 1.7h
[88225/100000] loss 1.468 (pi 1.360 v 0.087 q 0.013 c 0.015) | plies 107 decisive 72% | buffer 200000 steps 158228 | 119.2 g/min eta 1.6h
[88250/100000] loss 1.463 (pi 1.355 v 0.088 q 0.013 c 0.015) | plies 110 decisive 70% | buffer 200000 steps 158273 | 119.2 g/min eta 1.6h
[88275/100000] loss 1.469 (pi 1.361 v 0.087 q 0.013 c 0.015) | plies 111 decisive 67% | buffer 200000 steps 158318 | 119.2 g/min eta 1.6h
[88300/100000] loss 1.467 (pi 1.360 v 0.087 q 0.013 c 0.014) | plies 109 decisive 67% | buffer 200000 steps 158355 | 119.2 g/min eta 1.6h
[88325/100000] loss 1.467 (pi 1.360 v 0.087 q 0.013 c 0.015) | plies 108 decisive 66% | buffer 200000 steps 158396 | 119.2 g/min eta 1.6h
[88350/100000] loss 1.470 (pi 1.363 v 0.087 q 0.013 c 0.014) | plies 107 decisive 67% | buffer 200000 steps 158434 | 119.2 g/min eta 1.6h
[88375/100000] loss 1.469 (pi 1.361 v 0.088 q 0.013 c 0.014) | plies 107 decisive 68% | buffer 200000 steps 158479 | 119.2 g/min eta 1.6h
[88400/100000] loss 1.472 (pi 1.364 v 0.087 q 0.013 c 0.014) | plies 106 decisive 68% | buffer 200000 steps 158520 | 119.2 g/min eta 1.6h
[88425/100000] loss 1.470 (pi 1.363 v 0.087 q 0.013 c 0.014) | plies 104 decisive 71% | buffer 200000 steps 158561 | 119.2 g/min eta 1.6h
[88450/100000] loss 1.466 (pi 1.361 v 0.086 q 0.013 c 0.014) | plies 102 decisive 72% | buffer 200000 steps 158603 | 119.2 g/min eta 1.6h
[88475/100000] loss 1.473 (pi 1.367 v 0.086 q 0.013 c 0.014) | plies 101 decisive 75% | buffer 200000 steps 158642 | 119.2 g/min eta 1.6h
[88500/100000] loss 1.476 (pi 1.369 v 0.086 q 0.013 c 0.014) | plies 102 decisive 74% | buffer 200000 steps 158683 | 119.2 g/min eta 1.6h
[88525/100000] loss 1.481 (pi 1.375 v 0.086 q 0.013 c 0.014) | plies 103 decisive 74% | buffer 200000 steps 158725 | 119.2 g/min eta 1.6h
[88550/100000] loss 1.476 (pi 1.370 v 0.086 q 0.013 c 0.014) | plies 103 decisive 74% | buffer 200000 steps 158762 | 119.2 g/min eta 1.6h
[88575/100000] loss 1.480 (pi 1.373 v 0.087 q 0.013 c 0.015) | plies 105 decisive 74% | buffer 200000 steps 158811 | 119.2 g/min eta 1.6h
[88600/100000] loss 1.477 (pi 1.369 v 0.087 q 0.013 c 0.015) | plies 104 decisive 76% | buffer 200000 steps 158851 | 119.2 g/min eta 1.6h
[88625/100000] loss 1.479 (pi 1.371 v 0.088 q 0.013 c 0.015) | plies 106 decisive 75% | buffer 200000 steps 158894 | 119.2 g/min eta 1.6h
[88650/100000] loss 1.478 (pi 1.371 v 0.087 q 0.013 c 0.014) | plies 106 decisive 75% | buffer 200000 steps 158939 | 119.2 g/min eta 1.6h
[88675/100000] loss 1.478 (pi 1.370 v 0.087 q 0.014 c 0.014) | plies 107 decisive 75% | buffer 200000 steps 158983 | 119.2 g/min eta 1.6h
[88700/100000] loss 1.470 (pi 1.363 v 0.087 q 0.014 c 0.015) | plies 108 decisive 74% | buffer 200000 steps 159026 | 119.2 g/min eta 1.6h
[88725/100000] loss 1.468 (pi 1.361 v 0.086 q 0.014 c 0.015) | plies 107 decisive 76% | buffer 200000 steps 159063 | 119.2 g/min eta 1.6h
[88750/100000] loss 1.469 (pi 1.361 v 0.087 q 0.014 c 0.014) | plies 109 decisive 74% | buffer 200000 steps 159105 | 119.2 g/min eta 1.6h
[88775/100000] loss 1.472 (pi 1.364 v 0.087 q 0.014 c 0.014) | plies 106 decisive 74% | buffer 200000 steps 159145 | 119.2 g/min eta 1.6h
[88800/100000] loss 1.477 (pi 1.369 v 0.088 q 0.013 c 0.014) | plies 105 decisive 77% | buffer 200000 steps 159187 | 119.2 g/min eta 1.6h
[88825/100000] loss 1.478 (pi 1.371 v 0.087 q 0.013 c 0.014) | plies 105 decisive 76% | buffer 200000 steps 159230 | 119.2 g/min eta 1.6h
[88850/100000] loss 1.483 (pi 1.375 v 0.087 q 0.013 c 0.015) | plies 104 decisive 74% | buffer 200000 steps 159273 | 119.2 g/min eta 1.6h
[88875/100000] loss 1.478 (pi 1.370 v 0.087 q 0.014 c 0.015) | plies 105 decisive 72% | buffer 200000 steps 159318 | 119.2 g/min eta 1.6h
[88900/100000] loss 1.470 (pi 1.363 v 0.087 q 0.013 c 0.015) | plies 106 decisive 71% | buffer 200000 steps 159361 | 119.2 g/min eta 1.6h
[88925/100000] loss 1.465 (pi 1.357 v 0.087 q 0.013 c 0.015) | plies 109 decisive 69% | buffer 200000 steps 159404 | 119.2 g/min eta 1.5h
[88950/100000] loss 1.461 (pi 1.354 v 0.086 q 0.013 c 0.015) | plies 108 decisive 70% | buffer 200000 steps 159446 | 119.2 g/min eta 1.5h
[88975/100000] loss 1.459 (pi 1.351 v 0.087 q 0.013 c 0.015) | plies 109 decisive 70% | buffer 200000 steps 159491 | 119.2 g/min eta 1.5h
[89000/100000] loss 1.458 (pi 1.351 v 0.086 q 0.013 c 0.015) | plies 109 decisive 68% | buffer 200000 steps 159536 | 119.2 g/min eta 1.5h
  EVAL @89000: q-greedy 3-21-0 | policy-greedy 13-11-0 | search 8-0-0 (eval 28s)
[89025/100000] loss 1.465 (pi 1.357 v 0.087 q 0.014 c 0.015) | plies 110 decisive 69% | buffer 200000 steps 159581 | 119.2 g/min eta 1.5h
[89050/100000] loss 1.468 (pi 1.359 v 0.088 q 0.014 c 0.015) | plies 111 decisive 69% | buffer 200000 steps 159625 | 119.2 g/min eta 1.5h
[89075/100000] loss 1.471 (pi 1.361 v 0.088 q 0.014 c 0.015) | plies 109 decisive 70% | buffer 200000 steps 159666 | 119.2 g/min eta 1.5h
[89100/100000] loss 1.475 (pi 1.365 v 0.088 q 0.014 c 0.015) | plies 109 decisive 68% | buffer 200000 steps 159712 | 119.2 g/min eta 1.5h
[89125/100000] loss 1.466 (pi 1.357 v 0.088 q 0.014 c 0.015) | plies 108 decisive 68% | buffer 200000 steps 159754 | 119.2 g/min eta 1.5h
[89150/100000] loss 1.464 (pi 1.355 v 0.088 q 0.014 c 0.015) | plies 108 decisive 70% | buffer 200000 steps 159799 | 119.2 g/min eta 1.5h
[89175/100000] loss 1.463 (pi 1.355 v 0.087 q 0.014 c 0.015) | plies 108 decisive 68% | buffer 200000 steps 159840 | 119.2 g/min eta 1.5h
[89200/100000] loss 1.463 (pi 1.355 v 0.087 q 0.014 c 0.015) | plies 109 decisive 66% | buffer 200000 steps 159881 | 119.2 g/min eta 1.5h
[89225/100000] loss 1.468 (pi 1.359 v 0.088 q 0.014 c 0.015) | plies 108 decisive 67% | buffer 200000 steps 159923 | 119.2 g/min eta 1.5h
[89250/100000] loss 1.472 (pi 1.363 v 0.088 q 0.014 c 0.015) | plies 107 decisive 68% | buffer 200000 steps 159965 | 119.2 g/min eta 1.5h
[89275/100000] loss 1.475 (pi 1.366 v 0.087 q 0.014 c 0.015) | plies 109 decisive 70% | buffer 200000 steps 160011 | 119.2 g/min eta 1.5h
[89300/100000] loss 1.466 (pi 1.356 v 0.088 q 0.014 c 0.015) | plies 109 decisive 71% | buffer 200000 steps 160053 | 119.2 g/min eta 1.5h
[89325/100000] loss 1.470 (pi 1.360 v 0.088 q 0.014 c 0.015) | plies 109 decisive 72% | buffer 200000 steps 160094 | 119.2 g/min eta 1.5h
[89350/100000] loss 1.470 (pi 1.361 v 0.088 q 0.014 c 0.015) | plies 108 decisive 72% | buffer 200000 steps 160135 | 119.2 g/min eta 1.5h
[89375/100000] loss 1.466 (pi 1.356 v 0.088 q 0.014 c 0.015) | plies 108 decisive 73% | buffer 200000 steps 160180 | 119.2 g/min eta 1.5h
[89400/100000] loss 1.466 (pi 1.357 v 0.088 q 0.014 c 0.015) | plies 108 decisive 74% | buffer 200000 steps 160220 | 119.2 g/min eta 1.5h
[89425/100000] loss 1.469 (pi 1.361 v 0.087 q 0.014 c 0.015) | plies 108 decisive 73% | buffer 200000 steps 160260 | 119.2 g/min eta 1.5h
[89450/100000] loss 1.468 (pi 1.358 v 0.088 q 0.014 c 0.015) | plies 108 decisive 72% | buffer 200000 steps 160300 | 119.2 g/min eta 1.5h
[89475/100000] loss 1.470 (pi 1.362 v 0.087 q 0.014 c 0.015) | plies 108 decisive 69% | buffer 200000 steps 160344 | 119.2 g/min eta 1.5h
[89500/100000] loss 1.471 (pi 1.363 v 0.087 q 0.014 c 0.015) | plies 108 decisive 69% | buffer 200000 steps 160385 | 119.2 g/min eta 1.5h
[89525/100000] loss 1.470 (pi 1.361 v 0.088 q 0.014 c 0.015) | plies 110 decisive 68% | buffer 200000 steps 160430 | 119.2 g/min eta 1.5h
[89550/100000] loss 1.470 (pi 1.361 v 0.088 q 0.014 c 0.014) | plies 112 decisive 66% | buffer 200000 steps 160476 | 119.3 g/min eta 1.5h
[89575/100000] loss 1.459 (pi 1.351 v 0.087 q 0.014 c 0.015) | plies 113 decisive 64% | buffer 200000 steps 160524 | 119.3 g/min eta 1.5h
[89600/100000] loss 1.461 (pi 1.352 v 0.088 q 0.014 c 0.015) | plies 113 decisive 66% | buffer 200000 steps 160566 | 119.3 g/min eta 1.5h
[89625/100000] loss 1.466 (pi 1.356 v 0.089 q 0.014 c 0.015) | plies 113 decisive 64% | buffer 200000 steps 160606 | 119.3 g/min eta 1.4h
[89650/100000] loss 1.466 (pi 1.357 v 0.088 q 0.014 c 0.015) | plies 114 decisive 64% | buffer 200000 steps 160647 | 119.3 g/min eta 1.4h
[89675/100000] loss 1.464 (pi 1.355 v 0.088 q 0.014 c 0.015) | plies 110 decisive 67% | buffer 200000 steps 160684 | 119.3 g/min eta 1.4h
[89700/100000] loss 1.466 (pi 1.356 v 0.088 q 0.014 c 0.015) | plies 110 decisive 66% | buffer 200000 steps 160726 | 119.3 g/min eta 1.4h
[89725/100000] loss 1.458 (pi 1.349 v 0.087 q 0.014 c 0.016) | plies 108 decisive 66% | buffer 200000 steps 160766 | 119.3 g/min eta 1.4h
[89750/100000] loss 1.464 (pi 1.354 v 0.088 q 0.014 c 0.016) | plies 107 decisive 68% | buffer 200000 steps 160808 | 119.3 g/min eta 1.4h
[89775/100000] loss 1.457 (pi 1.348 v 0.088 q 0.014 c 0.015) | plies 104 decisive 70% | buffer 200000 steps 160848 | 119.3 g/min eta 1.4h
[89800/100000] loss 1.455 (pi 1.347 v 0.088 q 0.013 c 0.015) | plies 104 decisive 69% | buffer 200000 steps 160889 | 119.3 g/min eta 1.4h
[89825/100000] loss 1.459 (pi 1.351 v 0.087 q 0.014 c 0.015) | plies 104 decisive 70% | buffer 200000 steps 160930 | 119.3 g/min eta 1.4h
[89850/100000] loss 1.452 (pi 1.343 v 0.087 q 0.014 c 0.015) | plies 104 decisive 72% | buffer 200000 steps 160973 | 119.3 g/min eta 1.4h
[89875/100000] loss 1.457 (pi 1.349 v 0.087 q 0.014 c 0.015) | plies 104 decisive 71% | buffer 200000 steps 161012 | 119.3 g/min eta 1.4h
[89900/100000] loss 1.459 (pi 1.351 v 0.087 q 0.014 c 0.015) | plies 103 decisive 72% | buffer 200000 steps 161054 | 119.3 g/min eta 1.4h
[89925/100000] loss 1.460 (pi 1.351 v 0.088 q 0.014 c 0.015) | plies 104 decisive 71% | buffer 200000 steps 161096 | 119.3 g/min eta 1.4h
[89950/100000] loss 1.459 (pi 1.351 v 0.087 q 0.014 c 0.015) | plies 104 decisive 70% | buffer 200000 steps 161138 | 119.3 g/min eta 1.4h
[89975/100000] loss 1.454 (pi 1.345 v 0.088 q 0.014 c 0.015) | plies 104 decisive 72% | buffer 200000 steps 161181 | 119.3 g/min eta 1.4h
[90000/100000] loss 1.452 (pi 1.343 v 0.088 q 0.014 c 0.015) | plies 106 decisive 71% | buffer 200000 steps 161228 | 119.3 g/min eta 1.4h
  EVAL @90000: q-greedy 7-17-0 | policy-greedy 8-16-0 | search 8-0-0 (eval 19s)
[90025/100000] loss 1.456 (pi 1.347 v 0.087 q 0.014 c 0.015) | plies 107 decisive 70% | buffer 200000 steps 161271 | 119.2 g/min eta 1.4h
[90050/100000] loss 1.454 (pi 1.346 v 0.087 q 0.014 c 0.015) | plies 104 decisive 72% | buffer 200000 steps 161304 | 119.3 g/min eta 1.4h
[90075/100000] loss 1.451 (pi 1.341 v 0.088 q 0.014 c 0.015) | plies 106 decisive 72% | buffer 200000 steps 161346 | 119.3 g/min eta 1.4h
[90100/100000] loss 1.441 (pi 1.331 v 0.088 q 0.014 c 0.015) | plies 106 decisive 74% | buffer 200000 steps 161393 | 119.3 g/min eta 1.4h
[90125/100000] loss 1.442 (pi 1.333 v 0.088 q 0.014 c 0.015) | plies 103 decisive 77% | buffer 200000 steps 161429 | 119.3 g/min eta 1.4h
[90150/100000] loss 1.442 (pi 1.331 v 0.089 q 0.014 c 0.016) | plies 104 decisive 75% | buffer 200000 steps 161471 | 119.3 g/min eta 1.4h
[90175/100000] loss 1.442 (pi 1.331 v 0.089 q 0.014 c 0.015) | plies 103 decisive 74% | buffer 200000 steps 161507 | 119.3 g/min eta 1.4h
[90200/100000] loss 1.442 (pi 1.331 v 0.089 q 0.014 c 0.015) | plies 102 decisive 76% | buffer 200000 steps 161550 | 119.3 g/min eta 1.4h
[90225/100000] loss 1.438 (pi 1.329 v 0.088 q 0.014 c 0.015) | plies 100 decisive 78% | buffer 200000 steps 161593 | 119.3 g/min eta 1.4h
[90250/100000] loss 1.440 (pi 1.330 v 0.088 q 0.014 c 0.015) | plies 104 decisive 74% | buffer 200000 steps 161636 | 119.3 g/min eta 1.4h
[90275/100000] loss 1.442 (pi 1.332 v 0.089 q 0.014 c 0.015) | plies 104 decisive 72% | buffer 200000 steps 161682 | 119.3 g/min eta 1.4h
[90300/100000] loss 1.440 (pi 1.330 v 0.088 q 0.014 c 0.015) | plies 103 decisive 72% | buffer 200000 steps 161719 | 119.3 g/min eta 1.4h
[90325/100000] loss 1.441 (pi 1.332 v 0.088 q 0.014 c 0.015) | plies 105 decisive 72% | buffer 200000 steps 161760 | 119.3 g/min eta 1.4h
[90350/100000] loss 1.444 (pi 1.335 v 0.088 q 0.013 c 0.015) | plies 104 decisive 73% | buffer 200000 steps 161803 | 119.3 g/min eta 1.3h
[90375/100000] loss 1.449 (pi 1.339 v 0.089 q 0.014 c 0.015) | plies 104 decisive 74% | buffer 200000 steps 161847 | 119.3 g/min eta 1.3h
[90400/100000] loss 1.446 (pi 1.337 v 0.088 q 0.014 c 0.015) | plies 103 decisive 74% | buffer 200000 steps 161889 | 119.3 g/min eta 1.3h
[90425/100000] loss 1.443 (pi 1.334 v 0.088 q 0.013 c 0.015) | plies 102 decisive 74% | buffer 200000 steps 161927 | 119.3 g/min eta 1.3h
[90450/100000] loss 1.443 (pi 1.335 v 0.088 q 0.014 c 0.015) | plies 100 decisive 77% | buffer 200000 steps 161968 | 119.3 g/min eta 1.3h
[90475/100000] loss 1.444 (pi 1.334 v 0.088 q 0.013 c 0.015) | plies 101 decisive 76% | buffer 200000 steps 162013 | 119.3 g/min eta 1.3h
[90500/100000] loss 1.439 (pi 1.329 v 0.088 q 0.014 c 0.016) | plies 102 decisive 75% | buffer 200000 steps 162054 | 119.3 g/min eta 1.3h
[90525/100000] loss 1.436 (pi 1.326 v 0.088 q 0.014 c 0.016) | plies 103 decisive 74% | buffer 200000 steps 162098 | 119.3 g/min eta 1.3h
[90550/100000] loss 1.431 (pi 1.321 v 0.088 q 0.014 c 0.015) | plies 104 decisive 74% | buffer 200000 steps 162141 | 119.3 g/min eta 1.3h
[90575/100000] loss 1.433 (pi 1.324 v 0.089 q 0.014 c 0.015) | plies 104 decisive 74% | buffer 200000 steps 162184 | 119.3 g/min eta 1.3h
[90600/100000] loss 1.439 (pi 1.330 v 0.089 q 0.013 c 0.014) | plies 104 decisive 75% | buffer 200000 steps 162227 | 119.4 g/min eta 1.3h
[90625/100000] loss 1.441 (pi 1.332 v 0.088 q 0.014 c 0.014) | plies 106 decisive 74% | buffer 200000 steps 162270 | 119.4 g/min eta 1.3h
[90650/100000] loss 1.441 (pi 1.332 v 0.089 q 0.014 c 0.014) | plies 108 decisive 74% | buffer 200000 steps 162311 | 119.4 g/min eta 1.3h
[90675/100000] loss 1.445 (pi 1.335 v 0.089 q 0.014 c 0.015) | plies 105 decisive 77% | buffer 200000 steps 162350 | 119.4 g/min eta 1.3h
[90700/100000] loss 1.445 (pi 1.335 v 0.089 q 0.014 c 0.015) | plies 103 decisive 78% | buffer 200000 steps 162389 | 119.4 g/min eta 1.3h
[90725/100000] loss 1.451 (pi 1.341 v 0.089 q 0.014 c 0.015) | plies 99 decisive 81% | buffer 200000 steps 162424 | 119.4 g/min eta 1.3h
[90750/100000] loss 1.451 (pi 1.341 v 0.089 q 0.013 c 0.014) | plies 98 decisive 82% | buffer 200000 steps 162460 | 119.3 g/min eta 1.3h
[90775/100000] loss 1.452 (pi 1.342 v 0.089 q 0.013 c 0.014) | plies 95 decisive 84% | buffer 200000 steps 162497 | 119.4 g/min eta 1.3h
[90800/100000] loss 1.449 (pi 1.339 v 0.089 q 0.014 c 0.015) | plies 96 decisive 82% | buffer 200000 steps 162540 | 119.4 g/min eta 1.3h
[90825/100000] loss 1.448 (pi 1.338 v 0.090 q 0.014 c 0.015) | plies 97 decisive 82% | buffer 200000 steps 162585 | 119.4 g/min eta 1.3h
[90850/100000] loss 1.451 (pi 1.341 v 0.090 q 0.013 c 0.015) | plies 95 decisive 83% | buffer 200000 steps 162627 | 119.4 g/min eta 1.3h
[90875/100000] loss 1.451 (pi 1.340 v 0.090 q 0.013 c 0.015) | plies 98 decisive 82% | buffer 200000 steps 162673 | 119.4 g/min eta 1.3h
[90900/100000] loss 1.449 (pi 1.337 v 0.091 q 0.014 c 0.015) | plies 98 decisive 84% | buffer 200000 steps 162712 | 119.4 g/min eta 1.3h
[90925/100000] loss 1.449 (pi 1.337 v 0.091 q 0.013 c 0.015) | plies 101 decisive 80% | buffer 200000 steps 162755 | 119.4 g/min eta 1.3h
[90950/100000] loss 1.453 (pi 1.340 v 0.091 q 0.014 c 0.015) | plies 106 decisive 77% | buffer 200000 steps 162802 | 119.4 g/min eta 1.3h
[90975/100000] loss 1.447 (pi 1.334 v 0.092 q 0.014 c 0.015) | plies 109 decisive 74% | buffer 200000 steps 162847 | 119.4 g/min eta 1.3h
[91000/100000] loss 1.448 (pi 1.336 v 0.091 q 0.014 c 0.015) | plies 108 decisive 74% | buffer 200000 steps 162888 | 119.4 g/min eta 1.3h
  EVAL @91000: q-greedy 6-18-0 | policy-greedy 7-17-0 | search 8-0-0 (eval 28s)
[91025/100000] loss 1.455 (pi 1.342 v 0.091 q 0.014 c 0.015) | plies 108 decisive 72% | buffer 200000 steps 162931 | 119.3 g/min eta 1.3h
[91050/100000] loss 1.454 (pi 1.342 v 0.091 q 0.014 c 0.015) | plies 109 decisive 72% | buffer 200000 steps 162975 | 119.3 g/min eta 1.3h
[91075/100000] loss 1.457 (pi 1.344 v 0.092 q 0.014 c 0.015) | plies 108 decisive 72% | buffer 200000 steps 163022 | 119.3 g/min eta 1.2h
[91100/100000] loss 1.466 (pi 1.354 v 0.091 q 0.014 c 0.015) | plies 109 decisive 69% | buffer 200000 steps 163063 | 119.3 g/min eta 1.2h
[91125/100000] loss 1.464 (pi 1.351 v 0.091 q 0.014 c 0.015) | plies 108 decisive 70% | buffer 200000 steps 163103 | 119.3 g/min eta 1.2h
[91150/100000] loss 1.462 (pi 1.349 v 0.091 q 0.014 c 0.015) | plies 106 decisive 71% | buffer 200000 steps 163148 | 119.3 g/min eta 1.2h
[91175/100000] loss 1.464 (pi 1.352 v 0.091 q 0.014 c 0.015) | plies 104 decisive 72% | buffer 200000 steps 163187 | 119.4 g/min eta 1.2h
[91200/100000] loss 1.465 (pi 1.352 v 0.092 q 0.014 c 0.015) | plies 106 decisive 69% | buffer 200000 steps 163232 | 119.4 g/min eta 1.2h
[91225/100000] loss 1.462 (pi 1.351 v 0.090 q 0.014 c 0.015) | plies 104 decisive 73% | buffer 200000 steps 163271 | 119.4 g/min eta 1.2h
[91250/100000] loss 1.458 (pi 1.347 v 0.090 q 0.014 c 0.015) | plies 103 decisive 73% | buffer 200000 steps 163311 | 119.4 g/min eta 1.2h
[91275/100000] loss 1.461 (pi 1.349 v 0.090 q 0.014 c 0.015) | plies 104 decisive 72% | buffer 200000 steps 163355 | 119.4 g/min eta 1.2h
[91300/100000] loss 1.462 (pi 1.350 v 0.090 q 0.014 c 0.015) | plies 104 decisive 72% | buffer 200000 steps 163399 | 119.4 g/min eta 1.2h
[91325/100000] loss 1.460 (pi 1.348 v 0.091 q 0.014 c 0.015) | plies 104 decisive 72% | buffer 200000 steps 163441 | 119.4 g/min eta 1.2h
[91350/100000] loss 1.461 (pi 1.349 v 0.091 q 0.014 c 0.015) | plies 104 decisive 72% | buffer 200000 steps 163487 | 119.4 g/min eta 1.2h
[91375/100000] loss 1.468 (pi 1.354 v 0.092 q 0.014 c 0.015) | plies 105 decisive 74% | buffer 200000 steps 163534 | 119.4 g/min eta 1.2h
[91400/100000] loss 1.464 (pi 1.351 v 0.091 q 0.014 c 0.015) | plies 106 decisive 74% | buffer 200000 steps 163579 | 119.4 g/min eta 1.2h
[91425/100000] loss 1.463 (pi 1.351 v 0.091 q 0.014 c 0.016) | plies 108 decisive 72% | buffer 200000 steps 163622 | 119.4 g/min eta 1.2h
[91450/100000] loss 1.460 (pi 1.348 v 0.091 q 0.014 c 0.015) | plies 107 decisive 72% | buffer 200000 steps 163659 | 119.4 g/min eta 1.2h
[91475/100000] loss 1.461 (pi 1.349 v 0.090 q 0.014 c 0.015) | plies 105 decisive 74% | buffer 200000 steps 163703 | 119.4 g/min eta 1.2h
[91500/100000] loss 1.460 (pi 1.348 v 0.090 q 0.014 c 0.015) | plies 106 decisive 75% | buffer 200000 steps 163745 | 119.4 g/min eta 1.2h
[91525/100000] loss 1.459 (pi 1.348 v 0.090 q 0.014 c 0.015) | plies 107 decisive 75% | buffer 200000 steps 163788 | 119.4 g/min eta 1.2h
[91550/100000] loss 1.457 (pi 1.344 v 0.091 q 0.014 c 0.015) | plies 105 decisive 78% | buffer 200000 steps 163832 | 119.4 g/min eta 1.2h
[91575/100000] loss 1.459 (pi 1.346 v 0.092 q 0.014 c 0.015) | plies 106 decisive 75% | buffer 200000 steps 163878 | 119.4 g/min eta 1.2h
[91600/100000] loss 1.464 (pi 1.351 v 0.091 q 0.014 c 0.016) | plies 105 decisive 76% | buffer 200000 steps 163924 | 119.4 g/min eta 1.2h
[91625/100000] loss 1.468 (pi 1.355 v 0.092 q 0.014 c 0.015) | plies 103 decisive 77% | buffer 200000 steps 163961 | 119.4 g/min eta 1.2h
[91650/100000] loss 1.471 (pi 1.358 v 0.092 q 0.014 c 0.015) | plies 105 decisive 76% | buffer 200000 steps 164008 | 119.4 g/min eta 1.2h
[91675/100000] loss 1.471 (pi 1.358 v 0.091 q 0.014 c 0.015) | plies 106 decisive 74% | buffer 200000 steps 164053 | 119.4 g/min eta 1.2h
[91700/100000] loss 1.472 (pi 1.360 v 0.091 q 0.014 c 0.015) | plies 105 decisive 76% | buffer 200000 steps 164094 | 119.4 g/min eta 1.2h
[91725/100000] loss 1.476 (pi 1.363 v 0.091 q 0.014 c 0.016) | plies 104 decisive 76% | buffer 200000 steps 164137 | 119.4 g/min eta 1.2h
[91750/100000] loss 1.466 (pi 1.352 v 0.093 q 0.014 c 0.015) | plies 103 decisive 76% | buffer 200000 steps 164176 | 119.4 g/min eta 1.2h
[91775/100000] loss 1.467 (pi 1.353 v 0.092 q 0.014 c 0.015) | plies 103 decisive 77% | buffer 200000 steps 164222 | 119.4 g/min eta 1.1h
[91800/100000] loss 1.469 (pi 1.355 v 0.092 q 0.014 c 0.016) | plies 101 decisive 78% | buffer 200000 steps 164263 | 119.4 g/min eta 1.1h
[91825/100000] loss 1.479 (pi 1.365 v 0.092 q 0.014 c 0.015) | plies 102 decisive 78% | buffer 200000 steps 164301 | 119.4 g/min eta 1.1h
[91850/100000] loss 1.483 (pi 1.369 v 0.092 q 0.014 c 0.016) | plies 101 decisive 78% | buffer 200000 steps 164341 | 119.4 g/min eta 1.1h
[91875/100000] loss 1.481 (pi 1.367 v 0.092 q 0.014 c 0.016) | plies 102 decisive 77% | buffer 200000 steps 164383 | 119.4 g/min eta 1.1h
[91900/100000] loss 1.489 (pi 1.374 v 0.093 q 0.014 c 0.015) | plies 104 decisive 74% | buffer 200000 steps 164432 | 119.4 g/min eta 1.1h
[91925/100000] loss 1.480 (pi 1.366 v 0.092 q 0.014 c 0.015) | plies 105 decisive 74% | buffer 200000 steps 164475 | 119.4 g/min eta 1.1h
[91950/100000] loss 1.477 (pi 1.362 v 0.093 q 0.014 c 0.016) | plies 107 decisive 71% | buffer 200000 steps 164522 | 119.4 g/min eta 1.1h
[91975/100000] loss 1.481 (pi 1.367 v 0.091 q 0.014 c 0.016) | plies 106 decisive 74% | buffer 200000 steps 164563 | 119.4 g/min eta 1.1h
[92000/100000] loss 1.481 (pi 1.366 v 0.092 q 0.014 c 0.016) | plies 106 decisive 74% | buffer 200000 steps 164601 | 119.4 g/min eta 1.1h
  EVAL @92000: q-greedy 4-20-0 | policy-greedy 9-15-0 | search 8-0-0 (eval 23s)
[92025/100000] loss 1.479 (pi 1.364 v 0.093 q 0.014 c 0.016) | plies 105 decisive 74% | buffer 200000 steps 164640 | 119.3 g/min eta 1.1h
[92050/100000] loss 1.478 (pi 1.364 v 0.092 q 0.015 c 0.015) | plies 107 decisive 72% | buffer 200000 steps 164680 | 119.3 g/min eta 1.1h
[92075/100000] loss 1.476 (pi 1.361 v 0.092 q 0.015 c 0.016) | plies 105 decisive 74% | buffer 200000 steps 164725 | 119.4 g/min eta 1.1h
[92100/100000] loss 1.478 (pi 1.364 v 0.092 q 0.014 c 0.016) | plies 104 decisive 75% | buffer 200000 steps 164770 | 119.4 g/min eta 1.1h
[92125/100000] loss 1.487 (pi 1.372 v 0.092 q 0.014 c 0.016) | plies 106 decisive 72% | buffer 200000 steps 164818 | 119.4 g/min eta 1.1h
[92150/100000] loss 1.483 (pi 1.369 v 0.092 q 0.014 c 0.016) | plies 105 decisive 76% | buffer 200000 steps 164859 | 119.4 g/min eta 1.1h
[92175/100000] loss 1.485 (pi 1.371 v 0.092 q 0.014 c 0.016) | plies 107 decisive 72% | buffer 200000 steps 164905 | 119.4 g/min eta 1.1h
[92200/100000] loss 1.496 (pi 1.380 v 0.093 q 0.015 c 0.016) | plies 110 decisive 71% | buffer 200000 steps 164954 | 119.4 g/min eta 1.1h
[92225/100000] loss 1.495 (pi 1.380 v 0.092 q 0.015 c 0.016) | plies 111 decisive 70% | buffer 200000 steps 164997 | 119.4 g/min eta 1.1h
[92250/100000] loss 1.495 (pi 1.380 v 0.092 q 0.015 c 0.016) | plies 109 decisive 72% | buffer 200000 steps 165037 | 119.4 g/min eta 1.1h
[92275/100000] loss 1.499 (pi 1.385 v 0.092 q 0.015 c 0.016) | plies 108 decisive 73% | buffer 200000 steps 165078 | 119.4 g/min eta 1.1h
[92300/100000] loss 1.502 (pi 1.386 v 0.093 q 0.015 c 0.016) | plies 108 decisive 74% | buffer 200000 steps 165120 | 119.4 g/min eta 1.1h
[92325/100000] loss 1.496 (pi 1.379 v 0.094 q 0.015 c 0.016) | plies 105 decisive 75% | buffer 200000 steps 165164 | 119.4 g/min eta 1.1h
[92350/100000] loss 1.493 (pi 1.376 v 0.093 q 0.015 c 0.017) | plies 103 decisive 76% | buffer 200000 steps 165202 | 119.4 g/min eta 1.1h
[92375/100000] loss 1.494 (pi 1.378 v 0.093 q 0.015 c 0.016) | plies 104 decisive 76% | buffer 200000 steps 165249 | 119.4 g/min eta 1.1h
[92400/100000] loss 1.502 (pi 1.386 v 0.093 q 0.015 c 0.016) | plies 102 decisive 76% | buffer 200000 steps 165289 | 119.4 g/min eta 1.1h
[92425/100000] loss 1.507 (pi 1.391 v 0.093 q 0.015 c 0.015) | plies 101 decisive 77% | buffer 200000 steps 165331 | 119.4 g/min eta 1.1h
[92450/100000] loss 1.507 (pi 1.392 v 0.093 q 0.015 c 0.016) | plies 102 decisive 78% | buffer 200000 steps 165375 | 119.4 g/min eta 1.1h
[92475/100000] loss 1.511 (pi 1.396 v 0.093 q 0.015 c 0.016) | plies 102 decisive 76% | buffer 200000 steps 165414 | 119.4 g/min eta 1.1h
[92500/100000] loss 1.509 (pi 1.393 v 0.094 q 0.015 c 0.016) | plies 102 decisive 76% | buffer 200000 steps 165457 | 119.4 g/min eta 1.0h
[92525/100000] loss 1.511 (pi 1.396 v 0.093 q 0.014 c 0.016) | plies 101 decisive 78% | buffer 200000 steps 165498 | 119.4 g/min eta 1.0h
[92550/100000] loss 1.511 (pi 1.396 v 0.093 q 0.014 c 0.016) | plies 103 decisive 76% | buffer 200000 steps 165540 | 119.4 g/min eta 1.0h
[92575/100000] loss 1.514 (pi 1.399 v 0.093 q 0.014 c 0.016) | plies 100 decisive 78% | buffer 200000 steps 165582 | 119.4 g/min eta 1.0h
[92600/100000] loss 1.511 (pi 1.396 v 0.092 q 0.014 c 0.015) | plies 100 decisive 80% | buffer 200000 steps 165624 | 119.4 g/min eta 1.0h
[92625/100000] loss 1.511 (pi 1.398 v 0.092 q 0.014 c 0.015) | plies 100 decisive 79% | buffer 200000 steps 165664 | 119.4 g/min eta 1.0h
[92650/100000] loss 1.517 (pi 1.402 v 0.092 q 0.015 c 0.016) | plies 100 decisive 78% | buffer 200000 steps 165706 | 119.4 g/min eta 1.0h
[92675/100000] loss 1.514 (pi 1.399 v 0.093 q 0.014 c 0.016) | plies 101 decisive 80% | buffer 200000 steps 165749 | 119.4 g/min eta 1.0h
[92700/100000] loss 1.511 (pi 1.396 v 0.093 q 0.014 c 0.016) | plies 101 decisive 82% | buffer 200000 steps 165794 | 119.4 g/min eta 1.0h
[92725/100000] loss 1.523 (pi 1.406 v 0.094 q 0.015 c 0.015) | plies 102 decisive 82% | buffer 200000 steps 165840 | 119.4 g/min eta 1.0h
[92750/100000] loss 1.525 (pi 1.407 v 0.095 q 0.015 c 0.015) | plies 101 decisive 82% | buffer 200000 steps 165877 | 119.4 g/min eta 1.0h
[92775/100000] loss 1.527 (pi 1.409 v 0.095 q 0.015 c 0.015) | plies 101 decisive 82% | buffer 200000 steps 165917 | 119.4 g/min eta 1.0h
[92800/100000] loss 1.529 (pi 1.410 v 0.096 q 0.015 c 0.016) | plies 101 decisive 82% | buffer 200000 steps 165964 | 119.4 g/min eta 1.0h
[92825/100000] loss 1.527 (pi 1.409 v 0.095 q 0.015 c 0.016) | plies 102 decisive 80% | buffer 200000 steps 166005 | 119.4 g/min eta 1.0h
[92850/100000] loss 1.524 (pi 1.406 v 0.095 q 0.015 c 0.016) | plies 102 decisive 80% | buffer 200000 steps 166050 | 119.4 g/min eta 1.0h
[92875/100000] loss 1.532 (pi 1.415 v 0.094 q 0.015 c 0.016) | plies 101 decisive 80% | buffer 200000 steps 166089 | 119.4 g/min eta 1.0h
[92900/100000] loss 1.537 (pi 1.419 v 0.095 q 0.015 c 0.017) | plies 100 decisive 78% | buffer 200000 steps 166126 | 119.4 g/min eta 1.0h
[92925/100000] loss 1.528 (pi 1.410 v 0.095 q 0.015 c 0.016) | plies 100 decisive 77% | buffer 200000 steps 166168 | 119.5 g/min eta 1.0h
[92950/100000] loss 1.528 (pi 1.411 v 0.095 q 0.015 c 0.016) | plies 101 decisive 78% | buffer 200000 steps 166211 | 119.4 g/min eta 1.0h
[92975/100000] loss 1.534 (pi 1.415 v 0.096 q 0.015 c 0.016) | plies 101 decisive 78% | buffer 200000 steps 166253 | 119.4 g/min eta 1.0h
[93000/100000] loss 1.539 (pi 1.421 v 0.096 q 0.015 c 0.016) | plies 102 decisive 75% | buffer 200000 steps 166300 | 119.4 g/min eta 1.0h
  EVAL @93000: q-greedy 3-21-0 | policy-greedy 7-17-0 | search 8-0-0 (eval 24s)
[93025/100000] loss 1.543 (pi 1.423 v 0.096 q 0.015 c 0.016) | plies 103 decisive 76% | buffer 200000 steps 166345 | 119.4 g/min eta 1.0h
[93050/100000] loss 1.541 (pi 1.423 v 0.095 q 0.015 c 0.016) | plies 103 decisive 78% | buffer 200000 steps 166385 | 119.4 g/min eta 1.0h
[93075/100000] loss 1.539 (pi 1.421 v 0.095 q 0.015 c 0.016) | plies 104 decisive 77% | buffer 200000 steps 166428 | 119.4 g/min eta 1.0h
[93100/100000] loss 1.543 (pi 1.425 v 0.095 q 0.015 c 0.016) | plies 105 decisive 76% | buffer 200000 steps 166470 | 119.4 g/min eta 1.0h
[93125/100000] loss 1.551 (pi 1.432 v 0.095 q 0.015 c 0.016) | plies 104 decisive 76% | buffer 200000 steps 166507 | 119.4 g/min eta 1.0h
[93150/100000] loss 1.551 (pi 1.432 v 0.096 q 0.015 c 0.016) | plies 104 decisive 76% | buffer 200000 steps 166548 | 119.4 g/min eta 1.0h
[93175/100000] loss 1.550 (pi 1.431 v 0.097 q 0.015 c 0.016) | plies 104 decisive 76% | buffer 200000 steps 166594 | 119.4 g/min eta 1.0h
[93200/100000] loss 1.554 (pi 1.434 v 0.097 q 0.015 c 0.016) | plies 104 decisive 76% | buffer 200000 steps 166635 | 119.4 g/min eta 0.9h
[93225/100000] loss 1.555 (pi 1.435 v 0.097 q 0.015 c 0.017) | plies 104 decisive 76% | buffer 200000 steps 166679 | 119.4 g/min eta 0.9h
[93250/100000] loss 1.555 (pi 1.434 v 0.097 q 0.015 c 0.017) | plies 104 decisive 76% | buffer 200000 steps 166723 | 119.5 g/min eta 0.9h
[93275/100000] loss 1.564 (pi 1.444 v 0.096 q 0.015 c 0.017) | plies 105 decisive 74% | buffer 200000 steps 166769 | 119.5 g/min eta 0.9h
[93300/100000] loss 1.563 (pi 1.443 v 0.096 q 0.015 c 0.017) | plies 105 decisive 76% | buffer 200000 steps 166812 | 119.4 g/min eta 0.9h
[93325/100000] loss 1.567 (pi 1.448 v 0.096 q 0.015 c 0.016) | plies 105 decisive 78% | buffer 200000 steps 166853 | 119.4 g/min eta 0.9h
[93350/100000] loss 1.567 (pi 1.447 v 0.096 q 0.015 c 0.017) | plies 106 decisive 76% | buffer 200000 steps 166900 | 119.5 g/min eta 0.9h
[93375/100000] loss 1.568 (pi 1.450 v 0.096 q 0.015 c 0.017) | plies 106 decisive 76% | buffer 200000 steps 166947 | 119.5 g/min eta 0.9h
[93400/100000] loss 1.570 (pi 1.451 v 0.095 q 0.015 c 0.017) | plies 105 decisive 77% | buffer 200000 steps 166987 | 119.5 g/min eta 0.9h
[93425/100000] loss 1.564 (pi 1.446 v 0.095 q 0.015 c 0.017) | plies 103 decisive 76% | buffer 200000 steps 167025 | 119.5 g/min eta 0.9h
[93450/100000] loss 1.571 (pi 1.453 v 0.095 q 0.015 c 0.017) | plies 102 decisive 78% | buffer 200000 steps 167064 | 119.5 g/min eta 0.9h
[93475/100000] loss 1.571 (pi 1.453 v 0.095 q 0.015 c 0.017) | plies 102 decisive 78% | buffer 200000 steps 167108 | 119.5 g/min eta 0.9h
[93500/100000] loss 1.577 (pi 1.459 v 0.094 q 0.015 c 0.017) | plies 103 decisive 77% | buffer 200000 steps 167156 | 119.5 g/min eta 0.9h
[93525/100000] loss 1.581 (pi 1.463 v 0.094 q 0.015 c 0.017) | plies 103 decisive 74% | buffer 200000 steps 167197 | 119.5 g/min eta 0.9h
[93550/100000] loss 1.579 (pi 1.461 v 0.095 q 0.015 c 0.017) | plies 104 decisive 76% | buffer 200000 steps 167244 | 119.5 g/min eta 0.9h
[93575/100000] loss 1.579 (pi 1.461 v 0.094 q 0.015 c 0.017) | plies 100 decisive 78% | buffer 200000 steps 167276 | 119.5 g/min eta 0.9h
[93600/100000] loss 1.573 (pi 1.456 v 0.094 q 0.015 c 0.017) | plies 100 decisive 80% | buffer 200000 steps 167316 | 119.5 g/min eta 0.9h
[93625/100000] loss 1.579 (pi 1.463 v 0.094 q 0.015 c 0.017) | plies 100 decisive 81% | buffer 200000 steps 167359 | 119.5 g/min eta 0.9h
[93650/100000] loss 1.578 (pi 1.460 v 0.095 q 0.015 c 0.017) | plies 102 decisive 80% | buffer 200000 steps 167404 | 119.5 g/min eta 0.9h
[93675/100000] loss 1.585 (pi 1.466 v 0.096 q 0.015 c 0.017) | plies 103 decisive 82% | buffer 200000 steps 167452 | 119.5 g/min eta 0.9h
[93700/100000] loss 1.586 (pi 1.466 v 0.096 q 0.015 c 0.017) | plies 101 decisive 82% | buffer 200000 steps 167494 | 119.5 g/min eta 0.9h
[93725/100000] loss 1.593 (pi 1.473 v 0.096 q 0.015 c 0.017) | plies 102 decisive 82% | buffer 200000 steps 167536 | 119.5 g/min eta 0.9h
[93750/100000] loss 1.597 (pi 1.477 v 0.096 q 0.015 c 0.017) | plies 100 decisive 82% | buffer 200000 steps 167575 | 119.5 g/min eta 0.9h
[93775/100000] loss 1.594 (pi 1.474 v 0.096 q 0.015 c 0.017) | plies 102 decisive 81% | buffer 200000 steps 167613 | 119.5 g/min eta 0.9h
[93800/100000] loss 1.591 (pi 1.471 v 0.096 q 0.015 c 0.017) | plies 102 decisive 80% | buffer 200000 steps 167653 | 119.5 g/min eta 0.9h
[93825/100000] loss 1.593 (pi 1.474 v 0.096 q 0.015 c 0.017) | plies 102 decisive 79% | buffer 200000 steps 167695 | 119.5 g/min eta 0.9h
[93850/100000] loss 1.595 (pi 1.474 v 0.097 q 0.015 c 0.017) | plies 103 decisive 76% | buffer 200000 steps 167746 | 119.5 g/min eta 0.9h
[93875/100000] loss 1.593 (pi 1.472 v 0.097 q 0.015 c 0.017) | plies 101 decisive 77% | buffer 200000 steps 167788 | 119.5 g/min eta 0.9h
[93900/100000] loss 1.593 (pi 1.473 v 0.096 q 0.015 c 0.017) | plies 100 decisive 78% | buffer 200000 steps 167828 | 119.5 g/min eta 0.9h
[93925/100000] loss 1.598 (pi 1.478 v 0.097 q 0.015 c 0.017) | plies 101 decisive 78% | buffer 200000 steps 167874 | 119.5 g/min eta 0.8h
[93950/100000] loss 1.599 (pi 1.479 v 0.097 q 0.015 c 0.018) | plies 102 decisive 78% | buffer 200000 steps 167914 | 119.5 g/min eta 0.8h
[93975/100000] loss 1.592 (pi 1.472 v 0.097 q 0.015 c 0.018) | plies 102 decisive 78% | buffer 200000 steps 167954 | 119.5 g/min eta 0.8h
[94000/100000] loss 1.588 (pi 1.467 v 0.097 q 0.015 c 0.018) | plies 102 decisive 78% | buffer 200000 steps 167997 | 119.5 g/min eta 0.8h
  EVAL @94000: q-greedy 1-23-0 | policy-greedy 5-19-0 | search 7-1-0 (eval 27s)
[94025/100000] loss 1.595 (pi 1.473 v 0.098 q 0.015 c 0.017) | plies 104 decisive 76% | buffer 200000 steps 168042 | 119.4 g/min eta 0.8h
[94050/100000] loss 1.605 (pi 1.483 v 0.098 q 0.015 c 0.017) | plies 102 decisive 78% | buffer 200000 steps 168084 | 119.4 g/min eta 0.8h
[94075/100000] loss 1.605 (pi 1.482 v 0.099 q 0.015 c 0.017) | plies 103 decisive 78% | buffer 200000 steps 168128 | 119.5 g/min eta 0.8h
[94100/100000] loss 1.599 (pi 1.476 v 0.100 q 0.015 c 0.017) | plies 102 decisive 78% | buffer 200000 steps 168166 | 119.5 g/min eta 0.8h
[94125/100000] loss 1.599 (pi 1.476 v 0.099 q 0.015 c 0.017) | plies 100 decisive 79% | buffer 200000 steps 168209 | 119.5 g/min eta 0.8h
[94150/100000] loss 1.607 (pi 1.485 v 0.098 q 0.015 c 0.018) | plies 99 decisive 80% | buffer 200000 steps 168252 | 119.5 g/min eta 0.8h
[94175/100000] loss 1.605 (pi 1.483 v 0.098 q 0.015 c 0.018) | plies 100 decisive 79% | buffer 200000 steps 168291 | 119.5 g/min eta 0.8h
[94200/100000] loss 1.604 (pi 1.482 v 0.098 q 0.015 c 0.018) | plies 100 decisive 79% | buffer 200000 steps 168329 | 119.5 g/min eta 0.8h
[94225/100000] loss 1.600 (pi 1.477 v 0.098 q 0.015 c 0.017) | plies 97 decisive 82% | buffer 200000 steps 168371 | 119.5 g/min eta 0.8h
[94250/100000] loss 1.608 (pi 1.486 v 0.098 q 0.015 c 0.017) | plies 94 decisive 81% | buffer 200000 steps 168408 | 119.5 g/min eta 0.8h
[94275/100000] loss 1.605 (pi 1.483 v 0.098 q 0.016 c 0.018) | plies 92 decisive 82% | buffer 200000 steps 168452 | 119.5 g/min eta 0.8h
[94300/100000] loss 1.606 (pi 1.484 v 0.098 q 0.015 c 0.018) | plies 93 decisive 84% | buffer 200000 steps 168496 | 119.5 g/min eta 0.8h
[94325/100000] loss 1.610 (pi 1.487 v 0.098 q 0.016 c 0.018) | plies 95 decisive 82% | buffer 200000 steps 168539 | 119.5 g/min eta 0.8h
[94350/100000] loss 1.618 (pi 1.496 v 0.098 q 0.016 c 0.018) | plies 94 decisive 83% | buffer 200000 steps 168580 | 119.5 g/min eta 0.8h
[94375/100000] loss 1.615 (pi 1.493 v 0.098 q 0.016 c 0.017) | plies 95 decisive 82% | buffer 200000 steps 168627 | 119.5 g/min eta 0.8h
[94400/100000] loss 1.620 (pi 1.497 v 0.098 q 0.015 c 0.017) | plies 97 decisive 82% | buffer 200000 steps 168671 | 119.5 g/min eta 0.8h
[94425/100000] loss 1.625 (pi 1.504 v 0.098 q 0.015 c 0.017) | plies 97 decisive 82% | buffer 200000 steps 168711 | 119.5 g/min eta 0.8h
[94450/100000] loss 1.619 (pi 1.497 v 0.097 q 0.015 c 0.017) | plies 99 decisive 82% | buffer 200000 steps 168753 | 119.5 g/min eta 0.8h
[94475/100000] loss 1.616 (pi 1.495 v 0.097 q 0.015 c 0.017) | plies 101 decisive 80% | buffer 200000 steps 168796 | 119.5 g/min eta 0.8h
[94500/100000] loss 1.621 (pi 1.499 v 0.097 q 0.015 c 0.017) | plies 101 decisive 80% | buffer 200000 steps 168839 | 119.5 g/min eta 0.8h
[94525/100000] loss 1.620 (pi 1.499 v 0.098 q 0.015 c 0.017) | plies 100 decisive 80% | buffer 200000 steps 168883 | 119.5 g/min eta 0.8h
[94550/100000] loss 1.619 (pi 1.496 v 0.099 q 0.015 c 0.017) | plies 100 decisive 80% | buffer 200000 steps 168921 | 119.5 g/min eta 0.8h
[94575/100000] loss 1.627 (pi 1.504 v 0.098 q 0.016 c 0.018) | plies 100 decisive 80% | buffer 200000 steps 168968 | 119.5 g/min eta 0.8h
[94600/100000] loss 1.631 (pi 1.510 v 0.097 q 0.016 c 0.018) | plies 98 decisive 80% | buffer 200000 steps 169007 | 119.5 g/min eta 0.8h
[94625/100000] loss 1.630 (pi 1.509 v 0.097 q 0.015 c 0.017) | plies 96 decisive 82% | buffer 200000 steps 169042 | 119.5 g/min eta 0.7h
[94650/100000] loss 1.629 (pi 1.507 v 0.098 q 0.016 c 0.018) | plies 95 decisive 81% | buffer 200000 steps 169083 | 119.5 g/min eta 0.7h
[94675/100000] loss 1.622 (pi 1.501 v 0.097 q 0.015 c 0.018) | plies 95 decisive 82% | buffer 200000 steps 169126 | 119.6 g/min eta 0.7h
[94700/100000] loss 1.623 (pi 1.502 v 0.097 q 0.015 c 0.018) | plies 94 decisive 82% | buffer 200000 steps 169169 | 119.6 g/min eta 0.7h
[94725/100000] loss 1.627 (pi 1.504 v 0.098 q 0.016 c 0.018) | plies 93 decisive 82% | buffer 200000 steps 169209 | 119.6 g/min eta 0.7h
[94750/100000] loss 1.626 (pi 1.504 v 0.098 q 0.016 c 0.018) | plies 94 decisive 82% | buffer 200000 steps 169253 | 119.6 g/min eta 0.7h
[94775/100000] loss 1.616 (pi 1.495 v 0.098 q 0.016 c 0.017) | plies 90 decisive 85% | buffer 200000 steps 169288 | 119.6 g/min eta 0.7h
[94800/100000] loss 1.623 (pi 1.500 v 0.098 q 0.016 c 0.017) | plies 90 decisive 85% | buffer 200000 steps 169326 | 119.6 g/min eta 0.7h
[94825/100000] loss 1.620 (pi 1.497 v 0.099 q 0.016 c 0.017) | plies 91 decisive 84% | buffer 200000 steps 169363 | 119.6 g/min eta 0.7h
[94850/100000] loss 1.619 (pi 1.495 v 0.099 q 0.016 c 0.017) | plies 90 decisive 86% | buffer 200000 steps 169400 | 119.6 g/min eta 0.7h
[94875/100000] loss 1.622 (pi 1.498 v 0.099 q 0.016 c 0.017) | plies 89 decisive 85% | buffer 200000 steps 169437 | 119.6 g/min eta 0.7h
[94900/100000] loss 1.628 (pi 1.505 v 0.099 q 0.016 c 0.018) | plies 90 decisive 84% | buffer 200000 steps 169481 | 119.6 g/min eta 0.7h
[94925/100000] loss 1.627 (pi 1.503 v 0.100 q 0.016 c 0.018) | plies 89 decisive 84% | buffer 200000 steps 169520 | 119.6 g/min eta 0.7h
[94950/100000] loss 1.628 (pi 1.505 v 0.099 q 0.016 c 0.017) | plies 89 decisive 82% | buffer 200000 steps 169561 | 119.6 g/min eta 0.7h
[94975/100000] loss 1.626 (pi 1.504 v 0.098 q 0.016 c 0.017) | plies 90 decisive 82% | buffer 200000 steps 169600 | 119.6 g/min eta 0.7h
[95000/100000] loss 1.630 (pi 1.508 v 0.098 q 0.016 c 0.017) | plies 91 decisive 82% | buffer 200000 steps 169640 | 119.6 g/min eta 0.7h
  EVAL @95000: q-greedy 6-18-0 | policy-greedy 9-15-0 | search 8-0-0 (eval 22s)
[95025/100000] loss 1.629 (pi 1.507 v 0.098 q 0.016 c 0.018) | plies 92 decisive 82% | buffer 200000 steps 169678 | 119.5 g/min eta 0.7h
[95050/100000] loss 1.630 (pi 1.508 v 0.098 q 0.016 c 0.018) | plies 94 decisive 79% | buffer 200000 steps 169720 | 119.5 g/min eta 0.7h
[95075/100000] loss 1.636 (pi 1.513 v 0.098 q 0.016 c 0.018) | plies 96 decisive 80% | buffer 200000 steps 169766 | 119.6 g/min eta 0.7h
[95100/100000] loss 1.635 (pi 1.513 v 0.097 q 0.016 c 0.018) | plies 95 decisive 80% | buffer 200000 steps 169801 | 119.6 g/min eta 0.7h
[95125/100000] loss 1.639 (pi 1.518 v 0.097 q 0.016 c 0.018) | plies 97 decisive 79% | buffer 200000 steps 169846 | 119.6 g/min eta 0.7h
[95150/100000] loss 1.648 (pi 1.527 v 0.097 q 0.015 c 0.017) | plies 98 decisive 81% | buffer 200000 steps 169895 | 119.6 g/min eta 0.7h
[95175/100000] loss 1.643 (pi 1.523 v 0.097 q 0.015 c 0.017) | plies 99 decisive 80% | buffer 200000 steps 169937 | 119.6 g/min eta 0.7h
[95200/100000] loss 1.646 (pi 1.525 v 0.097 q 0.015 c 0.017) | plies 99 decisive 81% | buffer 200000 steps 169983 | 119.6 g/min eta 0.7h
[95225/100000] loss 1.648 (pi 1.527 v 0.097 q 0.015 c 0.017) | plies 99 decisive 80% | buffer 200000 steps 170022 | 119.6 g/min eta 0.7h
[95250/100000] loss 1.648 (pi 1.527 v 0.097 q 0.015 c 0.017) | plies 100 decisive 82% | buffer 200000 steps 170065 | 119.6 g/min eta 0.7h
[95275/100000] loss 1.643 (pi 1.521 v 0.098 q 0.015 c 0.017) | plies 100 decisive 80% | buffer 200000 steps 170106 | 119.6 g/min eta 0.7h
[95300/100000] loss 1.649 (pi 1.527 v 0.098 q 0.016 c 0.018) | plies 101 decisive 80% | buffer 200000 steps 170147 | 119.6 g/min eta 0.7h
[95325/100000] loss 1.647 (pi 1.523 v 0.099 q 0.016 c 0.018) | plies 99 decisive 82% | buffer 200000 steps 170185 | 119.6 g/min eta 0.7h
[95350/100000] loss 1.645 (pi 1.523 v 0.098 q 0.015 c 0.018) | plies 97 decisive 82% | buffer 200000 steps 170227 | 119.6 g/min eta 0.6h
[95375/100000] loss 1.644 (pi 1.522 v 0.098 q 0.016 c 0.018) | plies 98 decisive 82% | buffer 200000 steps 170265 | 119.6 g/min eta 0.6h
[95400/100000] loss 1.639 (pi 1.518 v 0.097 q 0.016 c 0.017) | plies 97 decisive 83% | buffer 200000 steps 170307 | 119.6 g/min eta 0.6h
[95425/100000] loss 1.642 (pi 1.520 v 0.098 q 0.016 c 0.018) | plies 99 decisive 82% | buffer 200000 steps 170353 | 119.6 g/min eta 0.6h
[95450/100000] loss 1.643 (pi 1.520 v 0.098 q 0.016 c 0.018) | plies 97 decisive 84% | buffer 200000 steps 170393 | 119.6 g/min eta 0.6h
[95475/100000] loss 1.639 (pi 1.516 v 0.099 q 0.016 c 0.017) | plies 95 decisive 86% | buffer 200000 steps 170435 | 119.6 g/min eta 0.6h
[95500/100000] loss 1.638 (pi 1.514 v 0.100 q 0.016 c 0.017) | plies 94 decisive 85% | buffer 200000 steps 170476 | 119.6 g/min eta 0.6h
[95525/100000] loss 1.645 (pi 1.521 v 0.100 q 0.016 c 0.017) | plies 97 decisive 83% | buffer 200000 steps 170525 | 119.6 g/min eta 0.6h
[95550/100000] loss 1.644 (pi 1.520 v 0.100 q 0.016 c 0.017) | plies 96 decisive 84% | buffer 200000 steps 170564 | 119.6 g/min eta 0.6h
[95575/100000] loss 1.647 (pi 1.522 v 0.101 q 0.016 c 0.018) | plies 96 decisive 84% | buffer 200000 steps 170606 | 119.6 g/min eta 0.6h
[95600/100000] loss 1.646 (pi 1.521 v 0.100 q 0.016 c 0.017) | plies 98 decisive 82% | buffer 200000 steps 170647 | 119.6 g/min eta 0.6h
[95625/100000] loss 1.648 (pi 1.524 v 0.099 q 0.016 c 0.017) | plies 96 decisive 84% | buffer 200000 steps 170689 | 119.6 g/min eta 0.6h
[95650/100000] loss 1.646 (pi 1.522 v 0.099 q 0.016 c 0.017) | plies 98 decisive 84% | buffer 200000 steps 170733 | 119.6 g/min eta 0.6h
[95675/100000] loss 1.649 (pi 1.525 v 0.100 q 0.016 c 0.017) | plies 96 decisive 86% | buffer 200000 steps 170773 | 119.6 g/min eta 0.6h
[95700/100000] loss 1.658 (pi 1.533 v 0.100 q 0.016 c 0.017) | plies 98 decisive 85% | buffer 200000 steps 170816 | 119.6 g/min eta 0.6h
[95725/100000] loss 1.657 (pi 1.531 v 0.101 q 0.016 c 0.017) | plies 97 decisive 85% | buffer 200000 steps 170861 | 119.6 g/min eta 0.6h
[95750/100000] loss 1.648 (pi 1.523 v 0.101 q 0.016 c 0.017) | plies 100 decisive 82% | buffer 200000 steps 170908 | 119.6 g/min eta 0.6h
[95775/100000] loss 1.654 (pi 1.529 v 0.101 q 0.016 c 0.017) | plies 101 decisive 82% | buffer 200000 steps 170958 | 119.7 g/min eta 0.6h
[95800/100000] loss 1.655 (pi 1.529 v 0.102 q 0.016 c 0.017) | plies 103 decisive 80% | buffer 200000 steps 171006 | 119.7 g/min eta 0.6h
[95825/100000] loss 1.652 (pi 1.526 v 0.102 q 0.016 c 0.017) | plies 104 decisive 79% | buffer 200000 steps 171049 | 119.6 g/min eta 0.6h
[95850/100000] loss 1.653 (pi 1.527 v 0.101 q 0.016 c 0.017) | plies 105 decisive 78% | buffer 200000 steps 171098 | 119.6 g/min eta 0.6h
[95875/100000] loss 1.654 (pi 1.529 v 0.101 q 0.016 c 0.017) | plies 108 decisive 74% | buffer 200000 steps 171144 | 119.7 g/min eta 0.6h
[95900/100000] loss 1.658 (pi 1.533 v 0.101 q 0.016 c 0.017) | plies 105 decisive 76% | buffer 200000 steps 171185 | 119.7 g/min eta 0.6h
[95925/100000] loss 1.652 (pi 1.527 v 0.101 q 0.015 c 0.017) | plies 105 decisive 76% | buffer 200000 steps 171225 | 119.7 g/min eta 0.6h
[95950/100000] loss 1.655 (pi 1.530 v 0.101 q 0.015 c 0.017) | plies 104 decisive 79% | buffer 200000 steps 171269 | 119.7 g/min eta 0.6h
[95975/100000] loss 1.651 (pi 1.527 v 0.101 q 0.015 c 0.016) | plies 103 decisive 80% | buffer 200000 steps 171314 | 119.7 g/min eta 0.6h
[96000/100000] loss 1.654 (pi 1.529 v 0.101 q 0.015 c 0.017) | plies 101 decisive 82% | buffer 200000 steps 171354 | 119.7 g/min eta 0.6h
  EVAL @96000: q-greedy 4-20-0 | policy-greedy 12-12-0 | search 8-0-0 (eval 25s)
[96025/100000] loss 1.655 (pi 1.530 v 0.102 q 0.015 c 0.017) | plies 101 decisive 82% | buffer 200000 steps 171397 | 119.6 g/min eta 0.6h
[96050/100000] loss 1.656 (pi 1.531 v 0.102 q 0.015 c 0.017) | plies 101 decisive 82% | buffer 200000 steps 171441 | 119.6 g/min eta 0.6h
[96075/100000] loss 1.659 (pi 1.533 v 0.102 q 0.016 c 0.017) | plies 101 decisive 83% | buffer 200000 steps 171484 | 119.6 g/min eta 0.5h
[96100/100000] loss 1.658 (pi 1.533 v 0.101 q 0.015 c 0.017) | plies 103 decisive 82% | buffer 200000 steps 171528 | 119.7 g/min eta 0.5h
[96125/100000] loss 1.657 (pi 1.532 v 0.101 q 0.016 c 0.017) | plies 104 decisive 82% | buffer 200000 steps 171574 | 119.7 g/min eta 0.5h
[96150/100000] loss 1.660 (pi 1.535 v 0.101 q 0.016 c 0.017) | plies 104 decisive 81% | buffer 200000 steps 171619 | 119.7 g/min eta 0.5h
[96175/100000] loss 1.662 (pi 1.537 v 0.101 q 0.016 c 0.017) | plies 102 decisive 81% | buffer 200000 steps 171658 | 119.7 g/min eta 0.5h
[96200/100000] loss 1.658 (pi 1.534 v 0.100 q 0.016 c 0.017) | plies 103 decisive 81% | buffer 200000 steps 171697 | 119.7 g/min eta 0.5h
[96225/100000] loss 1.657 (pi 1.532 v 0.101 q 0.016 c 0.017) | plies 102 decisive 82% | buffer 200000 steps 171744 | 119.7 g/min eta 0.5h
[96250/100000] loss 1.655 (pi 1.529 v 0.102 q 0.016 c 0.017) | plies 102 decisive 82% | buffer 200000 steps 171787 | 119.7 g/min eta 0.5h
[96275/100000] loss 1.664 (pi 1.539 v 0.101 q 0.015 c 0.017) | plies 102 decisive 83% | buffer 200000 steps 171831 | 119.7 g/min eta 0.5h
[96300/100000] loss 1.666 (pi 1.540 v 0.102 q 0.016 c 0.017) | plies 102 decisive 82% | buffer 200000 steps 171871 | 119.7 g/min eta 0.5h
[96325/100000] loss 1.670 (pi 1.544 v 0.102 q 0.015 c 0.017) | plies 99 decisive 84% | buffer 200000 steps 171911 | 119.7 g/min eta 0.5h
[96350/100000] loss 1.669 (pi 1.544 v 0.102 q 0.015 c 0.017) | plies 100 decisive 82% | buffer 200000 steps 171955 | 119.7 g/min eta 0.5h
[96375/100000] loss 1.666 (pi 1.542 v 0.101 q 0.015 c 0.016) | plies 102 decisive 82% | buffer 200000 steps 171997 | 119.7 g/min eta 0.5h
[96400/100000] loss 1.665 (pi 1.541 v 0.100 q 0.015 c 0.017) | plies 103 decisive 80% | buffer 200000 steps 172035 | 119.7 g/min eta 0.5h
[96425/100000] loss 1.662 (pi 1.539 v 0.100 q 0.015 c 0.017) | plies 105 decisive 78% | buffer 200000 steps 172083 | 119.7 g/min eta 0.5h
[96450/100000] loss 1.663 (pi 1.538 v 0.101 q 0.015 c 0.016) | plies 104 decisive 79% | buffer 200000 steps 172125 | 119.7 g/min eta 0.5h
[96475/100000] loss 1.664 (pi 1.540 v 0.101 q 0.015 c 0.016) | plies 103 decisive 80% | buffer 200000 steps 172170 | 119.7 g/min eta 0.5h
[96500/100000] loss 1.666 (pi 1.542 v 0.101 q 0.015 c 0.016) | plies 103 decisive 81% | buffer 200000 steps 172209 | 119.7 g/min eta 0.5h
[96525/100000] loss 1.669 (pi 1.545 v 0.101 q 0.015 c 0.016) | plies 105 decisive 79% | buffer 200000 steps 172251 | 119.7 g/min eta 0.5h
[96550/100000] loss 1.667 (pi 1.544 v 0.100 q 0.015 c 0.016) | plies 103 decisive 80% | buffer 200000 steps 172293 | 119.7 g/min eta 0.5h
[96575/100000] loss 1.664 (pi 1.541 v 0.101 q 0.015 c 0.016) | plies 103 decisive 80% | buffer 200000 steps 172336 | 119.7 g/min eta 0.5h
[96600/100000] loss 1.666 (pi 1.543 v 0.101 q 0.015 c 0.016) | plies 101 decisive 82% | buffer 200000 steps 172377 | 119.7 g/min eta 0.5h
[96625/100000] loss 1.671 (pi 1.547 v 0.101 q 0.015 c 0.016) | plies 100 decisive 82% | buffer 200000 steps 172423 | 119.7 g/min eta 0.5h
[96650/100000] loss 1.666 (pi 1.541 v 0.102 q 0.015 c 0.016) | plies 102 decisive 79% | buffer 200000 steps 172471 | 119.7 g/min eta 0.5h
[96675/100000] loss 1.663 (pi 1.539 v 0.101 q 0.015 c 0.016) | plies 103 decisive 78% | buffer 200000 steps 172513 | 119.7 g/min eta 0.5h
[96700/100000] loss 1.668 (pi 1.544 v 0.101 q 0.015 c 0.016) | plies 102 decisive 78% | buffer 200000 steps 172553 | 119.7 g/min eta 0.5h
[96725/100000] loss 1.670 (pi 1.545 v 0.102 q 0.015 c 0.017) | plies 102 decisive 80% | buffer 200000 steps 172598 | 119.7 g/min eta 0.5h
[96750/100000] loss 1.671 (pi 1.546 v 0.101 q 0.015 c 0.016) | plies 102 decisive 80% | buffer 200000 steps 172640 | 119.7 g/min eta 0.5h
[96775/100000] loss 1.677 (pi 1.552 v 0.101 q 0.015 c 0.016) | plies 101 decisive 82% | buffer 200000 steps 172680 | 119.7 g/min eta 0.4h
[96800/100000] loss 1.672 (pi 1.547 v 0.101 q 0.015 c 0.017) | plies 103 decisive 79% | buffer 200000 steps 172722 | 119.7 g/min eta 0.4h
[96825/100000] loss 1.668 (pi 1.542 v 0.102 q 0.015 c 0.017) | plies 103 decisive 80% | buffer 200000 steps 172770 | 119.7 g/min eta 0.4h
[96850/100000] loss 1.671 (pi 1.544 v 0.104 q 0.015 c 0.017) | plies 103 decisive 80% | buffer 200000 steps 172815 | 119.7 g/min eta 0.4h
[96875/100000] loss 1.669 (pi 1.541 v 0.104 q 0.015 c 0.017) | plies 100 decisive 80% | buffer 200000 steps 172857 | 119.7 g/min eta 0.4h
[96900/100000] loss 1.668 (pi 1.540 v 0.104 q 0.015 c 0.017) | plies 101 decisive 82% | buffer 200000 steps 172898 | 119.7 g/min eta 0.4h
[96925/100000] loss 1.663 (pi 1.535 v 0.104 q 0.015 c 0.017) | plies 101 decisive 80% | buffer 200000 steps 172944 | 119.7 g/min eta 0.4h
[96950/100000] loss 1.659 (pi 1.531 v 0.104 q 0.015 c 0.017) | plies 102 decisive 80% | buffer 200000 steps 172986 | 119.7 g/min eta 0.4h
[96975/100000] loss 1.663 (pi 1.535 v 0.104 q 0.015 c 0.017) | plies 105 decisive 76% | buffer 200000 steps 173034 | 119.7 g/min eta 0.4h
[97000/100000] loss 1.660 (pi 1.533 v 0.104 q 0.016 c 0.017) | plies 105 decisive 76% | buffer 200000 steps 173078 | 119.7 g/min eta 0.4h
  EVAL @97000: q-greedy 2-22-0 | policy-greedy 8-16-0 | search 8-0-0 (eval 28s)
[97025/100000] loss 1.670 (pi 1.541 v 0.105 q 0.015 c 0.017) | plies 104 decisive 77% | buffer 200000 steps 173124 | 119.7 g/min eta 0.4h
[97050/100000] loss 1.664 (pi 1.536 v 0.105 q 0.015 c 0.017) | plies 104 decisive 78% | buffer 200000 steps 173167 | 119.7 g/min eta 0.4h
[97075/100000] loss 1.667 (pi 1.539 v 0.105 q 0.015 c 0.017) | plies 106 decisive 76% | buffer 200000 steps 173211 | 119.7 g/min eta 0.4h
[97100/100000] loss 1.673 (pi 1.545 v 0.104 q 0.015 c 0.017) | plies 107 decisive 74% | buffer 200000 steps 173254 | 119.7 g/min eta 0.4h
[97125/100000] loss 1.673 (pi 1.546 v 0.104 q 0.015 c 0.016) | plies 107 decisive 74% | buffer 200000 steps 173297 | 119.7 g/min eta 0.4h
[97150/100000] loss 1.670 (pi 1.543 v 0.104 q 0.015 c 0.016) | plies 108 decisive 74% | buffer 200000 steps 173343 | 119.7 g/min eta 0.4h
[97175/100000] loss 1.667 (pi 1.541 v 0.103 q 0.015 c 0.016) | plies 106 decisive 76% | buffer 200000 steps 173388 | 119.7 g/min eta 0.4h
[97200/100000] loss 1.667 (pi 1.540 v 0.103 q 0.015 c 0.016) | plies 107 decisive 76% | buffer 200000 steps 173432 | 119.7 g/min eta 0.4h
[97225/100000] loss 1.671 (pi 1.545 v 0.103 q 0.015 c 0.017) | plies 108 decisive 75% | buffer 200000 steps 173478 | 119.7 g/min eta 0.4h
[97250/100000] loss 1.671 (pi 1.546 v 0.102 q 0.015 c 0.017) | plies 108 decisive 76% | buffer 200000 steps 173526 | 119.7 g/min eta 0.4h
[97275/100000] loss 1.667 (pi 1.541 v 0.102 q 0.015 c 0.017) | plies 106 decisive 78% | buffer 200000 steps 173564 | 119.7 g/min eta 0.4h
[97300/100000] loss 1.671 (pi 1.546 v 0.101 q 0.015 c 0.017) | plies 106 decisive 78% | buffer 200000 steps 173609 | 119.7 g/min eta 0.4h
[97325/100000] loss 1.672 (pi 1.548 v 0.101 q 0.015 c 0.017) | plies 104 decisive 78% | buffer 200000 steps 173650 | 119.7 g/min eta 0.4h
[97350/100000] loss 1.663 (pi 1.538 v 0.101 q 0.015 c 0.017) | plies 106 decisive 78% | buffer 200000 steps 173699 | 119.7 g/min eta 0.4h
[97375/100000] loss 1.662 (pi 1.538 v 0.101 q 0.015 c 0.017) | plies 104 decisive 80% | buffer 200000 steps 173742 | 119.7 g/min eta 0.4h
[97400/100000] loss 1.654 (pi 1.532 v 0.100 q 0.015 c 0.017) | plies 101 decisive 82% | buffer 200000 steps 173781 | 119.7 g/min eta 0.4h
[97425/100000] loss 1.660 (pi 1.537 v 0.100 q 0.015 c 0.017) | plies 100 decisive 82% | buffer 200000 steps 173825 | 119.7 g/min eta 0.4h
[97450/100000] loss 1.665 (pi 1.542 v 0.100 q 0.015 c 0.017) | plies 101 decisive 81% | buffer 200000 steps 173867 | 119.7 g/min eta 0.4h
[97475/100000] loss 1.666 (pi 1.542 v 0.100 q 0.015 c 0.016) | plies 103 decisive 81% | buffer 200000 steps 173914 | 119.7 g/min eta 0.4h
[97500/100000] loss 1.670 (pi 1.547 v 0.100 q 0.015 c 0.017) | plies 102 decisive 82% | buffer 200000 steps 173960 | 119.7 g/min eta 0.3h
[97525/100000] loss 1.673 (pi 1.550 v 0.100 q 0.015 c 0.017) | plies 102 decisive 83% | buffer 200000 steps 173999 | 119.7 g/min eta 0.3h
[97550/100000] loss 1.669 (pi 1.544 v 0.101 q 0.015 c 0.017) | plies 101 decisive 84% | buffer 200000 steps 174045 | 119.7 g/min eta 0.3h
[97575/100000] loss 1.662 (pi 1.538 v 0.101 q 0.015 c 0.017) | plies 101 decisive 83% | buffer 200000 steps 174087 | 119.8 g/min eta 0.3h
[97600/100000] loss 1.665 (pi 1.540 v 0.101 q 0.015 c 0.016) | plies 104 decisive 82% | buffer 200000 steps 174136 | 119.7 g/min eta 0.3h
[97625/100000] loss 1.667 (pi 1.541 v 0.102 q 0.015 c 0.017) | plies 104 decisive 82% | buffer 200000 steps 174180 | 119.8 g/min eta 0.3h
[97650/100000] loss 1.666 (pi 1.541 v 0.103 q 0.015 c 0.016) | plies 101 decisive 84% | buffer 200000 steps 174217 | 119.8 g/min eta 0.3h
[97675/100000] loss 1.670 (pi 1.543 v 0.103 q 0.015 c 0.017) | plies 102 decisive 83% | buffer 200000 steps 174264 | 119.8 g/min eta 0.3h
[97700/100000] loss 1.668 (pi 1.543 v 0.102 q 0.015 c 0.016) | plies 101 decisive 83% | buffer 200000 steps 174306 | 119.8 g/min eta 0.3h
[97725/100000] loss 1.674 (pi 1.548 v 0.102 q 0.015 c 0.017) | plies 102 decisive 82% | buffer 200000 steps 174351 | 119.7 g/min eta 0.3h
[97750/100000] loss 1.671 (pi 1.544 v 0.103 q 0.015 c 0.017) | plies 99 decisive 84% | buffer 200000 steps 174389 | 119.8 g/min eta 0.3h
[97775/100000] loss 1.679 (pi 1.552 v 0.103 q 0.016 c 0.017) | plies 99 decisive 83% | buffer 200000 steps 174431 | 119.8 g/min eta 0.3h
[97800/100000] loss 1.670 (pi 1.544 v 0.102 q 0.015 c 0.017) | plies 96 decisive 84% | buffer 200000 steps 174473 | 119.8 g/min eta 0.3h
[97825/100000] loss 1.674 (pi 1.547 v 0.103 q 0.016 c 0.017) | plies 95 decisive 85% | buffer 200000 steps 174516 | 119.8 g/min eta 0.3h
[97850/100000] loss 1.675 (pi 1.548 v 0.103 q 0.016 c 0.017) | plies 96 decisive 84% | buffer 200000 steps 174555 | 119.8 g/min eta 0.3h
[97875/100000] loss 1.676 (pi 1.549 v 0.103 q 0.016 c 0.017) | plies 95 decisive 82% | buffer 200000 steps 174600 | 119.8 g/min eta 0.3h
[97900/100000] loss 1.669 (pi 1.542 v 0.102 q 0.015 c 0.017) | plies 97 decisive 81% | buffer 200000 steps 174642 | 119.8 g/min eta 0.3h
[97925/100000] loss 1.665 (pi 1.538 v 0.103 q 0.016 c 0.017) | plies 100 decisive 78% | buffer 200000 steps 174689 | 119.8 g/min eta 0.3h
[97950/100000] loss 1.663 (pi 1.535 v 0.104 q 0.016 c 0.017) | plies 103 decisive 74% | buffer 200000 steps 174732 | 119.8 g/min eta 0.3h
[97975/100000] loss 1.667 (pi 1.540 v 0.103 q 0.016 c 0.017) | plies 103 decisive 74% | buffer 200000 steps 174772 | 119.8 g/min eta 0.3h
[98000/100000] loss 1.663 (pi 1.536 v 0.103 q 0.016 c 0.017) | plies 105 decisive 74% | buffer 200000 steps 174815 | 119.8 g/min eta 0.3h
  EVAL @98000: q-greedy 5-19-0 | policy-greedy 7-17-0 | search 8-0-0 (eval 27s)
[98025/100000] loss 1.659 (pi 1.532 v 0.102 q 0.016 c 0.017) | plies 106 decisive 75% | buffer 200000 steps 174857 | 119.7 g/min eta 0.3h
[98050/100000] loss 1.662 (pi 1.536 v 0.102 q 0.015 c 0.017) | plies 107 decisive 76% | buffer 200000 steps 174906 | 119.7 g/min eta 0.3h
[98075/100000] loss 1.658 (pi 1.532 v 0.102 q 0.015 c 0.017) | plies 106 decisive 78% | buffer 200000 steps 174947 | 119.8 g/min eta 0.3h
[98100/100000] loss 1.659 (pi 1.533 v 0.102 q 0.015 c 0.017) | plies 104 decisive 80% | buffer 200000 steps 174988 | 119.8 g/min eta 0.3h
[98125/100000] loss 1.656 (pi 1.530 v 0.102 q 0.016 c 0.017) | plies 103 decisive 82% | buffer 200000 steps 175033 | 119.8 g/min eta 0.3h
[98150/100000] loss 1.654 (pi 1.528 v 0.102 q 0.015 c 0.017) | plies 101 decisive 84% | buffer 200000 steps 175073 | 119.8 g/min eta 0.3h
[98175/100000] loss 1.655 (pi 1.529 v 0.102 q 0.015 c 0.017) | plies 102 decisive 84% | buffer 200000 steps 175115 | 119.8 g/min eta 0.3h
[98200/100000] loss 1.661 (pi 1.534 v 0.102 q 0.016 c 0.018) | plies 102 decisive 82% | buffer 200000 steps 175159 | 119.8 g/min eta 0.3h
[98225/100000] loss 1.662 (pi 1.535 v 0.103 q 0.016 c 0.018) | plies 102 decisive 82% | buffer 200000 steps 175202 | 119.8 g/min eta 0.2h
[98250/100000] loss 1.659 (pi 1.532 v 0.102 q 0.016 c 0.018) | plies 102 decisive 82% | buffer 200000 steps 175245 | 119.8 g/min eta 0.2h
[98275/100000] loss 1.652 (pi 1.526 v 0.102 q 0.016 c 0.018) | plies 102 decisive 81% | buffer 200000 steps 175286 | 119.8 g/min eta 0.2h
[98300/100000] loss 1.643 (pi 1.517 v 0.101 q 0.016 c 0.018) | plies 104 decisive 80% | buffer 200000 steps 175335 | 119.8 g/min eta 0.2h
[98325/100000] loss 1.650 (pi 1.523 v 0.102 q 0.016 c 0.018) | plies 104 decisive 80% | buffer 200000 steps 175381 | 119.8 g/min eta 0.2h
[98350/100000] loss 1.654 (pi 1.527 v 0.103 q 0.016 c 0.018) | plies 103 decisive 83% | buffer 200000 steps 175423 | 119.8 g/min eta 0.2h
[98375/100000] loss 1.652 (pi 1.524 v 0.103 q 0.016 c 0.018) | plies 100 decisive 84% | buffer 200000 steps 175456 | 119.8 g/min eta 0.2h
[98400/100000] loss 1.646 (pi 1.518 v 0.103 q 0.016 c 0.018) | plies 99 decisive 85% | buffer 200000 steps 175497 | 119.8 g/min eta 0.2h
[98425/100000] loss 1.652 (pi 1.524 v 0.103 q 0.016 c 0.018) | plies 100 decisive 85% | buffer 200000 steps 175542 | 119.8 g/min eta 0.2h
[98450/100000] loss 1.648 (pi 1.519 v 0.104 q 0.016 c 0.018) | plies 100 decisive 85% | buffer 200000 steps 175587 | 119.8 g/min eta 0.2h
[98475/100000] loss 1.648 (pi 1.520 v 0.103 q 0.016 c 0.018) | plies 100 decisive 84% | buffer 200000 steps 175632 | 119.8 g/min eta 0.2h
[98500/100000] loss 1.643 (pi 1.515 v 0.103 q 0.016 c 0.018) | plies 99 decisive 83% | buffer 200000 steps 175678 | 119.8 g/min eta 0.2h
[98525/100000] loss 1.650 (pi 1.521 v 0.104 q 0.016 c 0.018) | plies 101 decisive 80% | buffer 200000 steps 175717 | 119.8 g/min eta 0.2h
[98550/100000] loss 1.651 (pi 1.522 v 0.104 q 0.016 c 0.019) | plies 100 decisive 79% | buffer 200000 steps 175757 | 119.8 g/min eta 0.2h
[98575/100000] loss 1.648 (pi 1.520 v 0.103 q 0.016 c 0.018) | plies 103 decisive 77% | buffer 200000 steps 175800 | 119.8 g/min eta 0.2h
[98600/100000] loss 1.647 (pi 1.519 v 0.104 q 0.016 c 0.018) | plies 103 decisive 78% | buffer 200000 steps 175846 | 119.8 g/min eta 0.2h
[98625/100000] loss 1.643 (pi 1.514 v 0.104 q 0.016 c 0.017) | plies 103 decisive 78% | buffer 200000 steps 175889 | 119.8 g/min eta 0.2h
[98650/100000] loss 1.647 (pi 1.520 v 0.103 q 0.016 c 0.017) | plies 101 decisive 78% | buffer 200000 steps 175925 | 119.8 g/min eta 0.2h
[98675/100000] loss 1.648 (pi 1.520 v 0.104 q 0.016 c 0.017) | plies 100 decisive 79% | buffer 200000 steps 175964 | 119.8 g/min eta 0.2h
[98700/100000] loss 1.648 (pi 1.521 v 0.104 q 0.016 c 0.017) | plies 101 decisive 78% | buffer 200000 steps 176009 | 119.8 g/min eta 0.2h
[98725/100000] loss 1.650 (pi 1.522 v 0.103 q 0.016 c 0.017) | plies 100 decisive 80% | buffer 200000 steps 176049 | 119.8 g/min eta 0.2h
[98750/100000] loss 1.648 (pi 1.519 v 0.104 q 0.016 c 0.017) | plies 101 decisive 80% | buffer 200000 steps 176095 | 119.8 g/min eta 0.2h
[98775/100000] loss 1.636 (pi 1.507 v 0.104 q 0.016 c 0.017) | plies 101 decisive 81% | buffer 200000 steps 176142 | 119.8 g/min eta 0.2h
[98800/100000] loss 1.639 (pi 1.509 v 0.106 q 0.016 c 0.017) | plies 102 decisive 80% | buffer 200000 steps 176185 | 119.8 g/min eta 0.2h
[98825/100000] loss 1.645 (pi 1.514 v 0.106 q 0.016 c 0.017) | plies 100 decisive 82% | buffer 200000 steps 176226 | 119.8 g/min eta 0.2h
[98850/100000] loss 1.651 (pi 1.520 v 0.105 q 0.016 c 0.018) | plies 103 decisive 82% | buffer 200000 steps 176274 | 119.8 g/min eta 0.2h
[98875/100000] loss 1.652 (pi 1.522 v 0.105 q 0.016 c 0.018) | plies 105 decisive 80% | buffer 200000 steps 176325 | 119.8 g/min eta 0.2h
[98900/100000] loss 1.654 (pi 1.523 v 0.106 q 0.016 c 0.017) | plies 106 decisive 82% | buffer 200000 steps 176372 | 119.8 g/min eta 0.2h
[98925/100000] loss 1.657 (pi 1.526 v 0.107 q 0.016 c 0.017) | plies 106 decisive 82% | buffer 200000 steps 176413 | 119.8 g/min eta 0.1h
[98950/100000] loss 1.651 (pi 1.520 v 0.107 q 0.016 c 0.018) | plies 106 decisive 82% | buffer 200000 steps 176457 | 119.8 g/min eta 0.1h
[98975/100000] loss 1.648 (pi 1.516 v 0.107 q 0.016 c 0.018) | plies 106 decisive 81% | buffer 200000 steps 176501 | 119.8 g/min eta 0.1h
[99000/100000] loss 1.649 (pi 1.517 v 0.106 q 0.016 c 0.018) | plies 104 decisive 80% | buffer 200000 steps 176543 | 119.8 g/min eta 0.1h
  EVAL @99000: q-greedy 5-19-0 | policy-greedy 11-13-0 | search 8-0-0 (eval 25s)
[99025/100000] loss 1.651 (pi 1.518 v 0.108 q 0.016 c 0.018) | plies 104 decisive 82% | buffer 200000 steps 176585 | 119.8 g/min eta 0.1h
[99050/100000] loss 1.653 (pi 1.521 v 0.107 q 0.016 c 0.018) | plies 102 decisive 82% | buffer 200000 steps 176626 | 119.8 g/min eta 0.1h
[99075/100000] loss 1.652 (pi 1.518 v 0.109 q 0.016 c 0.017) | plies 102 decisive 82% | buffer 200000 steps 176669 | 119.8 g/min eta 0.1h
[99100/100000] loss 1.651 (pi 1.519 v 0.108 q 0.016 c 0.017) | plies 99 decisive 81% | buffer 200000 steps 176707 | 119.8 g/min eta 0.1h
[99125/100000] loss 1.653 (pi 1.521 v 0.108 q 0.016 c 0.017) | plies 98 decisive 80% | buffer 200000 steps 176748 | 119.8 g/min eta 0.1h
[99150/100000] loss 1.650 (pi 1.517 v 0.108 q 0.016 c 0.017) | plies 95 decisive 83% | buffer 200000 steps 176785 | 119.8 g/min eta 0.1h
[99175/100000] loss 1.653 (pi 1.521 v 0.107 q 0.016 c 0.018) | plies 96 decisive 82% | buffer 200000 steps 176826 | 119.8 g/min eta 0.1h
[99200/100000] loss 1.651 (pi 1.518 v 0.108 q 0.016 c 0.017) | plies 96 decisive 84% | buffer 200000 steps 176868 | 119.8 g/min eta 0.1h
[99225/100000] loss 1.653 (pi 1.521 v 0.107 q 0.016 c 0.017) | plies 97 decisive 81% | buffer 200000 steps 176911 | 119.8 g/min eta 0.1h
[99250/100000] loss 1.653 (pi 1.521 v 0.108 q 0.016 c 0.017) | plies 100 decisive 78% | buffer 200000 steps 176953 | 119.8 g/min eta 0.1h
[99275/100000] loss 1.655 (pi 1.522 v 0.108 q 0.016 c 0.017) | plies 99 decisive 80% | buffer 200000 steps 177000 | 119.8 g/min eta 0.1h
[99300/100000] loss 1.650 (pi 1.517 v 0.107 q 0.016 c 0.018) | plies 100 decisive 81% | buffer 200000 steps 177045 | 119.8 g/min eta 0.1h
[99325/100000] loss 1.647 (pi 1.515 v 0.107 q 0.016 c 0.018) | plies 101 decisive 82% | buffer 200000 steps 177090 | 119.8 g/min eta 0.1h
[99350/100000] loss 1.648 (pi 1.515 v 0.108 q 0.016 c 0.017) | plies 103 decisive 79% | buffer 200000 steps 177133 | 119.8 g/min eta 0.1h
[99375/100000] loss 1.647 (pi 1.514 v 0.108 q 0.016 c 0.017) | plies 102 decisive 80% | buffer 200000 steps 177176 | 119.8 g/min eta 0.1h
[99400/100000] loss 1.651 (pi 1.518 v 0.109 q 0.016 c 0.017) | plies 103 decisive 78% | buffer 200000 steps 177220 | 119.8 g/min eta 0.1h
[99425/100000] loss 1.654 (pi 1.521 v 0.108 q 0.016 c 0.017) | plies 102 decisive 81% | buffer 200000 steps 177260 | 119.9 g/min eta 0.1h
[99450/100000] loss 1.656 (pi 1.524 v 0.107 q 0.016 c 0.017) | plies 100 decisive 82% | buffer 200000 steps 177302 | 119.8 g/min eta 0.1h
[99475/100000] loss 1.662 (pi 1.530 v 0.107 q 0.016 c 0.017) | plies 99 decisive 83% | buffer 200000 steps 177342 | 119.8 g/min eta 0.1h
[99500/100000] loss 1.657 (pi 1.526 v 0.107 q 0.016 c 0.017) | plies 100 decisive 82% | buffer 200000 steps 177386 | 119.8 g/min eta 0.1h
[99525/100000] loss 1.655 (pi 1.524 v 0.107 q 0.016 c 0.017) | plies 100 decisive 81% | buffer 200000 steps 177428 | 119.8 g/min eta 0.1h
[99550/100000] loss 1.658 (pi 1.527 v 0.107 q 0.016 c 0.017) | plies 101 decisive 81% | buffer 200000 steps 177472 | 119.8 g/min eta 0.1h
[99575/100000] loss 1.656 (pi 1.525 v 0.107 q 0.016 c 0.017) | plies 101 decisive 80% | buffer 200000 steps 177514 | 119.8 g/min eta 0.1h
[99600/100000] loss 1.665 (pi 1.535 v 0.106 q 0.016 c 0.017) | plies 102 decisive 80% | buffer 200000 steps 177558 | 119.8 g/min eta 0.1h
[99625/100000] loss 1.654 (pi 1.524 v 0.107 q 0.015 c 0.016) | plies 101 decisive 80% | buffer 200000 steps 177599 | 119.8 g/min eta 0.1h
[99650/100000] loss 1.655 (pi 1.524 v 0.107 q 0.016 c 0.017) | plies 102 decisive 80% | buffer 200000 steps 177644 | 119.9 g/min eta 0.0h
[99675/100000] loss 1.648 (pi 1.517 v 0.107 q 0.016 c 0.017) | plies 104 decisive 80% | buffer 200000 steps 177688 | 119.9 g/min eta 0.0h
[99700/100000] loss 1.642 (pi 1.512 v 0.106 q 0.016 c 0.017) | plies 103 decisive 82% | buffer 200000 steps 177730 | 119.9 g/min eta 0.0h
[99725/100000] loss 1.648 (pi 1.517 v 0.107 q 0.016 c 0.016) | plies 103 decisive 83% | buffer 200000 steps 177774 | 119.9 g/min eta 0.0h
[99750/100000] loss 1.649 (pi 1.519 v 0.107 q 0.016 c 0.016) | plies 103 decisive 82% | buffer 200000 steps 177818 | 119.9 g/min eta 0.0h
[99775/100000] loss 1.656 (pi 1.524 v 0.108 q 0.016 c 0.016) | plies 103 decisive 82% | buffer 200000 steps 177859 | 119.9 g/min eta 0.0h
[99800/100000] loss 1.661 (pi 1.530 v 0.107 q 0.016 c 0.016) | plies 102 decisive 83% | buffer 200000 steps 177902 | 119.9 g/min eta 0.0h
[99825/100000] loss 1.668 (pi 1.537 v 0.108 q 0.016 c 0.016) | plies 102 decisive 83% | buffer 200000 steps 177940 | 119.9 g/min eta 0.0h
[99850/100000] loss 1.663 (pi 1.531 v 0.108 q 0.016 c 0.016) | plies 101 decisive 84% | buffer 200000 steps 177983 | 119.8 g/min eta 0.0h
[99875/100000] loss 1.655 (pi 1.523 v 0.108 q 0.016 c 0.017) | plies 101 decisive 82% | buffer 200000 steps 178026 | 119.8 g/min eta 0.0h
[99900/100000] loss 1.656 (pi 1.526 v 0.106 q 0.016 c 0.016) | plies 99 decisive 82% | buffer 200000 steps 178064 | 119.9 g/min eta 0.0h
[99925/100000] loss 1.654 (pi 1.522 v 0.107 q 0.016 c 0.016) | plies 100 decisive 81% | buffer 200000 steps 178112 | 119.9 g/min eta 0.0h
[99950/100000] loss 1.662 (pi 1.531 v 0.107 q 0.016 c 0.016) | plies 99 decisive 82% | buffer 200000 steps 178157 | 119.9 g/min eta 0.0h
[99975/100000] loss 1.662 (pi 1.530 v 0.108 q 0.016 c 0.016) | plies 100 decisive 81% | buffer 200000 steps 178203 | 119.9 g/min eta 0.0h
[100000/100000] loss 1.665 (pi 1.534 v 0.107 q 0.016 c 0.016) | plies 102 decisive 79% | buffer 200000 steps 178251 | 119.9 g/min eta 0.0h
  EVAL @100000: q-greedy 7-17-0 | policy-greedy 10-14-0 | search 8-0-0 (eval 27s)
done: 100000 games, 178251 steps in 13.93h
